"","CCHE_002","CCHE_201","CCHE_214","CCHE_038","CCHE_252","CCHE_258","CCHE_261","CCHE_273","CCHE_246","CCHE_296","CCHE_120","CCHE_202","CCHE_299","CCHE_071","CCHE_115","CCHE_107","CCHE_108","CCHE_149","CCHE_152","CCHE_193","CCHE_082","CCHE_122","CCHE_209","CCHE_170","CCHE_300","CCHE_098","CCHE_219","CCHE_183","CCHE_164","CCHE_180","CCHE_284","CCHE_292","CCHE_306"
"A0A023QZ25",NA,0.0209526391862618,NA,NA,NA,NA,NA,NA,NA,NA,NA,NA,NA,NA,NA,NA,NA,NA,0.0295791838925289,NA,NA,NA,NA,0.0200175400533457,NA,NA,NA,NA,NA,NA,NA,NA,NA
"A0A024QZ42",NA,NA,0.00634794112398432,NA,NA,NA,NA,NA,NA,NA,NA,NA,NA,NA,NA,NA,NA,NA,NA,NA,NA,NA,NA,NA,NA,NA,NA,NA,NA,NA,NA,NA,NA
"A0A024QZP1",NA,NA,NA,NA,NA,NA,NA,NA,NA,NA,NA,NA,NA,NA,NA,NA,NA,NA,NA,0.00400806832965714,NA,NA,NA,NA,NA,NA,NA,NA,NA,NA,NA,NA,NA
"A0A024QZP7",NA,NA,NA,NA,NA,NA,NA,NA,NA,NA,NA,NA,NA,NA,NA,NA,NA,NA,NA,NA,NA,NA,0.00257520296122542,NA,NA,NA,NA,NA,NA,NA,NA,NA,NA
"A0A024QZX5",NA,NA,NA,NA,0.00248470143803402,NA,NA,NA,NA,NA,NA,NA,NA,0.001096491,NA,NA,NA,NA,0.00276331855877942,NA,NA,NA,NA,NA,NA,NA,NA,NA,NA,NA,NA,NA,NA
"A0A024R0E4",NA,NA,NA,NA,NA,NA,0.012848429648676,NA,NA,NA,NA,NA,NA,NA,NA,NA,NA,NA,NA,NA,NA,NA,NA,NA,NA,NA,NA,NA,NA,NA,NA,NA,NA
"A0A024R210",NA,NA,NA,NA,NA,NA,0.152182510095112,NA,NA,NA,NA,NA,NA,NA,NA,NA,NA,NA,NA,NA,NA,NA,NA,NA,NA,NA,NA,NA,NA,NA,NA,NA,NA
"A0A024R215",NA,NA,NA,NA,NA,NA,NA,NA,NA,NA,NA,NA,NA,NA,NA,NA,NA,NA,NA,NA,NA,NA,NA,NA,NA,NA,NA,0.00833060032952098,NA,NA,NA,NA,NA
"A0A024R280",NA,NA,NA,NA,NA,NA,NA,0.00316360990328149,NA,NA,NA,NA,NA,NA,NA,NA,NA,NA,NA,NA,NA,NA,NA,NA,NA,NA,NA,NA,NA,NA,NA,NA,NA
"A0A024R2F9",NA,NA,NA,NA,NA,NA,NA,0.00254502704273994,NA,NA,NA,NA,NA,NA,NA,NA,NA,NA,NA,NA,NA,NA,NA,NA,NA,NA,NA,NA,NA,NA,NA,NA,NA
"A0A024R2T6",NA,NA,NA,0.00045204066382341,NA,NA,NA,NA,NA,NA,NA,NA,NA,NA,NA,NA,NA,NA,NA,NA,NA,NA,NA,NA,NA,NA,NA,NA,NA,NA,NA,NA,NA
"A0A024R326",NA,0.0221092603671476,0.0195694491483951,0.00485872212006664,0.0190441015772781,0.0177858877940825,NA,0.0314345976198897,0.0112123086638713,NA,0.0199857221961865,0.0299261928436886,0.0230440805825689,0.047770701,0.0206125516916161,0.0189501458647419,0.00161335504023271,NA,0.0200648602038372,0.0105690474662398,NA,0.0167713374591414,0.021651384388269,NA,NA,NA,0.0246970277716893,0.0188632371027959,NA,NA,0.0122308325157786,0.0132598033739238,0.0118211580165341
"A0A024R382",NA,NA,NA,NA,NA,NA,NA,NA,NA,NA,NA,NA,NA,NA,NA,NA,NA,NA,NA,NA,NA,NA,NA,NA,NA,NA,NA,NA,NA,NA,NA,NA,0.00127818257933988
"A0A024R3B9",NA,0.0130091744189147,0.0294942917109561,NA,NA,0.00800286500690314,0.0243882226906087,NA,NA,NA,NA,NA,NA,NA,NA,NA,NA,NA,NA,NA,NA,NA,NA,NA,NA,NA,NA,NA,NA,NA,NA,NA,NA
"A0A024R3G0",NA,NA,NA,NA,NA,NA,NA,NA,NA,NA,NA,NA,NA,NA,NA,NA,NA,NA,NA,NA,NA,NA,NA,NA,NA,NA,NA,0.0036160299598127,NA,NA,NA,NA,NA
"A0A024R442",NA,NA,NA,NA,0.00231986818661057,NA,NA,NA,NA,NA,NA,0.002664001954046,0.00380967451762558,0.002457002,NA,NA,NA,NA,NA,NA,NA,NA,NA,NA,NA,NA,NA,NA,NA,NA,NA,NA,NA
"A0A024R462",NA,NA,NA,NA,NA,NA,NA,NA,NA,NA,NA,NA,NA,NA,NA,NA,NA,NA,NA,NA,NA,NA,NA,NA,NA,NA,NA,NA,0.00376462722232267,NA,NA,NA,NA
"A0A024R4D5",NA,NA,NA,NA,0.0031323727959258,NA,NA,NA,NA,NA,NA,NA,NA,NA,NA,NA,NA,NA,NA,NA,NA,NA,NA,NA,NA,NA,NA,NA,NA,NA,NA,NA,NA
"A0A024R4E5",NA,0.00168380018792095,0.00145725329682426,0.000755480043464212,0.00236002066288198,0.00143919887661498,NA,0.00167580061657001,0.00168113239677929,NA,0.000694860137961795,0.00161072669817532,0.00197436852412361,0.001565742,0.00137358724248132,NA,0.000860090193488891,0.00100551935203156,0.00178278626857328,0.000391280227434524,NA,NA,0.000432843658233931,0.000603244731212879,NA,NA,NA,0.00125701573604007,NA,NA,NA,NA,0.00196935660069322
"A0A024R4K5",NA,NA,NA,NA,NA,NA,NA,NA,NA,NA,NA,NA,NA,NA,NA,NA,NA,NA,NA,NA,NA,NA,NA,NA,NA,NA,NA,NA,NA,NA,NA,0.0407306561777446,NA
"A0A024R4M0",NA,0.0199374080180518,0.0200436080687149,0.0157282351838044,0.0313821117331902,0.0213428875976903,NA,0.0159525253189526,0.00264654796962589,NA,NA,NA,0.0180654983031822,0.016089838,0.0182567478201615,0.0100585745214768,0.000870435843563476,NA,0.0141687423114266,0.023311140668207,NA,NA,0.0210827162077375,0.00854700832458281,0.0101419954555163,NA,0.0121055397416908,0.00551258081436613,NA,NA,0.00247453729036902,0.00845354187264168,0.0222357175889952
"A0A024R4X0",NA,NA,NA,NA,NA,NA,NA,NA,NA,NA,NA,NA,NA,NA,NA,NA,NA,NA,NA,NA,NA,NA,NA,0.00280878532245049,NA,NA,NA,NA,NA,NA,NA,NA,NA
"A0A024R5X3",NA,NA,NA,NA,NA,NA,NA,NA,NA,NA,NA,NA,NA,0.000938086,NA,NA,NA,NA,NA,NA,NA,NA,NA,NA,NA,NA,NA,NA,NA,NA,NA,NA,NA
"A0A024R611",NA,NA,NA,NA,NA,NA,NA,NA,NA,NA,NA,NA,NA,0.003076923,NA,NA,NA,NA,NA,NA,NA,NA,NA,NA,NA,NA,NA,NA,NA,NA,NA,NA,NA
"A0A024R694",NA,NA,NA,NA,NA,NA,NA,NA,NA,NA,NA,NA,NA,NA,NA,NA,NA,NA,NA,0.0017625481331462,NA,NA,NA,NA,NA,NA,NA,NA,NA,NA,NA,NA,NA
"A0A024R6I7",0.00230883432272045,NA,0.00467420524838076,0.00606469786383052,0.00925426863127534,0.0048875198796354,0.00596924167925143,0.00699041291036791,0.0121267740561423,NA,NA,NA,0.00748344546615171,0.003616619,NA,0.00297467694328859,0.0114808701213797,0.00251664829286091,0.00391665834285134,0.00818266696309047,NA,0.007326007,0.00481482583853315,0.0033924386607526,0.00872297878248291,0.00141528781713682,0.00380223385643018,NA,NA,0.00395355342649088,0.00498646070568553,0.00475725202196305,NA
"A0A024R7P5",NA,0.0159225415893721,0.030010354119259,NA,NA,NA,NA,NA,0.00516010370723449,NA,0.00308497090550136,NA,NA,0.036850921,0.0159007832188976,NA,NA,NA,NA,0.0263035045689906,NA,NA,0.0300195027155976,NA,NA,NA,NA,0.017527749752328,NA,NA,NA,NA,NA
"A0A024R7T3",NA,NA,NA,NA,NA,NA,NA,0.0141869848776209,NA,NA,NA,NA,NA,NA,NA,NA,NA,NA,NA,NA,NA,NA,NA,NA,NA,NA,0.00619233420850986,NA,NA,NA,NA,NA,NA
"A0A024R890",NA,NA,NA,NA,NA,NA,NA,NA,NA,NA,NA,NA,NA,NA,NA,NA,NA,NA,0.0105006103133496,NA,NA,NA,NA,NA,NA,NA,NA,NA,NA,NA,NA,NA,NA
"A0A024R8A7",NA,NA,NA,NA,NA,NA,NA,NA,NA,NA,NA,0.00332591753446143,NA,NA,NA,NA,NA,NA,NA,NA,NA,NA,NA,NA,NA,NA,NA,NA,NA,NA,NA,NA,NA
"A0A024R8S5",NA,NA,NA,NA,NA,NA,NA,NA,NA,NA,NA,NA,NA,NA,NA,NA,NA,NA,NA,NA,NA,NA,NA,NA,NA,NA,NA,NA,NA,NA,0.00253196304653211,NA,NA
"A0A024RA52",NA,NA,0.00544752410307137,NA,0.00502226882393316,NA,NA,0.00726957178957446,NA,NA,NA,0.00576728196796821,0.00824753892447088,0.007978723,NA,NA,NA,NA,0.00558543108476432,NA,NA,NA,NA,NA,NA,NA,NA,NA,NA,NA,NA,0.00442933859333172,NA
"A0A024RAB6",NA,0.0022200438652178,0.00436887285526348,0.00292253294498924,0.00319529716286912,0.00257554133276453,NA,0.00336801414360419,0.00127801451877626,NA,NA,NA,NA,0.001789298,NA,0.00150548405129628,NA,NA,0.00146703501657292,0.00284392704553948,NA,NA,NA,NA,NA,NA,NA,0.00127454206031012,NA,NA,NA,0.0011325474044701,NA
"A0A024RB53",NA,NA,NA,NA,NA,NA,NA,NA,NA,NA,NA,NA,NA,NA,0.00653771843711306,NA,NA,NA,0.00127280102736276,0.00362037891500905,NA,NA,NA,NA,NA,NA,NA,NA,NA,NA,NA,NA,NA
"A0A024RBG6",NA,0.00818668355673174,NA,NA,NA,NA,NA,NA,NA,NA,NA,NA,NA,NA,NA,NA,NA,NA,NA,NA,NA,NA,NA,NA,NA,NA,NA,NA,NA,NA,NA,NA,NA
"A0A024RCN6",NA,0.00211237065723414,0.00267212979768861,NA,NA,0.00166390363989352,NA,0.00223710046979543,NA,NA,0.000871720843429828,0.00207430819931855,0.002181372502379,0.003843374,0.00229760026343373,0.00111827614611357,NA,NA,0.00251612054120977,0.00111264088692955,NA,0.00120178028943754,NA,NA,NA,NA,0.00158820089479953,0.00210261102967785,NA,NA,NA,NA,0.00395297503196839
"A0A024RCR6",NA,NA,NA,NA,NA,0.00319769174355349,NA,NA,NA,NA,NA,0.00217284366391392,0.00414305246214239,0.001920508,NA,NA,NA,NA,NA,NA,NA,NA,NA,NA,NA,NA,NA,NA,NA,NA,NA,NA,NA
"A0A024RCW3",NA,NA,NA,NA,NA,NA,NA,NA,NA,NA,NA,0.00407612351069988,NA,NA,NA,NA,NA,NA,NA,NA,NA,NA,NA,NA,NA,NA,NA,NA,NA,NA,NA,NA,NA
"A0A024RDE6",NA,NA,NA,NA,NA,NA,NA,NA,NA,NA,NA,NA,NA,NA,NA,0.030999507994184,NA,NA,0.0158724820856831,0.0160690465159935,NA,NA,NA,0.0297370748148242,0.0385306467219108,NA,NA,NA,NA,NA,NA,NA,NA
"A0A024RDQ0",NA,NA,NA,NA,NA,NA,NA,NA,NA,NA,NA,NA,NA,NA,NA,NA,NA,NA,NA,NA,NA,NA,NA,0.00126332885253672,NA,NA,NA,NA,NA,NA,NA,NA,NA
"A0A059QFL0",NA,NA,NA,NA,NA,NA,NA,NA,NA,NA,NA,NA,NA,NA,NA,NA,NA,NA,NA,NA,NA,NA,NA,NA,NA,NA,NA,NA,0.00307511415872012,NA,NA,NA,NA
"A0A059QPR4",NA,NA,NA,NA,NA,NA,NA,NA,NA,NA,NA,NA,NA,NA,NA,NA,NA,NA,NA,NA,NA,NA,NA,NA,NA,NA,0.00710152642356162,NA,NA,NA,NA,NA,NA
"A0A059RMK0",NA,NA,NA,NA,NA,NA,NA,NA,NA,NA,NA,NA,NA,NA,NA,NA,NA,NA,NA,NA,NA,NA,NA,NA,NA,NA,NA,0.00564100650038555,NA,NA,NA,NA,NA
"A0A060VD08",NA,NA,NA,NA,NA,NA,NA,NA,NA,NA,NA,0.00118886926693338,NA,NA,NA,NA,NA,NA,NA,NA,NA,NA,NA,NA,NA,NA,NA,NA,NA,NA,NA,NA,NA
"A0A068ESS8",NA,NA,NA,NA,NA,NA,NA,0.000364447884182692,NA,NA,NA,NA,NA,NA,NA,NA,NA,NA,NA,NA,NA,NA,NA,NA,NA,NA,NA,NA,NA,NA,NA,NA,NA
"A0A068LKR4",NA,NA,NA,NA,NA,NA,NA,NA,NA,NA,NA,0.0139916564853932,NA,NA,NA,NA,NA,NA,NA,NA,NA,NA,NA,NA,NA,NA,NA,NA,NA,NA,NA,NA,NA
"A0A068LL60",NA,NA,NA,NA,NA,NA,NA,NA,0.0146694368898456,NA,NA,NA,0.00574273155705214,0.008333333,NA,0.0065628814458435,NA,NA,NA,NA,NA,NA,NA,NA,NA,NA,NA,NA,NA,NA,NA,NA,NA
"A0A068LN07",NA,NA,NA,NA,NA,NA,0.00900488275911474,0.0155746958195824,NA,NA,NA,NA,NA,NA,0.00921985991524136,NA,NA,NA,NA,NA,NA,NA,NA,NA,NA,NA,NA,0.0210935057954965,NA,NA,NA,NA,0.00793128989136218
"A0A068LN13",NA,NA,NA,NA,NA,NA,NA,NA,NA,NA,NA,NA,NA,NA,NA,NA,NA,NA,0.017797645079434,NA,NA,NA,NA,NA,NA,NA,NA,0.0209147479494437,NA,NA,NA,0.0105853680369518,0.00851941478627306
"A0A075B6E2",NA,NA,0.0156264657052978,NA,NA,0.0220057118787378,NA,NA,0.00778237757334675,NA,0.0144110153306705,0.0229066694234123,NA,0.042253521,0.0202577196022923,0.0110921936971831,0.0107026768274284,NA,NA,NA,NA,NA,0.0179538766258474,0.0200175400533457,NA,NA,NA,NA,NA,NA,0.0101421157335287,0.0234567786776234,0.0212385410476965
"A0A075B6E5",NA,NA,NA,NA,NA,NA,NA,NA,NA,NA,NA,0.0101807413636005,NA,NA,NA,NA,NA,NA,NA,NA,NA,NA,NA,NA,NA,NA,NA,NA,NA,NA,NA,NA,NA
"A0A075B6F3",NA,NA,NA,NA,NA,NA,NA,NA,NA,NA,NA,NA,NA,8.19e-05,NA,NA,NA,NA,NA,NA,NA,NA,NA,NA,NA,NA,NA,NA,NA,NA,NA,NA,NA
"A0A075B6H7",NA,0.0183658937056624,0.0252872720509548,0.0251133953006936,0.0349698713564818,0.0295490405778283,NA,0.0149978549974557,0.0217324986396851,0.0131318267248693,0.0202110039702674,0.013385790072627,0.025523249297293,0.024691358,0.00665878789635046,0.0129637164232704,NA,NA,0.0064818587366657,0.0409713696954283,NA,NA,0.0377696362928449,0.0233949845760313,0.0364360589499857,NA,NA,0.0365620773044997,NA,NA,NA,NA,NA
"A0A075B6K2",NA,NA,NA,NA,NA,NA,NA,NA,0.0112841821552531,NA,NA,NA,NA,NA,NA,NA,NA,NA,NA,NA,NA,NA,NA,NA,NA,NA,NA,NA,NA,NA,NA,NA,NA
"A0A075B6Q0",NA,0.00384402417171927,0.00396951364781423,NA,NA,NA,NA,NA,NA,NA,NA,NA,NA,0.007751938,NA,NA,NA,NA,NA,NA,NA,NA,0.00395263636808587,NA,NA,NA,NA,NA,NA,0.0144248505595025,NA,NA,NA
"A0A075B6R9",NA,NA,NA,NA,NA,NA,NA,NA,0.0225683643105061,NA,NA,NA,NA,NA,NA,NA,NA,NA,NA,NA,NA,NA,NA,NA,NA,NA,NA,NA,NA,NA,NA,NA,NA
"A0A075B6S9",NA,NA,NA,NA,NA,NA,NA,NA,0.0136225610554127,NA,NA,NA,NA,NA,NA,NA,NA,NA,NA,NA,NA,NA,NA,NA,NA,NA,NA,NA,NA,NA,NA,NA,NA
"A0A075B716",NA,NA,NA,NA,NA,NA,NA,NA,NA,NA,NA,NA,NA,NA,NA,NA,NA,NA,NA,NA,NA,NA,0.00675351158444944,NA,NA,NA,NA,NA,NA,NA,NA,NA,NA
"A0A075B724",0.00958845048206205,0.0136123677275776,0.0271094429113514,0.0478631774525228,0.0111080769060125,0.0140792489007782,0.0371848672063363,0.0250923343157874,NA,0.00834257200947886,0.0112349402930315,0.0355419987212866,0.016822824241635,0.035294118,0.0317271636381802,0.0164715461043038,0.0268196494678791,0.0627089501980324,0.0308841482892815,NA,NA,0.0199142014067544,0.0219952583443982,NA,0.00868035482403488,NA,0.018422194605864,0.0145172950664183,0.020838422194076,NA,NA,NA,0.0215311178298021
"A0A075B730",NA,NA,NA,NA,NA,NA,NA,NA,NA,NA,NA,7.55721550886024e-05,NA,NA,NA,NA,NA,NA,NA,NA,NA,NA,NA,NA,NA,NA,NA,NA,NA,NA,NA,NA,3.10866890815995e-05
"A0A075B736",0.00644176758437801,0.00217904656332748,NA,0.0012050461212091,NA,0.00422874934282172,NA,0.00160975172651958,0.00217708932494777,0.00150343221981379,0.00260314873561397,0.00574690242382122,0.00243508073439598,0.005104044,0.0037873099389388,0.00266689565451606,0.00559400778938888,0.00418552097222606,0.00572954671100989,0.00461742240090829,NA,0.000897194573387232,0.00317805417342162,0.00223203070890456,0.00325896743956207,0.00117690536788697,NA,0.00591757474043418,0.00423313235841359,NA,NA,NA,0.00321070098949097
"A0A075B780",NA,NA,0.00137652486922265,NA,NA,NA,NA,NA,NA,NA,NA,NA,NA,NA,NA,NA,NA,NA,NA,NA,NA,NA,NA,NA,NA,NA,NA,NA,NA,NA,NA,NA,NA
"A0A075B7A0",NA,NA,0.0166978455980202,NA,0.0188153110188501,0.0104064010492527,NA,NA,NA,NA,NA,NA,0.020973452629496,0.037439614,0.0234505115507917,0.0228274132681248,NA,NA,NA,0.0240484121903968,NA,NA,0.0246323711406275,NA,NA,0.00241350951475469,NA,0.0309982827818534,NA,NA,NA,NA,NA
"A0A075B7B1",NA,NA,NA,NA,NA,NA,NA,NA,NA,NA,NA,NA,NA,0.001267963,NA,NA,NA,NA,NA,NA,NA,0.000476952951841458,NA,NA,NA,NA,NA,NA,NA,NA,NA,NA,NA
"A0A075B7B2",NA,NA,NA,NA,NA,NA,NA,NA,NA,NA,NA,NA,NA,0.003571429,NA,NA,NA,NA,NA,NA,NA,NA,NA,NA,NA,NA,NA,NA,NA,NA,NA,NA,NA
"A0A075B7B8",NA,NA,0.00291776231728471,NA,NA,NA,NA,NA,NA,NA,NA,NA,NA,NA,NA,NA,NA,NA,NA,NA,NA,NA,NA,NA,NA,NA,NA,NA,NA,NA,NA,NA,NA
"A0A075B7C0",NA,NA,NA,0.00516290601142527,NA,NA,NA,0.0092499460585545,0.00446784859341671,NA,NA,NA,0.00262358266674639,0.003807107,NA,NA,NA,NA,NA,NA,NA,NA,NA,NA,NA,NA,NA,NA,NA,NA,NA,NA,NA
"A0A075B7C1",NA,NA,NA,NA,0.0304576303784514,NA,NA,NA,NA,NA,NA,NA,0.00666897814889956,0.006451613,0.00695950689736609,NA,NA,NA,NA,NA,NA,0.0182011513501477,NA,NA,NA,NA,NA,NA,NA,NA,NA,NA,NA
"A0A075B7D0",NA,NA,NA,NA,NA,NA,NA,NA,NA,NA,NA,NA,NA,NA,NA,NA,NA,NA,NA,NA,NA,NA,NA,NA,NA,NA,NA,0.00843740291050427,NA,NA,NA,NA,NA
"A0A075B7D4",NA,NA,NA,NA,NA,NA,NA,NA,0.0488981223793746,NA,NA,NA,NA,NA,NA,NA,NA,NA,0.0350020340278117,NA,NA,NA,NA,NA,NA,NA,NA,0.0109686230926323,NA,NA,NA,NA,NA
"A0A075B7D8",NA,NA,NA,NA,NA,0.0150849093655857,NA,NA,NA,NA,NA,NA,NA,0.012605042,NA,NA,NA,NA,NA,NA,NA,NA,NA,NA,0.00413350281246945,NA,NA,NA,NA,NA,NA,NA,0.00779799016858028
"A0A075B7D9",NA,NA,0.00245595855580312,NA,NA,NA,NA,NA,NA,NA,0.00294440860739762,0.00195008796023403,NA,0.001798561,NA,0.00188859881857884,NA,NA,NA,0.00265282301556553,NA,NA,0.00146730969354605,NA,NA,NA,NA,0.00118366460398181,NA,NA,NA,NA,NA
"A0A075B7E8",NA,NA,0.0328248242772175,NA,NA,NA,NA,NA,NA,NA,NA,NA,NA,NA,NA,NA,NA,NA,NA,NA,NA,NA,NA,NA,NA,NA,NA,NA,NA,NA,NA,NA,NA
"A0A075B7F0",NA,NA,0.00441437310367751,0.00125257688841891,NA,NA,NA,NA,NA,NA,NA,NA,NA,NA,NA,NA,NA,NA,NA,0.00596027465411067,NA,NA,NA,NA,NA,NA,NA,NA,NA,NA,NA,NA,NA
"A0A075B7F4",NA,NA,NA,NA,NA,NA,NA,NA,NA,NA,0.00535497155683828,NA,0.0064404465094331,NA,NA,NA,NA,NA,NA,NA,NA,NA,NA,NA,NA,NA,NA,NA,NA,NA,NA,NA,NA
"A0A076JS26",NA,NA,NA,NA,NA,NA,NA,NA,NA,NA,NA,NA,0.000208132769479939,NA,NA,NA,NA,NA,NA,NA,NA,NA,NA,NA,NA,NA,NA,NA,NA,NA,NA,NA,NA
"A0A076JT77",NA,NA,NA,NA,NA,NA,NA,NA,NA,NA,NA,NA,NA,NA,NA,NA,NA,NA,NA,NA,NA,0.000432585970209677,NA,NA,NA,NA,NA,NA,NA,NA,NA,NA,NA
"A0A087WSV8",NA,NA,NA,NA,NA,NA,NA,NA,NA,NA,NA,NA,NA,NA,NA,NA,NA,NA,NA,NA,NA,NA,NA,0.00225594458256491,NA,NA,NA,NA,NA,NA,NA,NA,NA
"A0A087WSW9",NA,NA,NA,NA,NA,NA,NA,NA,NA,NA,NA,NA,NA,0.003649635,NA,NA,NA,NA,NA,NA,NA,NA,NA,NA,NA,NA,NA,NA,NA,NA,NA,NA,NA
"A0A087WSY5",NA,NA,NA,NA,NA,NA,NA,NA,NA,NA,NA,NA,NA,NA,NA,NA,NA,NA,NA,0.00344619020183036,NA,NA,NA,NA,NA,NA,NA,NA,NA,NA,NA,NA,NA
"A0A087WSZ2",NA,0.000273663783661807,NA,NA,NA,NA,NA,NA,NA,NA,NA,NA,0.000380313745196252,NA,NA,NA,NA,NA,0.000193168177263348,0.000305250061202712,0,NA,NA,NA,NA,NA,0.000197526299920274,NA,NA,NA,NA,NA,NA
"A0A087WT27",NA,NA,NA,NA,NA,NA,NA,0.00654540017690779,NA,NA,NA,NA,NA,NA,NA,NA,NA,NA,NA,0.00238410941915347,NA,NA,NA,NA,NA,NA,NA,NA,NA,NA,NA,NA,NA
"A0A087WT47",NA,NA,NA,NA,NA,NA,NA,NA,NA,NA,NA,NA,NA,NA,NA,NA,NA,NA,NA,NA,0,NA,NA,NA,NA,NA,NA,NA,NA,NA,NA,NA,NA
"A0A087WT59",NA,NA,NA,0.0207491276192389,0.0194150913476906,0.0051806755569127,NA,NA,0.00786202909340073,0.00690699925284781,NA,NA,NA,NA,NA,NA,NA,NA,NA,0.0167610147245534,NA,NA,0.0165548728286,NA,0.0149056603453887,NA,NA,0.00961535176493535,NA,NA,NA,NA,NA
"A0A087WT94",NA,NA,NA,NA,NA,NA,NA,NA,NA,NA,NA,NA,NA,NA,NA,NA,NA,NA,NA,NA,NA,NA,NA,NA,NA,NA,NA,NA,NA,0.00655213325700354,NA,NA,NA
"A0A087WT95",NA,NA,NA,NA,NA,NA,NA,NA,NA,NA,NA,NA,0.00176747101610277,NA,NA,0.00226795016712509,NA,NA,NA,NA,NA,0.00365595506762458,NA,NA,NA,NA,NA,NA,NA,NA,NA,NA,NA
"A0A087WTA8",0.0113046801212307,0.0138889512474812,0.00448465945572251,0.00397646556351432,0.00528880701554678,0.00568335739403455,0.00733554761424589,0.00747783826634979,0.00460282912087027,0.017566209751571,0.0096348897980821,0.00383798122950404,NA,0.004356678,NA,0.0121044651321224,0.00896064098870656,0.0108659475112007,0.00272206376098034,0.00872826585463714,0,0.0136704898872303,0.00599300745518289,0.0130095556423836,0.0101135575122741,0.0149327252586288,0.00242886096589319,0.00344332547753277,0.0152528185263621,NA,0.00312742774568172,0.00203432182394094,0.0028211625042377
"A0A087WTB6",NA,NA,NA,NA,0.0112403158943177,NA,NA,NA,NA,NA,NA,NA,NA,NA,NA,NA,NA,NA,NA,NA,NA,NA,NA,0.00563986240390915,NA,NA,NA,NA,NA,NA,NA,NA,NA
"A0A087WTB8",NA,NA,NA,NA,NA,NA,NA,NA,NA,NA,NA,NA,NA,NA,NA,NA,NA,NA,NA,NA,NA,NA,NA,0.00162800145027812,NA,NA,NA,NA,NA,NA,NA,NA,NA
"A0A087WTE4",NA,NA,NA,NA,NA,NA,NA,NA,NA,NA,NA,NA,NA,NA,NA,NA,NA,NA,NA,0.000791293010671924,NA,NA,NA,NA,NA,NA,NA,NA,NA,NA,NA,NA,NA
"A0A087WTL4",NA,NA,NA,NA,0.00557042197763262,NA,NA,NA,NA,NA,NA,NA,NA,0.006145526,NA,NA,NA,NA,NA,NA,NA,NA,NA,NA,NA,NA,NA,NA,NA,NA,NA,NA,NA
"A0A087WTP2",NA,NA,NA,NA,NA,NA,NA,0.0303706567115178,NA,NA,NA,NA,NA,0.022222222,NA,NA,NA,NA,0.0233346893518745,0.0245828215960116,NA,NA,NA,NA,NA,NA,NA,NA,NA,NA,NA,NA,NA
"A0A087WTP3",NA,NA,0.007326007,NA,0.0156906569477872,0.00162489642417237,0.00643729912540585,0.00290717070517489,0.00268889892646859,NA,0.00402882281117831,0.00740989317639734,0.00187135805535056,0.005888959,NA,0.001603962975059,NA,NA,NA,NA,NA,0.0045966251302362,0.00474235821931614,0.00566053773324639,NA,NA,NA,NA,NA,NA,NA,0.00233194272281831,0.00645729736128208
"A0A087WTS6",NA,NA,NA,NA,NA,NA,NA,NA,NA,NA,NA,NA,NA,NA,NA,NA,NA,NA,NA,NA,NA,NA,NA,NA,NA,NA,0.0604589410768308,NA,NA,NA,NA,NA,0.0773300720329671
"A0A087WTS8",NA,NA,0.00107803676709643,NA,NA,NA,NA,NA,NA,NA,NA,NA,0.00108809685373758,0.004210526,NA,NA,NA,NA,NA,NA,NA,NA,NA,0.00249341288217553,NA,NA,NA,NA,NA,NA,NA,NA,NA
"A0A087WTT1",NA,0.000677430379534656,0.00139909064921623,NA,0.00279472319598831,NA,NA,0.000894627532577753,NA,NA,NA,NA,0.00151805777267371,0.00102459,NA,NA,NA,NA,NA,0.00113342910439188,NA,NA,0.00104485657557558,0.000728097342096744,NA,NA,NA,0.00202290149643544,NA,NA,0.00196745934718172,0.000853192123277943,NA
"A0A087WTT6",NA,0.0374248389748082,NA,NA,0.0356296802321855,NA,NA,NA,NA,NA,NA,0.0409150564279495,0.0390072300386234,0.037735849,NA,NA,NA,NA,NA,NA,NA,NA,NA,NA,NA,NA,NA,NA,NA,NA,NA,NA,NA
"A0A087WTT7",NA,NA,NA,NA,NA,NA,NA,NA,NA,NA,NA,NA,NA,NA,NA,NA,NA,NA,NA,NA,NA,NA,NA,NA,NA,0.0086137323542857,NA,NA,NA,NA,NA,NA,NA
"A0A087WTV2",NA,NA,NA,NA,NA,NA,NA,NA,NA,NA,NA,NA,NA,NA,NA,NA,NA,NA,NA,0.00325360825260728,NA,NA,NA,0.0111470221853145,NA,NA,NA,NA,NA,NA,NA,NA,NA
"A0A087WTZ5",NA,0.00833410246771401,0.00430308655029536,0.00427349827743025,0.00694254783021117,NA,NA,0.00382823437615155,NA,NA,NA,0.00873169679160387,0.00434324234538657,0.004201681,0.00453245225651818,NA,0.012771261747865,0.00746535127045635,0.00661803170127025,0.0116200316860514,NA,0.00474147684783811,0.00428479101037583,NA,0.00413350281246945,NA,NA,NA,NA,NA,NA,0.00349880550632604,NA
"A0A087WU08",NA,0.00836503243176775,0.00473862126136235,0.00720612078012559,0.0086008896658244,NA,0.00853094111765766,NA,0.00588955112382146,NA,NA,0.0082184415069136,0.00209249259774479,0.013630229,0.00898936258134957,NA,NA,NA,0.0072625675627919,0.0125029025912743,NA,0.0110410499586924,0.00765523283361034,0.00274914702656701,0.00464670404744414,NA,NA,0.0166527682008965,NA,NA,0.00892820009476704,NA,0.00637112134730441
"A0A087WU26",NA,NA,NA,NA,0.0017308912400186,NA,NA,NA,NA,NA,NA,NA,NA,NA,NA,NA,NA,NA,NA,NA,NA,NA,NA,NA,NA,NA,NA,NA,NA,NA,NA,NA,NA
"A0A087WU27",NA,NA,0.00379309111488357,NA,NA,NA,NA,NA,NA,NA,NA,NA,NA,NA,NA,NA,NA,NA,NA,NA,NA,NA,0.00377696393521855,NA,NA,NA,NA,NA,NA,NA,NA,NA,NA
"A0A087WUC6",NA,NA,NA,NA,NA,NA,0.00903061096847753,NA,NA,NA,NA,NA,NA,NA,0.00616413489626896,NA,NA,NA,NA,NA,NA,NA,0.0058273156109463,NA,NA,NA,NA,NA,NA,NA,NA,NA,NA
"A0A087WUI2",0.00658491739557341,0.024658984504618,0.037694475357221,0.0109871103169169,0.0183524254620824,0.00483658758714537,0.0409323968821271,0.0144319385006574,0.0253122973886987,NA,0.011649282377121,0.0441127799507526,0.0408162678612478,0.018007551,0.0230939880229369,0.0441062962830347,0.0087428737173834,0.0120768110153414,0.0191391694511146,0.048731236705661,0.0204493486115562,0.0481424835742944,0.0127571033381302,0.0419581339792359,0.0100632925843321,0.01586020509719,0.0280063661722222,0.0275842636008512,NA,NA,0.0129116711133419,0.032431602209813,0.0230002896031723
"A0A087WUI4",NA,NA,NA,0.00346736092437836,NA,NA,NA,NA,NA,NA,0.00558099329619721,NA,NA,NA,NA,NA,NA,NA,NA,NA,NA,NA,NA,NA,NA,NA,NA,NA,NA,NA,NA,NA,NA
"A0A087WUK2",NA,NA,0.00282130728000798,NA,NA,NA,NA,NA,NA,NA,NA,NA,NA,NA,NA,NA,NA,NA,NA,NA,NA,NA,0.000936437625860186,NA,NA,NA,NA,NA,NA,NA,NA,NA,NA
"A0A087WUL2",NA,NA,0.008457567085333,NA,NA,NA,NA,NA,NA,NA,NA,NA,NA,NA,NA,NA,NA,NA,NA,NA,NA,NA,NA,NA,NA,NA,NA,NA,NA,NA,NA,NA,NA
"A0A087WUM5",NA,NA,NA,NA,0.026227403753408,NA,NA,NA,NA,NA,NA,NA,NA,NA,NA,NA,NA,NA,NA,NA,NA,NA,NA,NA,NA,NA,NA,NA,NA,NA,NA,NA,NA
"A0A087WUQ1",NA,NA,NA,0.0282525699675534,NA,NA,NA,NA,NA,NA,NA,NA,0.00717841341262358,NA,NA,NA,NA,NA,NA,NA,NA,NA,NA,NA,NA,NA,NA,NA,NA,NA,NA,NA,NA
"A0A087WUQ6",NA,NA,NA,NA,0.00552155843645786,NA,NA,NA,NA,NA,NA,NA,NA,0.00877193,NA,NA,NA,NA,0.00614070755837838,0.00646916340323037,NA,NA,0.0129211910681422,NA,NA,NA,0.00959329039491388,NA,NA,NA,NA,NA,0.00814000777777778
"A0A087WUS0",NA,0.0230408476376332,0.0140301257235708,0.00770524672463913,0.0401756135622657,0.01953306671751,NA,0.0521132867454023,0.0100018882684329,0.00805816685866708,0.0113686898355936,0.0384689353940931,0.0210131753302076,0.038131313,0.0272404934879711,0.0145841811074368,0.0148715857569546,NA,0.0108529036892404,0.0149552153288304,NA,0.021372564495754,0.0325763108819194,0.00837434123133452,0.00621069156463521,NA,0.0154780996937495,0.0199429510775133,NA,NA,NA,0.0126169035943427,0.0446405421267899
"A0A087WUT0",NA,NA,NA,NA,NA,NA,NA,0.00232428460376933,NA,NA,NA,NA,NA,NA,NA,NA,NA,NA,NA,NA,NA,NA,NA,NA,NA,NA,NA,NA,NA,NA,NA,NA,NA
"A0A087WUT6",NA,NA,NA,NA,NA,NA,NA,NA,NA,NA,NA,NA,NA,0.001792115,NA,NA,NA,NA,NA,NA,NA,NA,NA,NA,NA,NA,NA,NA,NA,NA,NA,NA,0.000831505831593757
"A0A087WUV8",NA,NA,0.0185138952063962,NA,0.00915877549425005,NA,NA,NA,NA,NA,NA,NA,NA,NA,NA,NA,NA,NA,NA,0.00731631645162995,NA,NA,NA,NA,NA,NA,NA,0.0052231536185925,NA,NA,NA,NA,NA
"A0A087WUW5",NA,NA,0.00316090926240298,NA,NA,NA,NA,NA,NA,NA,NA,NA,NA,NA,NA,NA,NA,NA,NA,NA,NA,NA,NA,NA,NA,NA,NA,NA,NA,NA,NA,NA,0.00572815396508839
"A0A087WUX6",NA,NA,NA,NA,NA,0.00961233869346802,NA,0.0109773461176868,NA,NA,NA,NA,NA,NA,NA,NA,NA,NA,NA,NA,NA,NA,NA,NA,NA,NA,NA,NA,NA,NA,NA,0.00501635898951792,NA
"A0A087WUZ2",NA,NA,NA,NA,NA,NA,NA,NA,NA,NA,NA,NA,NA,NA,NA,NA,NA,NA,NA,NA,NA,NA,NA,NA,0.000647219727725543,NA,NA,NA,NA,NA,NA,NA,NA
"A0A087WUZ3",NA,NA,0.000488571565406989,0.000199900379144542,0.00167962096738506,0.000229757383281038,NA,0.000869628229962241,0.00030666134477288,NA,0.000351005476430829,0.000782655380219682,0.000404430803859253,0.000587496,0.000786376525389404,NA,NA,NA,0.000525330833122442,0.00154773765892907,NA,0.0007258610174001,0.000437298058064218,NA,0.000632787769121611,NA,NA,0.000423316901441288,NA,NA,NA,NA,0.000729529427914825
"A0A087WV01",NA,0.00110195348349359,0.00301372884239583,0.0025957045059725,NA,0.00270096725895945,NA,0.00332179030733359,NA,NA,0.00255795519254492,0.00228305432170862,0.00334992674161375,0.0034375,0.0025282583271349,NA,0.00281440791037911,NA,NA,0.00156056989193052,NA,0.0048489005544577,0.00361172181404174,0.00138176596207132,0.00307429247697934,NA,NA,NA,NA,NA,NA,NA,0.00203758585148169
"A0A087WV22",NA,NA,0.0186990853549448,NA,0.0197147563236239,0.0168080921336658,NA,0.0127356887133059,0.00494475432427738,NA,NA,0.0200504843346539,0.018680007284108,0.012406367,0.00909036670377928,0.00412945321085137,NA,NA,0.00884882860898465,0.0127180593145371,NA,0.00475479506732174,0.0152776052904507,0.00532301660599157,0.00552681840039534,NA,0.0100538462667018,0.0124783489970212,NA,NA,0.00809090125078447,0.0173092579224695,0.00912321108432453
"A0A087WV25",NA,NA,NA,NA,NA,NA,NA,NA,NA,NA,NA,0.00343116775309501,NA,NA,NA,NA,NA,NA,NA,NA,NA,NA,NA,NA,NA,NA,NA,NA,NA,NA,NA,NA,NA
"A0A087WV29",NA,NA,NA,NA,0.00133359643294803,NA,NA,NA,NA,NA,NA,NA,NA,NA,NA,NA,NA,NA,NA,NA,NA,NA,NA,NA,NA,NA,NA,NA,NA,NA,NA,NA,NA
"A0A087WV45",NA,NA,NA,0.0215989745229379,NA,NA,NA,NA,NA,NA,NA,NA,NA,NA,NA,NA,NA,NA,NA,NA,NA,NA,NA,0.0221374743018117,NA,NA,NA,NA,NA,NA,NA,NA,NA
"A0A087WV46",NA,NA,NA,NA,0.0242099113022515,NA,NA,NA,NA,NA,NA,0.0278012567217057,0.026504913129378,0.025641026,NA,NA,NA,NA,NA,NA,NA,NA,NA,NA,NA,NA,NA,NA,NA,NA,NA,NA,NA
"A0A087WV68",NA,NA,0.0048308230679813,NA,NA,NA,NA,NA,NA,NA,NA,NA,NA,NA,NA,NA,NA,NA,NA,NA,NA,NA,NA,NA,NA,NA,NA,NA,NA,NA,NA,NA,NA
"A0A087WV97",NA,NA,NA,NA,NA,NA,NA,NA,NA,NA,NA,NA,0.00399108739299983,NA,NA,NA,NA,NA,NA,NA,NA,NA,NA,NA,NA,NA,NA,NA,NA,NA,NA,NA,NA
"A0A087WVC1",NA,NA,NA,NA,NA,NA,NA,NA,NA,NA,NA,NA,NA,NA,NA,NA,NA,NA,NA,0.000529801970231107,NA,NA,NA,NA,NA,NA,NA,NA,NA,NA,NA,NA,NA
"A0A087WVP1",NA,NA,NA,NA,0.000560197197045135,NA,NA,NA,NA,NA,NA,NA,NA,NA,NA,NA,NA,NA,NA,NA,NA,NA,NA,NA,NA,NA,NA,NA,NA,NA,NA,NA,NA
"A0A087WVQ6",NA,0.00198001060328179,0.00349450776824708,0.00201983384606446,0.00392765072204553,0.000865627975055769,0.000222836635933029,0.00263617454745432,0.000916840080667287,NA,0.00017312731870541,0.0039487426857892,0.00461447888582361,0.002355281,0.000887365545689369,0.00258288552170411,NA,NA,0.0036185481161774,0.00416404301556266,NA,0.00232506975052534,0.00247296693874699,0.00561509862555078,0.000390139028724993,NA,0.00194301289432563,0.0031617542290691,NA,NA,NA,0.0026132307370238,0.00236247423101479
"A0A087WVQ9",0.00775153293557268,0.00320030662984385,NA,0.00314770502174703,0.00264318125831345,0.00198733355033279,0.0200407568974691,0.0196418922955546,0.0143306045904505,NA,NA,0.00623664360051427,0.00425633162324573,0.010416667,0.00348093519033526,NA,0.00435927253837092,0.00348698673901626,0.00285728642035153,NA,NA,0.00459974761060488,0.00613884927819774,0.00233155199080117,0.0080198935037525,NA,0.00230452241438347,NA,NA,NA,NA,0.00374483467466748,NA
"A0A087WVS2",NA,NA,NA,NA,0.00761440735856622,0.0128681303811936,NA,0.0293909588426944,NA,NA,NA,NA,0.0125043336415523,0.016129032,NA,NA,NA,NA,0.00846823398817729,NA,NA,NA,0.00822403358556541,0.0229233111560519,NA,NA,0.0120267783319052,NA,NA,NA,NA,0.0201463459410563,NA
"A0A087WVV2",0.000907592949498062,0.00167167197647345,NA,0.00187072604981152,0.00139995008535948,0.00339651988008942,NA,0.00249344400033244,NA,0.00177674533679844,0.00183316984374016,0.00100878851952512,0.00213120744914873,0.002861562,0.00186019188613455,0.0020405825521322,0.00194313213498606,NA,0.000929833243491233,NA,NA,0.00388663832004472,0.00183481501580783,0.00103564914315492,NA,NA,0.00177936343172424,0.00204352952797464,0.00246557020656141,NA,0.00187105846694973,0.00125456106443486,NA
"A0A087WVZ1",NA,NA,0.00406402590190825,NA,0.00847484170858044,NA,NA,0.00542333165324814,NA,NA,NA,NA,0.00729235723742417,0.007275132,NA,0.0111117573842579,NA,NA,NA,NA,NA,NA,0.00944240881826619,0.00238724301469809,NA,NA,0.00157811658532822,0.0052231536185925,NA,NA,NA,NA,NA
"A0A087WVZ4",NA,NA,0.00731524641860794,NA,NA,NA,NA,NA,NA,NA,NA,NA,NA,NA,0.00770516808097442,0.00500029087541911,NA,NA,NA,0.0131693689491977,NA,NA,NA,NA,NA,NA,0.0255654953037803,0.0070512576318939,NA,NA,NA,0.00297398480528448,NA
"A0A087WW13",NA,NA,NA,NA,NA,NA,NA,NA,NA,NA,NA,NA,NA,NA,NA,NA,NA,NA,NA,0.0160322755310825,NA,NA,NA,NA,NA,NA,NA,NA,NA,NA,NA,NA,NA
"A0A087WW40",NA,NA,0.00505329580956275,NA,0.00103529202980087,NA,NA,0.000999034562438411,NA,NA,NA,NA,NA,0.002563048,NA,0.00345414846098954,NA,NA,NA,NA,NA,NA,NA,NA,NA,NA,NA,NA,NA,NA,NA,NA,NA
"A0A087WW43",NA,NA,NA,NA,NA,NA,NA,NA,0.00093058739647929,NA,NA,NA,NA,NA,NA,NA,NA,NA,NA,NA,NA,NA,NA,NA,NA,NA,NA,NA,NA,NA,NA,NA,NA
"A0A087WW46",NA,0.000970409646568081,NA,NA,0.000461930984188371,NA,NA,0.000891506947569439,NA,NA,NA,NA,0.000758579747337711,NA,0.00105550294971093,NA,NA,NA,NA,0.000541207170424629,NA,NA,NA,NA,NA,NA,NA,NA,NA,NA,NA,NA,0.000453992791230284
"A0A087WW66",NA,0.00128134172115917,0.000661585778658125,NA,0.00172816254095392,NA,NA,NA,NA,NA,NA,NA,NA,NA,NA,NA,NA,NA,0.000678334175937228,0.000714617099807369,NA,NA,0.00131754579595535,0.000612078244590407,NA,NA,0.000578031366186324,0.00127542163420472,NA,NA,NA,NA,NA
"A0A087WW77",NA,NA,NA,NA,0.00850523224034331,NA,NA,NA,NA,NA,NA,NA,NA,NA,NA,NA,NA,NA,NA,NA,NA,NA,NA,NA,NA,NA,NA,NA,NA,NA,NA,NA,NA
"A0A087WWA5",NA,NA,NA,0.00236403829353392,NA,NA,NA,NA,NA,NA,NA,NA,NA,NA,NA,NA,NA,NA,NA,0.00249558944335349,NA,NA,NA,NA,NA,NA,NA,NA,NA,NA,NA,NA,NA
"A0A087WWB9",NA,NA,NA,NA,0.00386961724131502,NA,NA,NA,NA,NA,NA,NA,NA,NA,NA,NA,NA,NA,NA,NA,NA,NA,NA,NA,NA,NA,NA,NA,NA,NA,NA,NA,NA
"A0A087WWH0",NA,0.0132486790737118,0.0132251467743571,NA,0.0240251028406508,0.018270780547327,NA,0.0139102249766119,NA,NA,NA,0.0082767101322596,0.0236723262911349,NA,0.00460741599238062,NA,NA,NA,0.00591637461976604,NA,NA,0.00287142820746094,0.0389229077390152,NA,0.00375486114572156,NA,0.00752165468343979,NA,NA,NA,NA,NA,0.0141673418945092
"A0A087WWI4",NA,0.00307999445492202,0.00141988467649179,NA,0.00217882937986839,0.00341865630746811,NA,0.00287798662972925,NA,NA,NA,0.00533145181990236,0.00294270393674945,0.00617883,0.00083751880903291,0.00163052951915177,0.000917741533699837,NA,0.0043480790677584,0.00568968489673564,NA,0.00672404537168525,0.0042158375536623,NA,0.00187130854979382,NA,0.00142802412120064,NA,NA,NA,0.00298174004919727,0.00484888738246237,0.00133286267349311
"A0A087WWM0",NA,NA,NA,NA,0.00694254783021117,NA,NA,NA,NA,NA,NA,NA,NA,0.014705882,NA,NA,NA,NA,NA,0.0162680434754904,NA,NA,0.00749838350332256,NA,NA,NA,NA,NA,NA,NA,NA,NA,NA
"A0A087WWP4",NA,NA,NA,NA,0.000505995225243497,NA,NA,0.000976548127984339,NA,NA,NA,NA,NA,0.000535906,NA,NA,NA,NA,NA,NA,NA,NA,NA,NA,NA,NA,NA,NA,NA,NA,NA,NA,NA
"A0A087WWR3",NA,NA,NA,NA,NA,NA,NA,NA,NA,NA,NA,NA,NA,NA,0.00323941006556206,NA,NA,NA,NA,NA,NA,NA,NA,NA,NA,NA,NA,NA,NA,NA,NA,NA,NA
"A0A087WWS1",NA,NA,NA,NA,NA,NA,0.00531212403712965,NA,NA,NA,NA,0.00136670019767294,NA,NA,NA,NA,NA,NA,NA,NA,NA,NA,NA,NA,NA,NA,NA,NA,NA,NA,NA,NA,NA
"A0A087WWT3",0.0360695420367915,0.0131670524122361,0.00904637888919927,NA,0.0549980702258494,0.0337171784262225,0.00961773987399122,0.0211262229272115,0.022212457667079,NA,0.0205833890408339,0.0139903900825648,0.0232594078455679,0.025765775,0.00749113530467072,0.0153537571865088,0.0102342096621179,0.0141614381157031,0.0130473926366744,0.0230491750563905,NA,NA,NA,0.0132122896540068,0.023843238515595,0.0103438438761055,0.0033893650466621,0.0177386026673607,0.00829343167841473,0.0129222620370879,NA,NA,NA
"A0A087WWU4",NA,NA,NA,NA,NA,NA,NA,NA,NA,NA,NA,0.0123210109348985,NA,NA,NA,NA,NA,NA,NA,NA,NA,NA,NA,NA,NA,NA,NA,NA,NA,NA,NA,NA,NA
"A0A087WWU8",NA,0.00398198567617906,0.00385366355101502,0.00472352408098997,0.00823227452452875,0.0072948767015826,0.00232064128810263,0.0244324677100453,0.0113090371684559,0.00187432289866706,0.00706160897511477,0.0070986811867979,0.0249681300334142,0.014035937,0.00758485696439472,0.0171265458240027,0.00490590098361034,0.004625109950579,0.00613330777829056,0.00980941799049893,0.00219849449299841,0.00577517245045421,0.0102919285397456,0.0125219851198141,NA,NA,0.0104025307284054,0.00578952714285655,0.00534432183106816,0.0160532062884132,0.00123043066830077,0.0133408832309001,0.00664289139082531
"A0A087WWY0",NA,NA,NA,NA,NA,NA,NA,NA,NA,NA,NA,NA,NA,NA,NA,NA,NA,NA,NA,NA,NA,NA,NA,NA,9.22779629890118e-05,NA,NA,NA,NA,NA,NA,NA,NA
"A0A087WWY3",0.00164274107064286,0.00133537270976492,NA,0.00516652075820828,0.00252349711826531,0.000998367554742377,NA,NA,NA,0.00167621075018496,NA,NA,0.00263667126975487,NA,0.00211826355148585,0.00493648076666694,0.00273472583711344,0.00352242231290915,NA,0.00401403974291074,0.000322790681399421,NA,0.0037492871011082,0.00343723157557858,0.00329740544137344,0.00212319301465202,NA,0.00454231801407675,0.00255435313696833,0.00243043277377884,0.00104077426198888,NA,NA
"A0A087WWY6",NA,NA,NA,NA,NA,NA,NA,NA,NA,NA,NA,NA,NA,NA,NA,NA,NA,NA,NA,0.00498300497553045,NA,NA,NA,NA,NA,NA,NA,NA,NA,NA,NA,NA,NA
"A0A087WX29",NA,NA,0.00494750988268261,NA,NA,NA,NA,NA,NA,NA,NA,NA,NA,0.002415459,0.00521122502878117,NA,NA,NA,NA,NA,NA,NA,NA,NA,NA,NA,NA,NA,NA,NA,NA,NA,NA
"A0A087WX58",NA,NA,NA,NA,0.0138850956604223,NA,NA,NA,NA,NA,NA,NA,NA,NA,NA,NA,NA,NA,NA,NA,NA,NA,NA,NA,NA,NA,NA,NA,NA,NA,NA,0.024491636878851,NA
"A0A087WX59",NA,NA,NA,NA,0.00694254783021117,NA,NA,NA,0.00647181010781929,NA,0.015046795298414,0.0239172577962724,0.0152013466583156,0.022058824,NA,NA,0.0111748542826786,NA,NA,NA,NA,NA,0.0149967670066451,NA,NA,NA,NA,0.00725864753320913,NA,NA,NA,NA,NA
"A0A087WXC5",NA,NA,NA,NA,NA,NA,NA,0.00282080384558128,NA,NA,NA,NA,NA,NA,NA,NA,NA,NA,NA,NA,NA,NA,NA,NA,NA,NA,NA,NA,NA,NA,NA,NA,NA
"A0A087WXM6",NA,NA,NA,NA,0.0216159920318274,NA,NA,NA,NA,NA,NA,0.0181777445293655,0.0183495546868123,0.00443787,NA,0.0113911943756116,NA,NA,NA,0.026182887109912,NA,NA,0.00508597009193882,NA,NA,NA,NA,NA,NA,NA,NA,0.00689823639294297,0.00686361616291334
"A0A087WXU3",NA,NA,NA,NA,NA,NA,NA,NA,NA,NA,NA,NA,NA,0.000816993,NA,NA,NA,NA,NA,NA,NA,NA,NA,NA,NA,NA,NA,NA,NA,NA,NA,NA,NA
"A0A087WXX9",NA,NA,NA,NA,0.00227514868010531,NA,NA,NA,NA,NA,NA,NA,NA,NA,NA,NA,NA,NA,NA,NA,NA,NA,NA,NA,NA,NA,NA,NA,NA,NA,NA,NA,NA
"A0A087WY00",NA,0.000412986972177323,NA,NA,NA,NA,NA,NA,NA,NA,NA,NA,NA,NA,NA,NA,NA,NA,NA,NA,NA,NA,NA,NA,NA,NA,NA,NA,NA,NA,NA,NA,NA
"A0A087WY39",NA,NA,0.00124590572852367,NA,NA,NA,NA,NA,NA,NA,NA,NA,NA,NA,NA,NA,NA,NA,NA,NA,NA,NA,NA,NA,NA,NA,NA,NA,NA,NA,NA,NA,NA
"A0A087WY55",NA,NA,NA,NA,0.0187897821035177,0.0119078222271458,NA,0.0385299378094729,0.0153262767564435,NA,0.0162894663018655,NA,0.0128568607229142,0.012437811,NA,NA,NA,NA,NA,0.0110072339302025,NA,NA,NA,NA,NA,NA,NA,NA,NA,NA,NA,0.0124285916128259,NA
"A0A087WY61",NA,NA,NA,NA,0.000638477813672841,NA,NA,NA,NA,NA,NA,0.000504818743244873,0.000380593875619195,NA,NA,NA,NA,NA,NA,0.000271533368991427,NA,NA,0.000100142413766991,NA,NA,NA,NA,NA,NA,NA,NA,NA,NA
"A0A087WY93",NA,NA,NA,NA,0.0256572425559374,NA,NA,NA,NA,NA,NA,NA,NA,NA,NA,NA,NA,NA,NA,NA,NA,NA,NA,NA,NA,NA,NA,NA,NA,NA,NA,NA,0.0100865309733503
"A0A087WYB4",NA,NA,NA,NA,0.00609152607569028,NA,NA,0.00538834192300747,NA,NA,NA,NA,0.00500173387009757,NA,NA,NA,NA,NA,NA,NA,NA,NA,NA,NA,NA,NA,NA,NA,NA,NA,NA,NA,NA
"A0A087WYD6",NA,NA,NA,NA,NA,NA,NA,NA,NA,NA,NA,NA,0.00348435419911187,NA,NA,NA,NA,NA,NA,NA,NA,NA,NA,NA,NA,NA,NA,NA,NA,NA,NA,NA,NA
"A0A087WYR3",NA,NA,0.00695743532446357,NA,0.0079109829561814,0.00867200087437724,NA,NA,0.00876977177626836,NA,0.011121544706891,0.00294632846611725,0.0154491948926659,0.016757246,0.00586262842705971,0.00190228426400023,NA,NA,0.00285342639600034,NA,NA,NA,0.00831342547666507,0.00514943991574205,NA,NA,0.00486300210127974,NA,NA,NA,NA,0.00452562883428969,NA
"A0A087WYS1",NA,NA,0.00172504911154794,NA,NA,NA,NA,NA,NA,NA,NA,NA,0.00329901536305003,NA,NA,NA,NA,NA,NA,NA,NA,NA,NA,NA,NA,NA,NA,NA,NA,NA,NA,NA,NA
"A0A087WYS6",NA,NA,NA,NA,NA,NA,NA,NA,NA,NA,NA,NA,NA,NA,NA,NA,NA,NA,NA,0.00246925681625294,NA,NA,NA,NA,NA,NA,NA,NA,NA,NA,NA,NA,NA
"A0A087WYV9",NA,NA,NA,NA,NA,NA,NA,0.00500615180470306,NA,NA,NA,NA,NA,NA,NA,NA,NA,NA,NA,NA,NA,NA,NA,NA,NA,NA,NA,NA,NA,NA,NA,NA,NA
"A0A087WYX9",NA,NA,NA,NA,NA,NA,NA,NA,NA,NA,NA,NA,NA,NA,NA,NA,0.0010744288407936,NA,NA,0.00117309287286314,NA,NA,NA,NA,NA,NA,NA,NA,NA,NA,NA,NA,NA
"A0A087WYY5",NA,NA,NA,NA,0.00202325670990734,NA,NA,NA,NA,NA,NA,NA,NA,NA,NA,NA,NA,NA,NA,NA,NA,NA,NA,NA,NA,NA,NA,NA,NA,NA,NA,NA,NA
"A0A087WYZ1",NA,NA,NA,NA,0.00601392716173548,NA,NA,0.00580331048401528,NA,NA,0.0026068330096369,0.0207181334237653,0.0131680463425227,0.00955414,NA,NA,NA,NA,NA,NA,NA,NA,NA,NA,NA,NA,NA,NA,NA,NA,NA,NA,NA
"A0A087WZ13",NA,NA,NA,NA,NA,NA,0.0021327347526288,0.00553311520052021,NA,NA,NA,NA,NA,NA,NA,NA,NA,NA,NA,NA,NA,NA,NA,NA,NA,NA,NA,NA,NA,NA,NA,NA,NA
"A0A087WZ99",NA,NA,NA,NA,NA,NA,0.0445170939640748,NA,NA,NA,NA,NA,NA,NA,NA,NA,NA,NA,NA,NA,NA,NA,NA,NA,NA,NA,NA,NA,NA,NA,NA,NA,NA
"A0A087WZE9",NA,NA,NA,NA,NA,NA,NA,NA,NA,NA,NA,NA,NA,NA,NA,NA,0.00259791522800843,NA,NA,NA,NA,NA,NA,NA,NA,NA,NA,NA,NA,NA,NA,NA,NA
"A0A087WZM5",NA,NA,NA,NA,0.00496940287606803,NA,NA,NA,NA,NA,NA,NA,0.0217619288052187,NA,NA,NA,NA,NA,0.0221065484702354,NA,NA,NA,0.00536726421748525,NA,NA,NA,NA,NA,NA,NA,NA,NA,NA
"A0A087WZP6",NA,0.00137362680837912,0.0035461722823315,NA,NA,0.00185794164055467,NA,NA,0.00426673325817787,NA,0.00170057936183488,NA,NA,0.002556831,NA,NA,NA,0.000820292788737666,NA,0.00114912757150597,NA,0.00156298028724299,NA,NA,NA,NA,0.00123932494753897,0.00102545976408549,NA,NA,NA,0.0049401646752341,NA
"A0A087WZY5",NA,NA,NA,0.000803390186180508,NA,NA,NA,NA,NA,NA,NA,NA,NA,NA,NA,NA,NA,NA,NA,NA,NA,NA,NA,NA,NA,NA,NA,NA,NA,NA,NA,NA,NA
"A0A087X027",NA,NA,0.00541870086116616,NA,NA,0.00422129128316858,NA,NA,0.00232848231145419,NA,NA,NA,NA,0.00617284,NA,0.00555587816709843,NA,0.0188016255973719,NA,0.00585305249756777,NA,NA,0.00539566203618351,0.0100264223672263,NA,NA,NA,NA,NA,NA,0.00169333347579289,NA,NA
"A0A087X054",NA,NA,NA,NA,0.00394571584287751,NA,NA,0.00177542791242961,0.00184585021932373,NA,NA,0.00289757520996863,0.00114346447677844,0.002673304,NA,NA,NA,NA,NA,NA,NA,NA,0.00205873732815551,0.00275629589049851,NA,NA,0.00123726781999021,NA,NA,NA,0.00106208029190002,NA,NA
"A0A087X059",NA,NA,0.00821498239006571,NA,NA,NA,NA,NA,NA,NA,NA,NA,NA,NA,NA,NA,NA,NA,NA,NA,NA,NA,NA,NA,NA,NA,NA,NA,NA,NA,NA,NA,NA
"A0A087X0A8",NA,NA,NA,NA,NA,NA,NA,NA,NA,NA,NA,0.00227145936293506,NA,NA,NA,NA,0.00113708228407166,NA,NA,NA,NA,NA,NA,NA,NA,NA,NA,NA,NA,NA,NA,0.00077773892591867,NA
"A0A087X0I0",NA,NA,NA,0.000645363505701287,NA,NA,NA,NA,NA,NA,NA,NA,NA,NA,NA,NA,NA,NA,NA,0.00131025174401681,NA,NA,NA,NA,NA,NA,NA,NA,NA,NA,NA,NA,NA
"A0A087X0K0",NA,NA,0.000773515488518269,0.00623275816192775,NA,NA,NA,NA,NA,NA,NA,NA,NA,NA,NA,0.000793097446173889,NA,NA,NA,NA,NA,NA,NA,NA,NA,NA,NA,NA,NA,NA,NA,NA,NA
"A0A087X0K9",NA,NA,NA,NA,0.000609127775463353,0.00029505290297854,NA,0.000336952113560529,NA,NA,0.000302716193669551,NA,NA,0.001109467,NA,NA,NA,NA,NA,NA,NA,NA,NA,NA,NA,NA,NA,NA,NA,NA,NA,NA,NA
"A0A087X0Q4",NA,0.0145846795664391,0.0100405349426443,0.0160256177775441,0.0694254801904847,0.0351981218530333,NA,0.0669940965714936,0.0226513358174506,NA,NA,0.0159448378080156,0.0304026943503228,0.014705882,0.0317271636381802,0.0154420736196102,NA,0.017419152569564,0.0154420736196102,0.0488041315326981,NA,0.0663806702273766,0.0524886855430381,0.0209006668343389,0.0434017760877216,0.0440820402263456,0.00657935515246625,0.0435518861864308,0.0781440823421521,0.0273647902509158,NA,0.0122458180230677,0.0272929669819723
"A0A087X0S5",NA,0.0113417828709806,0.0154118009652899,0.0165147853692854,0.00556787645075429,0.0140390577140979,0.0027387310116752,0.0176315649660933,0.0277993601238141,0.00684099378035942,NA,0.0259728919751162,0.0124407068226469,NA,NA,0.00415916678785505,NA,0.00545310674294681,NA,0.0148187898861664,NA,NA,NA,0.0022851606487449,NA,NA,NA,NA,NA,NA,0.00598273147083149,NA,0.00531271052424102
"A0A087X0T3",NA,NA,NA,NA,NA,NA,NA,NA,NA,NA,NA,NA,NA,NA,NA,NA,NA,NA,NA,NA,0.00199327787191478,NA,NA,NA,NA,NA,NA,NA,NA,NA,NA,NA,NA
"A0A087X0W0",NA,0.066117215951923,NA,NA,NA,NA,NA,NA,NA,NA,NA,0.144566532567522,NA,NA,NA,NA,NA,NA,NA,NA,NA,NA,NA,NA,NA,NA,NA,NA,NA,NA,NA,0.111028752462932,NA
"A0A087X0W8",NA,NA,NA,NA,0.00563693425338071,NA,NA,0.00407964054897758,NA,NA,NA,0.00107885485820713,0.00308564694562838,0.004477612,NA,NA,NA,NA,NA,0.00660433991563072,NA,NA,NA,NA,NA,NA,NA,NA,NA,NA,NA,0.00186428878355967,0.00277003278836584
"A0A087X0X3",NA,0.00308383057577237,0.0027270490112747,0.00386954371332749,0.0111300896707162,0.00506616705565291,0.00987854932408696,0.0290683550423341,0.029549114678048,0.00344232356203748,0.0114223569633517,0.018387043618744,0.00890943853037909,0.018126633,0.00321056068286301,0.00323227266519052,0.00539536948422066,0.0019166705821059,NA,0.00439571238899893,NA,0.0041857667483961,0.00281294737414538,0.00276559936232668,0.00228830853269208,NA,0.00237302592498726,0.00267715047454355,NA,NA,0.00233038866674958,0.00691403300873913,NA
"A0A087X0Y1",NA,NA,NA,NA,0.00504912620970986,NA,NA,NA,NA,NA,NA,0.00579812343068694,NA,NA,NA,NA,NA,NA,NA,NA,NA,NA,NA,NA,NA,NA,NA,NA,NA,NA,NA,NA,NA
"A0A087X106",NA,NA,NA,NA,NA,NA,NA,NA,NA,NA,NA,NA,NA,NA,NA,NA,NA,NA,NA,0.000928822467864862,NA,NA,NA,NA,NA,NA,NA,NA,NA,NA,NA,NA,NA
"A0A087X122",NA,NA,NA,NA,0.026227403753408,NA,NA,NA,NA,NA,NA,0.030118027934473,NA,NA,NA,NA,NA,NA,NA,NA,NA,NA,NA,NA,NA,NA,NA,NA,NA,NA,NA,NA,NA
"A0A087X142",NA,NA,NA,NA,NA,NA,0.00610765881348046,NA,0.00510241233376541,NA,NA,NA,NA,0.005797101,NA,NA,NA,NA,NA,NA,NA,NA,NA,NA,NA,NA,NA,NA,NA,NA,NA,NA,NA
"A0A087X178",NA,NA,NA,NA,NA,NA,NA,NA,NA,NA,NA,0.0024982690736146,0.00714533321411802,0.002304147,NA,NA,NA,NA,NA,NA,NA,NA,NA,NA,NA,NA,NA,NA,NA,NA,NA,NA,NA
"A0A087X1A5",NA,NA,0.00222637934479372,NA,NA,NA,NA,NA,NA,NA,NA,NA,NA,0.001086957,NA,NA,NA,NA,NA,NA,NA,NA,NA,NA,NA,NA,NA,NA,NA,NA,NA,NA,NA
"A0A087X1A9",NA,NA,NA,NA,NA,NA,NA,NA,NA,NA,NA,0.0120472109569394,NA,NA,0.0179787262414227,0.0291683622148736,NA,NA,NA,0.0245828215960116,NA,0.0271669040329672,0.0226617815717509,0.0280739818702363,NA,NA,0.0198842736280556,NA,NA,NA,NA,NA,NA
"A0A087X1B7",NA,NA,NA,NA,NA,NA,NA,NA,NA,NA,NA,NA,NA,NA,NA,NA,NA,NA,NA,0.00485187282897953,NA,NA,NA,NA,NA,NA,NA,NA,NA,NA,NA,NA,NA
"A0A087X1E4",NA,NA,NA,NA,0.00286117126705252,NA,NA,NA,NA,NA,NA,NA,NA,NA,NA,NA,NA,NA,NA,0.00670440588982135,NA,NA,NA,NA,NA,NA,NA,NA,NA,NA,NA,NA,NA
"A0A087X1I2",NA,NA,NA,NA,NA,NA,NA,0.0112022915518818,0.0072144767405008,NA,NA,0.00888728652266864,0.0169457642844093,0.016393443,NA,NA,NA,NA,NA,NA,NA,NA,NA,NA,NA,NA,NA,NA,NA,NA,NA,NA,NA
"A0A087X1I3",NA,NA,0.000699545324608114,0.00104210281553318,NA,NA,NA,NA,NA,NA,NA,NA,0.00211822014791681,NA,0.000736832910051313,0.00107588203209549,NA,NA,NA,NA,NA,0.00231244102706819,NA,0.00388318424535451,NA,NA,NA,0.00101145074821772,NA,NA,NA,NA,NA
"A0A087X1J7",NA,0.0108984421462837,0.0112542254957356,0.0186280676410475,NA,0.00657547312909078,NA,NA,NA,NA,NA,NA,NA,NA,NA,NA,NA,NA,0.0057695655869751,NA,NA,NA,NA,NA,0.00810802387727497,NA,NA,0.00542404395254296,NA,NA,NA,NA,NA
"A0A087X1N7",NA,NA,NA,NA,NA,NA,NA,NA,NA,NA,NA,NA,NA,0,NA,NA,NA,NA,NA,NA,NA,NA,NA,NA,NA,NA,NA,NA,NA,NA,NA,NA,NA
"A0A087X1R1",NA,NA,NA,NA,NA,NA,NA,NA,NA,NA,NA,0.00123350237689353,NA,NA,NA,NA,NA,NA,NA,NA,NA,NA,NA,NA,NA,NA,NA,NA,NA,NA,NA,NA,NA
"A0A087X1T7",NA,0.00275870842436463,0.0137097365047538,0.00360658664979738,0.0016279078712701,0.0108005899788016,0.00496597110336385,0.00365495125177891,0.012227454506946,NA,0.0022580572515883,NA,NA,NA,NA,NA,NA,0.00980277842720738,NA,NA,NA,NA,NA,NA,0.00282693539616838,NA,NA,NA,0.00366468885947415,NA,NA,0.0063554390265452,NA
"A0A087X1U0",NA,0.00215599611844541,NA,NA,NA,NA,NA,NA,NA,NA,NA,NA,NA,NA,NA,0.00456548265362496,NA,NA,NA,NA,NA,NA,NA,NA,NA,NA,NA,NA,NA,NA,NA,NA,NA
"A0A087X1X7",NA,0.00291693551658452,0.00744781653556578,0.000664766579527819,0.00305431311894554,0.00292014070777766,NA,0.00406430822649002,0.00258872369106124,NA,NA,NA,0.00418034392021647,0.008395404,0.00193888261187229,NA,NA,NA,NA,NA,NA,NA,0.00137259760924249,0.00184751563158017,NA,NA,0.00259832299941966,0.00564561463836531,NA,NA,NA,0.00515425836585292,NA
"A0A087X1Z3",NA,NA,NA,NA,NA,NA,NA,NA,NA,NA,0.00241696561360581,NA,NA,0.005905512,NA,NA,NA,NA,NA,0.00907338433630295,NA,NA,NA,0.00373030278187662,NA,NA,NA,NA,NA,NA,NA,NA,NA
"A0A087X208",NA,0.00105957069534992,0.000364719905610144,NA,NA,0.00146798117871667,NA,NA,0.000940348439590573,NA,NA,NA,NA,0.001424501,NA,NA,NA,NA,0.000249302339876452,0.000492444685019155,NA,NA,NA,NA,NA,NA,NA,NA,NA,NA,NA,NA,NA
"A0A087X225",NA,NA,NA,NA,NA,NA,NA,NA,NA,NA,NA,NA,NA,NA,NA,NA,NA,NA,NA,NA,NA,NA,NA,NA,NA,NA,NA,NA,NA,NA,NA,NA,0.00724969428208945
"A0A087X232",NA,0.00197168677642114,NA,NA,NA,0.00237919682264069,NA,NA,0.00262474977362101,NA,NA,NA,NA,NA,NA,NA,NA,NA,NA,0.00329888722924365,NA,NA,NA,NA,NA,NA,NA,NA,NA,NA,NA,NA,NA
"A0A087X243",NA,NA,NA,NA,0.0273677252041626,NA,NA,NA,NA,NA,NA,NA,NA,NA,NA,NA,NA,NA,NA,NA,NA,NA,NA,NA,NA,NA,NA,NA,NA,NA,NA,0.0120683430029621,NA
"A0A087X271",NA,0.00831082292667981,0.00715177713907471,NA,NA,NA,NA,NA,NA,NA,NA,NA,0.00384987581754683,NA,NA,NA,NA,NA,NA,NA,NA,NA,NA,NA,NA,NA,NA,NA,NA,NA,NA,NA,NA
"A0A087X2B5",NA,NA,NA,NA,NA,NA,NA,NA,NA,NA,NA,NA,NA,0.006329114,NA,NA,NA,NA,NA,NA,NA,NA,NA,NA,NA,NA,NA,NA,NA,NA,NA,NA,NA
"A0A087X2D0",NA,0.0264717420239894,0.071971758957579,0.0196281014761533,0.0175309482481957,0.0104976856888904,NA,0.0400413132074954,NA,0.016794915585026,0.0157964955400669,0.0232067331648249,0.0172541000162832,0.033216374,0.0239716342694146,0.0379495742438675,0.0239965291644933,0.041561487476847,0.0457482725174891,0.0282794870299872,NA,0.0415752618733123,0.0280290457892362,0.0388972405829395,0.0319294934508122,NA,0.0222913177675487,0.0441631406843692,NA,NA,0.0235819029464012,0.0102263326937835,NA
"A0A087X2E9",NA,0.00941542638817551,NA,0.0118017068283802,NA,0.0151485589741723,NA,NA,NA,NA,NA,NA,NA,0.03164557,0.0204820930225742,NA,NA,NA,0.00664595597427654,0.0490100556855617,NA,NA,0.0129086100400501,0.0239872629783981,NA,NA,0.011326485227189,NA,NA,NA,NA,NA,0.011746340243582
"A0A087X2G1",NA,NA,0.00327723046108097,NA,0.00226604766616607,NA,NA,0.00218668730509615,NA,NA,NA,NA,0.00548545708902354,0.0012,NA,NA,NA,NA,NA,0.0026549447589187,NA,NA,NA,0.00227399250306423,NA,NA,0.000715833857768341,NA,NA,NA,NA,NA,NA
"A0A087X2I1",NA,NA,NA,NA,0.00468578907110332,NA,NA,NA,NA,NA,NA,NA,0.00512998295291699,0.00248139,NA,NA,NA,NA,NA,0.00274498057305553,NA,NA,NA,NA,NA,NA,NA,NA,NA,NA,NA,NA,NA
"A0A088AWL3",NA,NA,NA,NA,0.000594506102897416,NA,NA,NA,NA,NA,NA,NA,NA,NA,NA,NA,NA,NA,NA,NA,NA,NA,NA,NA,NA,NA,NA,NA,NA,NA,NA,NA,NA
"A0A089PAU6",NA,NA,NA,NA,NA,NA,NA,NA,NA,NA,NA,NA,NA,NA,NA,NA,NA,NA,NA,NA,NA,NA,NA,NA,NA,NA,0.000506614411781421,NA,NA,NA,NA,NA,NA
"A0A090KJ24",NA,NA,NA,NA,NA,NA,NA,NA,NA,NA,NA,NA,0.00764167574006717,NA,NA,NA,NA,NA,NA,NA,NA,NA,NA,NA,NA,NA,NA,0.0036160299598127,NA,NA,NA,NA,NA
"A0A090N8G0",NA,NA,NA,NA,NA,NA,NA,NA,NA,NA,0.00119495715829039,NA,NA,NA,0.00157477889361118,NA,NA,NA,NA,NA,NA,NA,NA,NA,NA,NA,NA,NA,NA,NA,NA,NA,NA
"A0A096LNX8",NA,NA,NA,NA,0.00330135102620528,NA,NA,NA,NA,NA,NA,NA,NA,0.004895105,NA,NA,NA,NA,NA,NA,NA,NA,NA,NA,NA,NA,NA,NA,NA,NA,NA,NA,NA
"A0A096LNY4",NA,NA,NA,NA,NA,NA,NA,NA,NA,NA,NA,NA,NA,0.006097561,NA,NA,NA,NA,NA,NA,NA,NA,NA,NA,NA,NA,NA,NA,NA,NA,NA,NA,NA
"A0A096LNY6",NA,NA,NA,NA,NA,NA,NA,NA,NA,NA,NA,NA,NA,NA,NA,NA,NA,NA,NA,0.0030728529760582,NA,NA,NA,NA,NA,NA,NA,NA,NA,NA,NA,NA,NA
"A0A096LNZ9",NA,NA,NA,NA,NA,0.00805882917596916,NA,NA,NA,NA,NA,NA,0.0104413291640115,0.01010101,NA,NA,NA,NA,NA,NA,NA,NA,0.0103008098053413,0.00957067542224034,NA,NA,NA,NA,NA,NA,NA,0.0546732497415341,NA
"A0A096LP07",NA,NA,NA,NA,0.00238430986130369,NA,NA,NA,NA,NA,NA,NA,NA,NA,NA,NA,NA,NA,NA,NA,NA,NA,NA,NA,NA,NA,NA,NA,NA,NA,NA,NA,NA
"A0A096LP62",NA,NA,NA,0.0013648588161371,NA,NA,NA,NA,NA,NA,NA,NA,NA,NA,NA,NA,NA,NA,NA,NA,NA,NA,NA,NA,NA,NA,NA,NA,NA,NA,NA,NA,NA
"A0A096LP69",NA,NA,NA,NA,0.0257505414034726,NA,NA,NA,NA,NA,NA,NA,NA,0.090909091,NA,NA,NA,NA,NA,NA,NA,NA,0.0185414576496144,NA,NA,NA,NA,NA,NA,NA,NA,NA,NA
"A0A096LPE1",NA,NA,NA,NA,0.0248470134361536,NA,NA,0.0319691123758671,0.00772075625781348,NA,NA,NA,0.10880964195871,0.064327485,NA,NA,NA,NA,0.0276331845377332,0.0194074913159181,NA,NA,NA,NA,NA,NA,NA,NA,NA,NA,NA,0.0516186305821437,NA
"A0A096LPJ3",NA,NA,NA,NA,NA,NA,NA,NA,NA,NA,NA,NA,NA,0.0025,NA,NA,NA,NA,NA,NA,NA,NA,NA,NA,NA,NA,NA,NA,NA,NA,NA,NA,NA
"A0A097PEB8",NA,NA,NA,NA,NA,NA,NA,NA,NA,NA,NA,0.000104521603307622,NA,NA,NA,NA,NA,NA,NA,NA,NA,NA,NA,NA,NA,NA,NA,NA,NA,NA,NA,NA,NA
"A0A0A0MQS9",NA,NA,0.00170248333155436,NA,NA,NA,NA,NA,0.00085232389851607,NA,NA,NA,NA,0.001506348,NA,NA,NA,NA,NA,NA,NA,NA,NA,NA,NA,NA,NA,0.000637299164673575,NA,NA,NA,0.000537582901025316,NA
"A0A0A0MQT7",0.00300744680428277,0.00561578042216736,0.0285165422925069,0.0103998695798318,NA,NA,NA,NA,0.0175832288413322,0.00359792688429522,0.00390143254986127,NA,0.00190717960397289,NA,NA,NA,NA,NA,NA,0.0115819177415831,NA,NA,NA,NA,NA,NA,NA,NA,NA,NA,NA,NA,NA
"A0A0A0MQU1",NA,NA,NA,NA,NA,NA,NA,0.00141258906565559,NA,NA,NA,NA,NA,0.001421189,NA,NA,NA,NA,NA,NA,NA,NA,NA,NA,NA,NA,NA,NA,NA,NA,NA,0.00129103234427883,NA
"A0A0A0MR02",NA,NA,0.0148733233247678,NA,NA,NA,NA,NA,NA,NA,NA,NA,NA,NA,NA,NA,NA,NA,NA,NA,NA,NA,NA,0.00982880578623192,NA,NA,NA,NA,NA,NA,NA,0.00518287713715931,NA
"A0A0A0MR13",NA,NA,0.00648186412264188,NA,0.0119517283404992,NA,NA,NA,0.00557067219208486,NA,NA,NA,NA,NA,NA,NA,NA,NA,NA,NA,NA,0.00238074175866,NA,NA,NA,NA,NA,NA,NA,NA,NA,NA,NA
"A0A0A0MR45",NA,NA,NA,NA,NA,NA,NA,NA,NA,NA,NA,NA,NA,0.001445922,NA,NA,NA,NA,NA,NA,NA,NA,NA,NA,NA,NA,NA,NA,NA,NA,NA,NA,NA
"A0A0A0MR85",NA,NA,NA,NA,0.0043311308950582,NA,NA,NA,NA,NA,NA,NA,NA,NA,NA,NA,NA,NA,NA,NA,NA,NA,NA,NA,NA,NA,NA,NA,NA,NA,NA,NA,NA
"A0A0A0MRA3",NA,0,NA,0,NA,0,0,1.81312822380889e-05,NA,NA,NA,0,0,0,2.68602164674812e-05,0,NA,NA,0,0,NA,NA,NA,1.26017084544809e-05,NA,NA,NA,NA,NA,NA,NA,1.10751180858652e-05,NA
"A0A0A0MRA5",NA,NA,NA,NA,NA,NA,NA,0.00152106788950228,NA,NA,NA,NA,NA,NA,NA,0.00175302333870112,NA,NA,NA,0.000923395318286839,NA,NA,NA,NA,NA,NA,NA,NA,NA,NA,NA,NA,NA
"A0A0A0MRC3",NA,NA,NA,NA,NA,NA,NA,NA,NA,NA,NA,NA,NA,NA,0,NA,NA,NA,NA,NA,NA,NA,NA,NA,NA,NA,NA,NA,NA,NA,NA,NA,NA
"A0A0A0MRG2",NA,NA,NA,NA,NA,0.00324318766265065,NA,NA,NA,NA,NA,NA,NA,NA,NA,NA,NA,NA,NA,NA,NA,NA,NA,0.00505524261879325,NA,NA,NA,NA,0.00360013330362045,NA,NA,NA,NA
"A0A0A0MRJ6",NA,0.0138513715444664,NA,NA,NA,NA,NA,NA,NA,NA,NA,NA,0.0115496264189489,NA,NA,NA,NA,NA,NA,NA,NA,NA,NA,NA,NA,NA,NA,NA,NA,NA,NA,NA,NA
"A0A0A0MRL0",NA,0.00661172189271977,NA,NA,0.00755349222055356,NA,NA,0.0258150581592341,NA,NA,0.0109139418820098,NA,NA,NA,NA,0.00700040722558675,NA,NA,NA,NA,NA,NA,NA,NA,NA,NA,NA,NA,NA,NA,NA,NA,NA
"A0A0A0MRM8",NA,NA,NA,NA,NA,NA,NA,0.00119674207288926,NA,NA,NA,NA,NA,NA,NA,NA,NA,NA,NA,0.000968675401150197,NA,NA,NA,NA,NA,NA,NA,NA,NA,NA,NA,NA,NA
"A0A0A0MRM9",NA,NA,NA,NA,NA,NA,NA,NA,NA,NA,NA,NA,0.00219002450105069,NA,NA,NA,NA,NA,NA,NA,NA,NA,NA,NA,NA,NA,NA,NA,NA,NA,NA,NA,NA
"A0A0A0MRN5",NA,NA,NA,NA,0.00339635413042276,NA,NA,NA,0.00386963571695403,NA,NA,NA,NA,0.001199041,NA,NA,NA,NA,NA,NA,NA,NA,NA,NA,NA,NA,NA,NA,NA,NA,NA,NA,NA
"A0A0A0MRQ5",0.0145671298458438,NA,NA,NA,NA,0.0278735796580743,NA,0.0234865332043323,0.0231334222065397,NA,0.00527413444293423,0.0285655525136597,NA,NA,NA,NA,0.00626713462882202,NA,0.0129303045313143,NA,NA,0.0159057400850036,0.0241184855514153,NA,NA,0.0199581060636384,0.0143257414015908,NA,0.0473062248918129,NA,0.0234020493685059,NA,NA
"A0A0A0MRT6",NA,NA,NA,NA,NA,NA,NA,NA,NA,NA,NA,NA,NA,0.003412969,NA,NA,NA,NA,NA,NA,NA,NA,NA,NA,NA,NA,NA,NA,NA,NA,NA,NA,NA
"A0A0A0MRV8",NA,NA,NA,NA,NA,NA,NA,NA,NA,NA,NA,NA,NA,0.018181818,NA,NA,NA,NA,NA,NA,NA,NA,NA,NA,NA,NA,NA,NA,NA,NA,NA,NA,NA
"A0A0A0MRX2",NA,NA,NA,NA,NA,NA,NA,0.00391038457372517,0.00377753688655923,NA,NA,NA,0.00443644411459023,0.004291845,NA,NA,NA,NA,0.00450669918702979,NA,NA,NA,NA,NA,NA,NA,NA,NA,NA,NA,NA,NA,NA
"A0A0A0MS07",0.00534758108913684,0.0143997593013425,0.0284215138746152,0.048172602421589,0.0244853881077216,0.0193437957158248,0.0410605164111836,0.0175409058215437,0.0257386842204198,0.00705330283865076,0.00937308206094305,0.0156491262420768,0.0231334184125808,0.033805419,0.0297578912263753,0.0218739515513065,0.0057068160039912,0.0338209372095577,0.0137863426357064,NA,NA,0.00579638658433598,0.029428903142495,0.0358671057777376,0.0175628544621105,NA,0.00710764859263018,0.0213097309228012,NA,0.00711679289146276,0.00900201222434698,0.0195151291619823,0.00906072869519225
"A0A0A0MS08",NA,0.00260076497499976,0.00852450758990413,0.00511213478747639,0.00220090068413685,0.00209219635826711,0.00184190800470526,NA,0.00623316712649067,0.00123971773279233,NA,0.000947770238722807,0.00180715340284204,0.003496503,NA,0.00351856130477369,NA,NA,NA,NA,NA,NA,0.00430851211716436,0.00373361523095609,0.00125754991327452,NA,NA,0.00230110943596658,NA,0.00195189401917827,0.00289080513391883,0.00204371402370714,0.00129784699809595
"A0A0A0MS09",NA,NA,NA,NA,NA,NA,NA,NA,NA,NA,NA,NA,NA,NA,NA,NA,NA,NA,NA,NA,NA,NA,NA,NA,NA,0.00315202798474234,NA,NA,NA,NA,NA,NA,NA
"A0A0A0MS15",NA,NA,NA,NA,0.0079343402425004,NA,NA,NA,NA,NA,NA,NA,NA,NA,NA,NA,NA,NA,NA,NA,NA,NA,NA,NA,NA,NA,NA,NA,NA,NA,NA,NA,NA
"A0A0A0MS41",NA,NA,NA,NA,NA,NA,NA,NA,NA,NA,NA,0.00280409234569913,0.00267334044548721,NA,NA,NA,NA,NA,NA,NA,NA,NA,NA,NA,NA,NA,NA,NA,NA,NA,NA,NA,NA
"A0A0A0MS51",NA,0.0086582378196786,0.00432315856273496,0.00760247054352589,0.010480484618816,0.00982846445423798,0.00525549036939472,0.00989993065991693,0.00575200843257196,NA,NA,0.00463180220589448,0.00887703746725313,0.008435965,0.00396305989507325,0.00627237156091437,0.00187296895139336,0.000868913058880109,0.00652656823525788,0.00449786360105229,0,0.00196472513404243,0.00363569684609533,0.00332235515930504,0.000865998185670504,NA,0.00374083231248778,0.00353390480668245,0.00181908119091162,NA,NA,0.00680359076538498,0.00267639689696946
"A0A0A0MS98",0.00465724756329146,0.0100570136333636,0.00292609877227008,NA,NA,NA,NA,0.00455559855228365,NA,NA,NA,NA,NA,NA,0.0197646124130621,NA,NA,NA,0.0116292474116594,NA,NA,0.0305007019563446,NA,NA,NA,NA,NA,0.0238679138454265,0.0101215197562691,0.034430972948448,0.0133629190203297,0.0277727163889123,0.0200333648616941
"A0A0A0MSA3",NA,NA,NA,NA,NA,NA,NA,NA,NA,NA,NA,NA,NA,0.001628664,NA,NA,NA,NA,NA,NA,NA,NA,NA,NA,NA,NA,NA,NA,NA,NA,NA,NA,NA
"A0A0A0MSA7",NA,NA,NA,NA,NA,NA,NA,NA,NA,NA,NA,NA,NA,0.000771605,NA,NA,NA,NA,NA,0.000426784582450147,NA,NA,NA,NA,NA,NA,NA,NA,NA,NA,NA,NA,NA
"A0A0A0MSE2",NA,NA,0.00731524641860794,NA,NA,NA,NA,0.00615548103009957,NA,NA,NA,NA,NA,NA,NA,NA,NA,NA,NA,NA,NA,NA,0.00364207251178648,0.00772661152178044,NA,NA,NA,NA,NA,NA,NA,NA,NA
"A0A0A0MSI0",NA,0.01660985583147,0.0268046369233769,0.0211286150059044,0.031195401679923,0.0239434734266649,NA,0.0249046637000669,0.0226400881736347,0.00518361544855857,NA,0.0189545688184795,0.0392831305955487,0.046935926,0.0313388565995624,0.0325829674775451,NA,0.0101915794960201,0.0115975639201609,0.035927739056328,NA,0.0223576952031237,0.0220648777175699,0.0302117101100387,0.00988122658931702,NA,0.00979995073485928,0.0306046364449193,NA,NA,NA,0.016369357617167,0.0353409516643425
"A0A0A0MSK3",NA,NA,NA,NA,NA,NA,NA,NA,NA,NA,NA,NA,0.00446840792617042,NA,NA,NA,NA,NA,NA,NA,NA,NA,NA,NA,NA,NA,NA,0.00142244374337381,NA,NA,NA,NA,NA
"A0A0A0MSK5",NA,NA,0.00121056079800091,NA,NA,NA,NA,NA,NA,NA,NA,NA,0.00244371516031051,0.002364066,NA,0.00124120679105196,NA,NA,NA,0.00261519359851579,NA,NA,NA,NA,NA,NA,NA,NA,NA,NA,NA,NA,NA
"A0A0A0MSL1",NA,NA,NA,NA,NA,NA,NA,NA,NA,NA,0.000511591038508983,NA,NA,NA,NA,NA,NA,NA,NA,NA,NA,NA,NA,NA,NA,NA,NA,NA,NA,NA,NA,NA,NA
"A0A0A0MSL3",NA,NA,NA,NA,NA,NA,NA,NA,NA,NA,NA,NA,0.010035840893648,NA,NA,NA,NA,NA,NA,NA,NA,NA,NA,NA,NA,NA,NA,NA,NA,NA,NA,NA,NA
"A0A0A0MSM0",NA,NA,NA,NA,0.000662122132696229,NA,NA,NA,NA,NA,NA,0.000380171310055549,NA,0.001285647,NA,NA,NA,NA,NA,NA,NA,NA,NA,NA,NA,NA,NA,NA,NA,NA,NA,NA,NA
"A0A0A0MSQ0",0.00412667555128202,0.00669541438659758,NA,0.00102690135086833,0.00404402643250107,NA,NA,0.00260869153250811,NA,NA,0.00160941383877258,0.00437065432948099,0.00250221486889202,0.001356239,0.00243834456155267,0.0014241337230767,NA,NA,0.000553829489512873,0.00413143918769616,NA,0.00102031757414817,0.00399552220381455,0.00235589223805584,NA,NA,0.000809034531257456,NA,NA,NA,NA,0.00150581469073651,NA
"A0A0A0MSR2",NA,NA,NA,NA,NA,NA,NA,NA,NA,NA,NA,NA,NA,NA,NA,NA,NA,NA,NA,NA,NA,0.00175774316647356,NA,NA,NA,NA,NA,0.00307531511643337,NA,0.00311583543929426,NA,NA,NA
"A0A0A0MSV6",NA,NA,0.00887977883044117,NA,0.00545772576207502,NA,NA,NA,NA,NA,NA,NA,NA,NA,NA,0.0151742923057043,NA,NA,NA,0.00959156317962491,NA,0.00978443385842888,NA,0.0109537214525915,NA,NA,NA,NA,NA,NA,NA,NA,NA
"A0A0A0MSW0",NA,NA,NA,NA,NA,NA,NA,NA,NA,NA,NA,NA,0.000414803899040908,0.000802568,NA,NA,NA,NA,NA,NA,NA,NA,NA,NA,NA,NA,NA,NA,NA,NA,NA,NA,NA
"A0A0A0MSW3",NA,NA,NA,NA,0.000712056381393254,NA,NA,NA,NA,NA,NA,NA,NA,NA,NA,NA,NA,NA,NA,NA,NA,NA,NA,NA,NA,NA,NA,NA,NA,NA,NA,NA,NA
"A0A0A0MSX9",NA,NA,0.0010030701202992,0.000498086475967603,NA,NA,NA,NA,NA,NA,NA,NA,NA,NA,NA,NA,NA,NA,NA,NA,NA,NA,0.000998805342165295,NA,NA,NA,NA,NA,NA,NA,NA,NA,NA
"A0A0A0MSZ4",NA,NA,NA,NA,NA,NA,NA,0.00235309876461252,NA,NA,NA,NA,NA,NA,NA,NA,NA,NA,NA,NA,NA,NA,NA,NA,NA,NA,NA,NA,NA,NA,NA,NA,NA
"A0A0A0MT01",NA,NA,NA,NA,NA,NA,NA,NA,NA,NA,0.00787867634326427,NA,NA,NA,NA,NA,NA,NA,NA,NA,NA,NA,NA,NA,NA,NA,NA,NA,NA,NA,NA,NA,NA
"A0A0A0MT12",NA,NA,0.0119085409434427,NA,0.00823418461387402,NA,NA,NA,NA,NA,NA,NA,NA,NA,0.00209054898596446,NA,NA,NA,NA,NA,NA,NA,NA,0.00330522157329132,NA,NA,NA,NA,NA,NA,NA,NA,NA
"A0A0A0MT20",NA,NA,NA,NA,NA,NA,NA,NA,NA,NA,NA,NA,NA,NA,NA,NA,NA,NA,NA,NA,NA,NA,NA,NA,NA,NA,NA,NA,NA,NA,NA,0.00357388647979175,NA
"A0A0A0MT26",NA,NA,NA,NA,0.00113359223337263,NA,0.000640079288239109,NA,NA,NA,NA,NA,0.000732669233752919,0.000354394,NA,NA,NA,NA,0.000478460308927775,NA,NA,NA,NA,NA,NA,NA,0.000271808379340894,NA,NA,NA,NA,NA,NA
"A0A0A0MT33",NA,NA,0.000405919813178527,NA,NA,NA,NA,NA,NA,NA,NA,NA,NA,NA,NA,NA,NA,NA,NA,NA,NA,NA,NA,NA,NA,NA,NA,NA,NA,NA,NA,NA,NA
"A0A0A0MT44",NA,NA,NA,0.00627834933371966,NA,NA,NA,NA,NA,NA,NA,NA,NA,NA,NA,NA,NA,NA,NA,NA,NA,0.00696587340766922,NA,NA,0.00202422533325916,NA,NA,NA,NA,NA,NA,NA,NA
"A0A0A0MTE2",NA,NA,NA,NA,NA,NA,NA,NA,NA,NA,NA,NA,NA,0.00077821,NA,NA,NA,NA,NA,NA,NA,NA,NA,NA,NA,NA,NA,NA,NA,NA,NA,NA,NA
"A0A0A0MTH3",NA,NA,NA,NA,NA,NA,NA,NA,NA,NA,NA,NA,NA,0.007022472,0.00303012259416761,NA,NA,0.00332725422094554,NA,NA,NA,0.00475479506732174,NA,NA,NA,NA,NA,NA,NA,NA,NA,0.00350863321637486,NA
"A0A0A0MTI5",NA,NA,NA,NA,0.00990405402280235,NA,NA,NA,NA,NA,NA,NA,NA,NA,NA,NA,NA,NA,0.0146861682851052,NA,NA,NA,0.00356566446195038,NA,NA,NA,NA,NA,NA,NA,NA,NA,NA
"A0A0A0MTN3",NA,0.00233905286981974,0.0048308230679813,NA,0.00445370991099987,NA,NA,NA,NA,NA,NA,0.00255719150110578,NA,0.011006289,0.00508831850333317,NA,NA,NA,0.00247655949185422,0.00260902638308622,NA,NA,NA,NA,NA,NA,0.00422071838281246,NA,NA,NA,NA,0.0039279038784799,0.00218858735578361
"A0A0A0MTS2",NA,NA,0.00845101364854536,NA,NA,NA,NA,0.00323718464214029,0.000932379414853914,NA,NA,NA,0.00383254287683871,0.002443684,NA,NA,NA,NA,0.00222470550367163,0.00429678582860067,NA,NA,0.00283180310969071,0.00692555976270102,NA,NA,0.00142180978852289,0.00383437060547443,NA,NA,NA,0.000882114003079317,NA
"A0A0A0MTS7",NA,NA,NA,NA,NA,NA,NA,NA,NA,NA,NA,NA,NA,NA,NA,NA,NA,NA,NA,NA,1.32749414428333e-05,NA,NA,NA,NA,NA,NA,NA,NA,NA,NA,NA,5.64200207809329e-06
"A0A0A1EDG2",NA,NA,NA,NA,NA,NA,NA,NA,NA,NA,NA,NA,NA,NA,NA,NA,NA,NA,NA,NA,NA,0.000216291856633437,NA,NA,NA,NA,NA,NA,NA,NA,NA,NA,NA
"A0A0A6YYJ5",NA,NA,NA,NA,NA,NA,NA,NA,NA,NA,NA,NA,NA,0.00036075,NA,NA,NA,NA,NA,NA,NA,NA,NA,NA,NA,NA,NA,NA,NA,NA,NA,NA,NA
"A0A0A7C3R6",NA,NA,NA,NA,NA,NA,NA,NA,NA,NA,NA,NA,NA,NA,NA,NA,NA,NA,NA,NA,NA,0.000890664109385219,NA,NA,NA,NA,NA,NA,NA,NA,NA,NA,NA
"A0A0A7C3Y6",NA,NA,NA,NA,NA,NA,NA,NA,NA,NA,NA,0.000229779468682239,NA,NA,NA,NA,NA,NA,NA,NA,NA,NA,NA,NA,NA,NA,NA,NA,NA,NA,NA,NA,NA
"A0A0A7E6D4",NA,NA,NA,NA,NA,NA,NA,NA,NA,NA,NA,NA,0.00128889248025793,NA,NA,NA,NA,NA,NA,NA,NA,NA,NA,NA,NA,NA,NA,NA,NA,NA,NA,NA,NA
"A0A0A8WFP6",NA,NA,NA,NA,NA,NA,NA,NA,NA,NA,NA,NA,0.00128090617897508,NA,NA,NA,NA,NA,NA,0.00102809195862781,NA,NA,NA,NA,NA,NA,NA,NA,NA,NA,NA,NA,NA
"A0A0B4J1R6",NA,0.00387405560281271,0.00889005704447474,0.00264867875229955,0.0109417452305698,0.00415533356947107,NA,0.0181050766129768,0.00878638139254906,NA,NA,0.00644714078503445,0.0129660102860852,0.010199653,0.00702294015717146,0.00410180090365219,NA,0.000771160813557058,0.00592482341082416,0.0123622878670261,NA,0.00293872798491938,0.00374007950585461,0.00709388921524972,NA,NA,0.0160292917642311,0.00599846592345417,NA,NA,NA,0.00628709472265202,0.00753162642507698
"A0A0B4J1V1",NA,NA,0.0180729622822791,NA,NA,NA,NA,NA,NA,NA,NA,NA,NA,NA,NA,NA,NA,NA,NA,NA,NA,NA,NA,NA,NA,NA,NA,NA,NA,NA,NA,NA,NA
"A0A0B4J1Y8",NA,NA,NA,0.0139327739797844,NA,NA,NA,NA,NA,NA,NA,NA,NA,NA,NA,NA,NA,NA,NA,0.0303075882690554,NA,NA,NA,NA,NA,NA,NA,NA,NA,NA,NA,NA,NA
"A0A0B4J1Z1",NA,0.0337825185927849,0.0396909969264162,NA,0.0214468504572787,NA,NA,0.0107833249975845,NA,NA,NA,0.0105523015681221,NA,0.02406926,0.01827868366361,0.0274651002183864,0.0221865713113067,0.0151305055907799,0.029381269439404,0.0403732471467344,NA,0.0240246347897829,0.0297746035249282,0.00787659648730755,NA,NA,0.0154574827838534,0.0175337843597553,NA,NA,NA,NA,NA
"A0A0B4J207",NA,NA,NA,NA,NA,NA,NA,0.00331316291479528,NA,NA,NA,NA,NA,NA,0.00392263149375726,NA,NA,NA,NA,NA,NA,NA,NA,NA,NA,NA,NA,NA,NA,NA,NA,NA,NA
"A0A0B4J210",NA,NA,NA,NA,NA,NA,NA,NA,NA,NA,NA,NA,NA,0.00203252,NA,NA,NA,NA,NA,NA,NA,NA,NA,NA,NA,NA,NA,NA,NA,NA,NA,NA,NA
"A0A0B4J231",NA,0.00139291848955311,0.00732894524193526,NA,0.00265220956989007,0.00597621069597932,NA,NA,0.00593370466103314,0.00358543185923123,NA,NA,NA,NA,NA,0.013273242913477,NA,NA,0.00221220767727668,0.00932213717303587,NA,0.00140882770834772,NA,0.00177433855283157,0.0120899143900629,NA,NA,0.00485269111208999,NA,0.00174232728795738,NA,NA,NA
"A0A0B4J239",NA,0.0206616295510817,0.0746764756915305,NA,NA,0.0332426709492409,NA,NA,NA,NA,NA,NA,NA,0.052083333,NA,0.0437525433223104,NA,NA,NA,NA,NA,NA,0.0424908412118681,NA,NA,NA,NA,0.0822646736883302,NA,NA,NA,NA,NA
"A0A0B4J259",NA,0.00361955556351267,NA,0.0148480657010841,NA,NA,NA,NA,NA,NA,NA,NA,NA,NA,NA,0.00574850976317477,0.00924440521963783,NA,0.00766467898419234,NA,NA,0.00823701744875904,0.0111654763218481,NA,NA,NA,NA,0.0180141620134472,NA,NA,NA,NA,NA
"A0A0B4J269",NA,0.00425515556424018,0.00758456102482343,0.0047687460482005,0.0050945708514683,0.00942228582416838,0.00671064501953139,0.00493711261976291,0.0030465764642817,0.00338750904542703,0.00477919426027381,0.00784698322179767,0.0135051445430992,0.0118854,0.0063937077640759,0.00329026543582909,0.0146994544439763,0.00542268161421929,0.015234431401091,0.00868039388195289,NA,0.00812183324430951,NA,0.0129640994797443,0.00731041959931152,0.00282857125328991,0.0135358715322904,0.00628774602999067,NA,NA,0.00371832419237236,0.00453405758205398,0.00672564694104313
"A0A0B4J278",NA,NA,NA,NA,NA,NA,NA,NA,NA,NA,NA,0.0301942755766867,NA,NA,0.0273094573634322,NA,NA,NA,NA,NA,NA,NA,NA,NA,NA,NA,NA,0.0413406018770826,NA,NA,NA,NA,0.011746340243582
"A0A0B4J296",NA,NA,NA,NA,NA,NA,NA,NA,NA,NA,NA,NA,NA,NA,NA,NA,NA,NA,NA,NA,NA,NA,NA,NA,NA,NA,0.0135574592918561,NA,NA,NA,NA,NA,NA
"A0A0B4J2A4",NA,NA,NA,NA,NA,NA,NA,NA,NA,NA,NA,NA,NA,NA,NA,NA,NA,NA,NA,NA,NA,NA,NA,0.00240481434426864,NA,NA,NA,NA,NA,NA,NA,NA,NA
"A0A0B4J2B4",NA,NA,0.0101256241350282,0.00646457083568786,NA,0.00920277330010921,0.00446428471721555,NA,0.00745903531883131,NA,NA,NA,NA,0.017655367,NA,NA,0.00643974619232772,NA,0.0222470560867773,NA,NA,0.00478165832904075,0.0165642262524194,NA,NA,NA,0.0173325388856842,0.0125488481773606,NA,NA,NA,NA,NA
"A0A0B4J2B5",NA,0.0151799725290073,NA,NA,0.00687265064576175,NA,NA,0.0170447564943342,0.0238745855153588,NA,NA,NA,NA,NA,NA,0.00803618112652937,NA,NA,NA,0.0112880308439486,NA,0.0287875356671835,0.00780443993122225,NA,NA,NA,NA,0.0209858858327122,NA,NA,0.0073478593383704,NA,NA
"A0A0B4J2C3",NA,NA,NA,NA,0.0110155098030361,0.00531882757526928,NA,0.00303706539781586,NA,NA,NA,NA,NA,0.006666667,NA,NA,NA,NA,NA,NA,NA,NA,NA,0.0126332913678579,NA,NA,0.00596528244633361,NA,NA,NA,NA,NA,NA
"A0A0B4J2D9",NA,NA,NA,NA,NA,NA,NA,NA,0.0249566961629415,NA,NA,NA,0.0126059951427905,NA,NA,NA,NA,NA,NA,NA,NA,NA,NA,0.011554840000814,NA,NA,NA,0.0329058692778969,NA,NA,NA,NA,NA
"A0A0B4J2H0",NA,NA,NA,NA,NA,NA,NA,NA,NA,NA,NA,NA,NA,NA,NA,NA,NA,NA,NA,0.0082730645134507,NA,NA,NA,NA,NA,NA,NA,NA,NA,NA,NA,NA,NA
"A0A0B7MGD5",NA,NA,NA,NA,NA,NA,NA,0.000299447692918999,NA,NA,NA,0.000153667357593147,0.000213904903360793,0.000670302,NA,0.000363157307321008,NA,NA,NA,NA,NA,0.000173078172774259,NA,NA,NA,NA,NA,NA,NA,NA,NA,NA,NA
"A0A0C4DFM1",NA,NA,NA,NA,NA,NA,NA,NA,NA,NA,NA,NA,NA,0.002506266,NA,NA,NA,NA,NA,NA,NA,0.00141412475310761,NA,NA,NA,NA,NA,NA,NA,NA,NA,NA,NA
"A0A0C4DFM8",NA,NA,NA,NA,NA,NA,NA,NA,NA,NA,NA,0,NA,NA,NA,NA,NA,NA,NA,NA,NA,NA,NA,NA,NA,NA,NA,NA,NA,NA,NA,NA,NA
"A0A0C4DFS1",NA,NA,NA,NA,0.000362114417053338,0.00081241151217775,0.0013853660920617,0.00104829698294339,NA,NA,NA,NA,NA,NA,NA,NA,NA,NA,NA,NA,NA,NA,NA,NA,NA,NA,NA,NA,0.000388180000207445,NA,NA,0.000699556919388917,NA
"A0A0C4DFS5",NA,NA,NA,NA,NA,NA,NA,NA,NA,NA,NA,NA,NA,NA,NA,NA,NA,NA,NA,NA,NA,NA,NA,NA,NA,NA,NA,NA,0.00108800183116632,NA,NA,NA,NA
"A0A0C4DFS8",NA,NA,NA,NA,NA,NA,NA,NA,NA,NA,NA,0.00329559000576726,0.00314192008250872,NA,NA,NA,NA,NA,NA,0.00336239240165001,NA,NA,NA,NA,NA,NA,NA,NA,NA,NA,NA,NA,NA
"A0A0C4DFV9",NA,NA,NA,NA,0.0240338384544038,NA,NA,0.00759266395009952,NA,NA,NA,0.0267229049550332,0.0197589725062726,0.011471861,NA,NA,NA,NA,0.0136977657874692,NA,NA,NA,0.0101978018092659,NA,NA,NA,0.0112978831906096,NA,NA,NA,NA,0.030448794673853,0.00843600780752582
"A0A0C4DFZ2",NA,0.00379984035062207,NA,NA,0.00361757325708611,0.00611359440973107,NA,0.00349088045879871,NA,NA,NA,NA,0.00990126044979341,0.007662835,NA,NA,NA,0.0022691619142522,NA,NA,NA,NA,NA,NA,NA,NA,NA,NA,NA,NA,NA,NA,NA
"A0A0C4DG17",NA,0.00914008752485593,0.0371867278970786,0.00855012004596085,0.0268392573953764,0.0150869517952725,NA,0.0232678216511963,0.00665915172226025,NA,0.00583393290963833,0.0195974514920022,0.0301709272561559,0.028115427,0.0187278393404003,0.00824761826561588,0.0208611801611531,0.00649398230721025,0.0176983975109964,0.0274515602065502,NA,0.00441913914816664,0.0188474834841086,0.0127112779407505,0.00604071516330002,0.00584323319391396,0.0196322661080129,0.0180404988843045,0.00561073438786019,NA,NA,0.0203280245097406,0.0196533314796128
"A0A0C4DG44",NA,NA,NA,NA,NA,NA,NA,NA,NA,NA,NA,NA,0.00287136577852607,NA,NA,NA,NA,NA,NA,0.00102428432535273,NA,NA,NA,NA,NA,NA,NA,NA,NA,NA,NA,NA,NA
"A0A0C4DG79",NA,NA,0.00121631131332559,NA,0.00186893603128185,NA,NA,NA,NA,NA,NA,NA,0.00184149367140505,0.003562945,NA,NA,NA,NA,NA,NA,NA,NA,NA,NA,NA,NA,NA,NA,NA,NA,NA,NA,NA
"A0A0C4DGA1",NA,NA,NA,0.00706314198334211,NA,NA,NA,NA,NA,NA,NA,NA,NA,NA,NA,NA,NA,NA,NA,NA,NA,NA,NA,NA,NA,NA,NA,NA,NA,NA,NA,NA,NA
"A0A0C4DGB5",NA,NA,NA,NA,NA,NA,NA,NA,NA,NA,NA,NA,NA,NA,NA,NA,NA,NA,NA,NA,NA,NA,NA,NA,NA,NA,NA,NA,NA,NA,NA,0.00130111819617778,NA
"A0A0C4DGB6",0.0249347426963963,0.00537036786356839,0.00729222694702241,0.00692431597527979,NA,0.00771083745289815,0.00665832783311338,0.00392827167588085,NA,0.00600766804220617,0.00495857526783395,0.00309976596292304,0.00614071109165094,0.006161205,0.0049610172581306,0.0064444272110817,0.00727698801104118,0.00686187927761203,0.0077898809111415,0.0115068381162549,NA,0.00845438812405256,0.00417713587601595,0.0109602184386721,0.0195956671550597,0.00251962380212903,0.00203698577358881,0.0148492152569088,0.0105347631685199,0.00642986250445249,0.00270695649539265,0.0045590190662451,NA
"A0A0C4DGC5",NA,0.0240259729928821,0.0349198368631134,0.0388204225464517,0.0206810528671092,0.0265455017216058,0.0172443491825443,0.0164545021678302,0.00545961106116801,0.00465927326797233,0.0233182802450477,0.0117473922558001,0.0363441665549993,0.017609868,0.0148984548680038,0.0206127442477907,0.00870197238079923,0.0104023605141597,0.00317055847825691,0.0328955288596209,NA,0.0100361890573342,0.0350588943477725,0.0100795778894823,0.00875405815782138,0.00715234277533,0.015712455645652,0.0139819810634175,0.0152853177125226,NA,NA,0.017222747094053,0.0169974295263764
"A0A0C4DGF0",NA,NA,NA,NA,NA,NA,NA,NA,NA,NA,NA,NA,NA,NA,0.00797086416439769,NA,NA,NA,NA,NA,NA,NA,NA,NA,NA,NA,NA,NA,NA,NA,NA,NA,NA
"A0A0C4DGG8",NA,NA,NA,NA,NA,NA,NA,NA,NA,NA,0.00391648642312402,NA,0.00494589281630502,NA,NA,NA,NA,NA,NA,NA,NA,NA,NA,NA,NA,NA,NA,NA,NA,NA,NA,NA,NA
"A0A0C4DGG9",NA,NA,0.000634925508857231,NA,0.000195119922668285,NA,NA,NA,NA,NA,NA,NA,NA,NA,NA,NA,NA,NA,NA,0.000257182286342489,NA,NA,NA,NA,NA,NA,NA,NA,NA,NA,NA,NA,NA
"A0A0C4DGH0",NA,NA,NA,NA,NA,NA,NA,NA,NA,NA,NA,NA,NA,0.008230453,NA,0.00432123845773644,NA,NA,NA,NA,NA,NA,NA,NA,NA,NA,NA,NA,NA,NA,NA,NA,NA
"A0A0C4DGH5",NA,NA,NA,NA,0.00289669062003314,NA,NA,0.00364031866922898,NA,NA,NA,0.00232073847984721,0.00442504973211017,NA,0.00169320224397329,0.00269707440855663,NA,NA,0.000899024452831865,0.00189422454337271,NA,NA,0.00130964963801443,0.00169002743828983,NA,NA,0.00114913435542177,NA,NA,NA,NA,0.0013070596223088,NA
"A0A0C4DGI3",NA,NA,0.00219771381960445,NA,NA,NA,NA,0.00391038457372517,NA,NA,NA,NA,NA,NA,NA,NA,NA,NA,NA,0.00534122450335454,NA,NA,0.00437673847060889,NA,NA,NA,NA,NA,NA,NA,NA,0.00714777379229914,NA
"A0A0C4DGK8",NA,NA,NA,NA,NA,NA,NA,NA,NA,NA,NA,NA,NA,NA,NA,NA,NA,NA,NA,NA,NA,NA,0.0034923983548517,NA,NA,NA,NA,NA,NA,NA,NA,NA,NA
"A0A0C4DGL3",NA,NA,NA,NA,0.0133927165490929,NA,NA,0.0269243409399969,0.0156057832137439,NA,NA,0.00768970965204062,NA,NA,NA,NA,NA,NA,0.00744724179637278,NA,NA,NA,NA,NA,NA,NA,NA,NA,NA,NA,NA,NA,NA
"A0A0C4DGL8",NA,NA,NA,NA,NA,NA,NA,NA,NA,NA,NA,NA,NA,NA,NA,NA,NA,NA,NA,NA,NA,NA,NA,NA,NA,NA,NA,NA,NA,NA,0.00452886928377622,NA,NA
"A0A0C4DGP4",NA,NA,0.00616948465989875,NA,0.0385827227367436,0.00921182461448286,NA,0.0114347355012938,NA,NA,NA,NA,NA,NA,NA,NA,NA,NA,NA,NA,NA,0.00679802005748513,NA,NA,NA,NA,NA,NA,NA,NA,NA,NA,NA
"A0A0C4DGP7",NA,NA,0.00208157389273634,NA,0.00191907800101494,NA,NA,0.00191359830540067,NA,NA,NA,0.00220375777131544,0.00420199872549405,NA,NA,NA,NA,NA,NA,NA,NA,0.00917456390253057,NA,NA,NA,NA,NA,NA,NA,NA,NA,NA,NA
"A0A0C4DGQ5",NA,NA,NA,0.00651982336923887,0.00403498490231307,NA,NA,0.00584051059067352,NA,NA,NA,0.00926708593531823,0.00662622776549869,0.00534188,NA,NA,NA,NA,NA,NA,NA,NA,NA,NA,0.00420416038321315,NA,NA,0.00421870096166409,NA,NA,NA,NA,NA
"A0A0C4DGQ8",NA,NA,NA,NA,0.00406976967817524,NA,NA,NA,NA,NA,NA,NA,NA,NA,NA,NA,NA,NA,NA,NA,NA,NA,NA,NA,NA,NA,NA,NA,NA,NA,NA,NA,NA
"A0A0C4DGS1",NA,0.0040489650602921,0.00500097687352063,0.00146555097469593,0.00413818543396291,0.00473252978372432,NA,0.00218808769609113,NA,NA,NA,0.0046869557838722,0.00372367241039902,0.004936874,0.00310871299861493,0.00822814383372874,NA,0.00213347005695598,0.0046400390869718,0.00676305915068078,NA,0.00596214436312699,0.00367355924465277,0.00424750437425793,0.00212631151896673,NA,NA,0.00284488748674762,NA,NA,NA,0.00279971657312992,NA
"A0A0C4DGV3",NA,NA,NA,NA,NA,NA,NA,NA,NA,NA,NA,NA,0.0125549586875435,NA,0.00436730183801463,NA,NA,NA,NA,NA,NA,NA,NA,NA,NA,NA,NA,NA,NA,NA,NA,NA,NA
"A0A0C4DGW6",NA,NA,NA,NA,NA,NA,NA,0.00778734836535107,NA,NA,NA,NA,NA,NA,NA,NA,NA,NA,NA,NA,NA,NA,NA,NA,NA,NA,NA,NA,NA,NA,NA,NA,NA
"A0A0C4DGZ5",NA,NA,NA,NA,0.00344741668202023,NA,NA,NA,0.000756156939964337,NA,NA,NA,0.00133207701412979,0.00257732,NA,NA,NA,NA,NA,0.00261350881482086,NA,NA,NA,NA,NA,NA,0.00269052687426183,NA,NA,NA,NA,NA,NA
"A0A0C4DGZ6",NA,NA,NA,NA,0.00317907887088506,NA,NA,NA,NA,NA,NA,NA,NA,NA,NA,NA,NA,NA,NA,0.0074493402463216,NA,NA,NA,NA,NA,NA,NA,NA,NA,NA,NA,NA,NA
"A0A0C4DH07",NA,NA,NA,NA,NA,NA,NA,NA,0.00303505596894504,NA,NA,NA,NA,NA,NA,NA,NA,NA,NA,NA,NA,NA,NA,NA,NA,NA,NA,NA,NA,NA,NA,NA,NA
"A0A0C4DH22",NA,NA,NA,NA,NA,NA,NA,NA,NA,NA,NA,0.0013990314185135,NA,NA,NA,NA,NA,NA,NA,NA,NA,NA,NA,NA,NA,NA,NA,NA,NA,0.00180077984758832,NA,NA,NA
"A0A0C4DH25",NA,NA,0.0475336695499508,0.0270519634551535,0.0488503178424424,0.031218855296452,NA,0.0434826970880235,0.0581025272644523,NA,NA,NA,NA,NA,NA,NA,NA,NA,NA,NA,NA,NA,NA,NA,0.0320660382741489,NA,NA,NA,NA,NA,NA,NA,NA
"A0A0C4DH42",NA,NA,NA,0.00964484315962735,NA,NA,NA,NA,NA,NA,NA,NA,NA,NA,NA,NA,NA,NA,NA,NA,NA,NA,NA,NA,NA,NA,NA,NA,NA,NA,NA,NA,NA
"A0A0C4DH52",NA,NA,NA,NA,NA,NA,NA,NA,NA,NA,NA,NA,NA,0.001533742,NA,NA,NA,NA,NA,NA,NA,NA,NA,NA,NA,NA,NA,NA,NA,NA,NA,NA,NA
"A0A0D9SEI8",NA,0.0107799805922271,NA,NA,0.0205257936670753,0.00867200087437724,NA,0.0198069498311812,0.0159450397532454,NA,0.00889723527438544,0.0176779729652015,0.00608604637889643,0.018115942,0.0039084182322241,0.0228274132681248,NA,NA,NA,0.00551109450639206,NA,0.0122659932521225,NA,NA,NA,NA,0.00648400250344222,0.0107301746572298,NA,NA,NA,NA,0.0100865309733503
"A0A0D9SEM4",NA,0.00196777429018675,0.00108374017223323,NA,0.00249784829124389,NA,NA,0.00482073894362511,NA,NA,NA,0.000956127629991429,0.00205097540841982,NA,NA,0.00208345444391954,NA,NA,0.00277793960857973,NA,NA,0.00417952404460153,0.00134891525410083,0.00375990826927277,0.00130128750342941,NA,0.00157811658532822,0.0052231536185925,NA,NA,NA,NA,NA
"A0A0D9SEN0",NA,NA,NA,NA,NA,NA,NA,NA,NA,NA,NA,NA,NA,0.00390625,NA,NA,NA,NA,NA,NA,NA,NA,NA,NA,NA,NA,NA,NA,NA,NA,NA,NA,NA
"A0A0D9SEN7",NA,NA,NA,NA,NA,NA,NA,NA,NA,NA,NA,NA,NA,0.002024291,0.00436730183801463,NA,NA,NA,0.00212562909518208,NA,NA,NA,NA,NA,NA,NA,NA,NA,NA,NA,NA,NA,0.00751385319057012
"A0A0D9SET8",NA,0.00379984035062207,0.0103002032258245,NA,0.0135658982977931,0.00917039201350865,NA,0.00445710560046357,NA,NA,NA,NA,0.00594075585639941,NA,0.00619956017774655,0.012069667159605,NA,NA,NA,0.00635762585522725,NA,0.0194564031284865,NA,NA,NA,NA,0.0038568636120781,0.0170202770765431,NA,NA,NA,0.00478572173716889,0.00533310803208289
"A0A0D9SEV0",NA,NA,NA,NA,NA,NA,NA,NA,NA,NA,NA,NA,0.00771411684722516,NA,NA,NA,NA,NA,NA,NA,NA,NA,NA,NA,NA,NA,NA,NA,NA,NA,NA,NA,NA
"A0A0D9SF20",NA,NA,NA,NA,0.017063611796137,0.00480616894782196,0.0190404436960157,0.0407076578743788,0.0119299636137671,NA,0.016436659638374,NA,0.010767621152627,0.027108434,NA,0.0168684502730499,0.015767464746603,NA,NA,0.00999602742024143,NA,NA,NA,NA,NA,NA,0.00808547316838013,NA,NA,NA,NA,0.00752453931699253,0.0139753143122674
"A0A0D9SF53",NA,NA,0.00154703097703654,NA,NA,0.00123027986090779,NA,0.00239357981334812,NA,NA,NA,NA,0.00156146765131384,0.001528557,NA,NA,NA,NA,NA,0.00232751705916316,NA,NA,0.000843581541485915,NA,NA,NA,NA,0.000497067839815269,NA,NA,NA,NA,0.00201502062705192
"A0A0D9SF54",NA,NA,0.000694705264870905,0.00062093599487192,0.00122421997722136,0.000857787757660454,NA,0.00130407197478106,0.000706505004527577,NA,NA,0.000625160623667241,0.000918556960053064,0.000866814,NA,NA,NA,NA,0.000462989759753117,0.00132631637226224,NA,NA,0.000622576820235866,NA,0.000400395852201789,NA,0.00109254232021125,NA,NA,NA,NA,0.0011014754528719,0.000692413777073131
"A0A0D9SFB1",NA,NA,NA,NA,NA,NA,NA,NA,NA,NA,NA,NA,0.000273102353770664,NA,NA,NA,NA,NA,NA,NA,NA,NA,NA,NA,NA,NA,NA,NA,NA,NA,NA,NA,NA
"A0A0D9SFE5",NA,NA,0.00550558126482393,NA,0.00129144039286512,NA,0.0234838571672248,0.00373094410234927,0.000891758864752129,NA,0.00601261979047743,0.0049433850086509,0.00327283298857508,0.019503546,0.00546465818285495,0.00576274649063761,NA,0.000900077317107207,0.00898988435738491,0.00672478369707303,NA,0.00257250290396188,0.00361624147980361,0.00215994704155118,NA,NA,0.00521282294923255,0.00475084711659777,NA,NA,NA,0.000949144281683814,0.00587614516433416
"A0A0D9SFK2",NA,NA,NA,0.00035078198473613,0.000732684968647585,NA,NA,NA,NA,NA,NA,NA,NA,NA,NA,NA,NA,NA,NA,NA,NA,NA,NA,NA,NA,NA,NA,NA,NA,NA,NA,NA,NA
"A0A0D9SFL3",NA,NA,NA,NA,0.0188837305513839,NA,NA,0.00248487218609646,0.0032006046683783,NA,NA,0.00394272401960704,0.00438535804214653,0.018484848,0.00490328936719657,NA,NA,NA,0.00190920206607466,0.0040226439763836,NA,NA,0.00927072882480719,NA,NA,NA,0.0140997580214473,NA,NA,NA,NA,0.00605611355874138,NA
"A0A0D9SFS3",NA,NA,NA,NA,NA,NA,NA,0.00233321266581209,NA,NA,NA,NA,0.000441182674919401,NA,NA,NA,NA,NA,NA,0.000708212045576478,NA,NA,0.00065286837073011,NA,NA,NA,NA,NA,NA,NA,NA,NA,NA
"A0A0D9SFY5",NA,NA,NA,NA,NA,NA,NA,NA,NA,NA,NA,NA,NA,NA,NA,NA,0.00644261958999803,NA,NA,NA,NA,NA,NA,NA,NA,NA,NA,NA,NA,NA,NA,NA,NA
"A0A0D9SG25",NA,NA,NA,NA,NA,NA,NA,NA,NA,NA,NA,NA,0.0382848739459395,0.037037037,0.0399527241419321,NA,NA,NA,NA,NA,NA,NA,NA,NA,NA,NA,0.0331404563450235,NA,NA,NA,NA,NA,NA
"A0A0D9SG88",NA,NA,0.00351297188949171,0.00246269423288633,0.0045723318412045,NA,NA,NA,NA,NA,NA,NA,NA,NA,NA,NA,NA,NA,NA,NA,NA,NA,NA,NA,NA,NA,NA,NA,NA,NA,NA,NA,NA
"A0A0D9SGF6",NA,0.000727871203332174,NA,NA,NA,NA,NA,NA,NA,NA,NA,NA,NA,NA,0.000215917306350644,NA,0.000811198866062674,NA,NA,NA,NA,NA,NA,NA,NA,NA,NA,NA,NA,NA,NA,NA,NA
"A0A0F7KYT8",NA,NA,NA,NA,NA,NA,NA,NA,NA,NA,NA,0.00168100663390973,NA,NA,NA,NA,NA,NA,NA,NA,NA,NA,NA,NA,NA,NA,NA,NA,NA,NA,NA,NA,NA
"A0A0G2JH38",NA,NA,0.00313510516906004,NA,NA,NA,NA,NA,0.00179625725502208,NA,NA,NA,NA,NA,NA,NA,NA,NA,NA,NA,NA,NA,NA,NA,NA,NA,NA,NA,NA,NA,NA,NA,NA
"A0A0G2JH46",NA,NA,0.00665022364450376,NA,NA,NA,NA,NA,NA,NA,NA,0.00234685912243314,0.00447485506066449,NA,NA,0.00852322253420521,NA,NA,NA,0.00359164577535565,NA,0.0073277358181875,0.00496646205253603,NA,NA,NA,NA,NA,NA,NA,NA,NA,NA
"A0A0G2JH50",NA,NA,NA,NA,NA,NA,NA,NA,NA,NA,0.000162894679389568,NA,0.000237357298326553,0.000170622,NA,NA,NA,NA,NA,0.000353803469708421,NA,NA,NA,NA,NA,NA,NA,NA,NA,NA,NA,NA,NA
"A0A0G2JH68",NA,NA,NA,NA,NA,NA,NA,NA,NA,NA,NA,NA,NA,0.002001281,NA,NA,NA,NA,NA,NA,NA,NA,NA,NA,NA,NA,NA,NA,NA,NA,NA,NA,NA
"A0A0G2JHC2",NA,NA,NA,NA,NA,NA,NA,NA,NA,NA,NA,NA,0.00217619267378355,0.002105263,NA,NA,NA,NA,NA,NA,NA,NA,NA,NA,NA,NA,NA,NA,NA,NA,NA,NA,NA
"A0A0G2JHI2",NA,NA,NA,NA,NA,NA,NA,NA,NA,NA,NA,0.00737584342089659,NA,NA,NA,NA,NA,NA,NA,NA,NA,NA,NA,NA,NA,NA,NA,NA,NA,NA,NA,NA,NA
"A0A0G2JI07",NA,0.00243555590481025,0.00909735006421426,NA,NA,NA,NA,NA,NA,NA,NA,NA,NA,NA,NA,NA,NA,NA,NA,NA,NA,NA,NA,NA,NA,NA,NA,NA,NA,NA,NA,NA,NA
"A0A0G2JI36",NA,8.88615377950769e-05,NA,NA,NA,0.000111179181305516,NA,NA,NA,NA,0.00014408450008567,NA,NA,0.000327787,NA,NA,0.000132885523570884,7.47421016392958e-05,NA,NA,NA,NA,0.000232543533997234,0.000154579377880172,NA,NA,NA,0.000235828470064345,NA,NA,NA,NA,5.9667883819309e-05
"A0A0G2JIC2",NA,NA,NA,NA,NA,NA,NA,0.00127607782167728,NA,NA,NA,0.00455566840982545,0.00217162065584748,0.00210084,NA,NA,NA,NA,NA,NA,NA,NA,NA,NA,NA,NA,NA,NA,NA,NA,NA,NA,NA
"A0A0G2JII1",NA,NA,0.00121056079800091,0.000360671175217619,NA,NA,NA,NA,NA,NA,NA,0.00104859672144877,0.00126885230125577,NA,0.000478157159510387,0.000797918276368747,NA,0.000900077317107207,0.00111708642696507,NA,NA,0.00180075259700901,0.00125177609296667,0.00100797560188951,0.00104656786105118,NA,NA,0.000750133391555826,NA,NA,NA,NA,0.00044872382942117
"A0A0G2JIS2",NA,NA,NA,NA,NA,NA,NA,0.000935441140007663,0.000903661352217762,NA,NA,NA,NA,NA,NA,NA,NA,NA,NA,NA,NA,NA,NA,NA,NA,NA,NA,NA,NA,NA,NA,0.000854944156996189,NA
"A0A0G2JIW1",NA,0.000940460531408084,0.00240070547436381,0.00082043767375227,0.00362753631332502,0.00112528381634937,NA,0.00193602642819327,0.00121017482906975,0.000916963800280351,0.00146797815244789,NA,0.0053014816921789,0.002304309,0.000426890822658297,0.000637772418418821,0.000873436902766387,NA,0.000772607605269449,0.0024513580636699,NA,0.000890278172165816,0.000803767283662179,0.00145210244518485,NA,NA,0.000806435159561435,NA,NA,NA,NA,0.00161802978570005,NA
"A0A0G2JJA7",NA,NA,NA,NA,NA,NA,NA,NA,NA,NA,NA,0.0158515934785254,NA,0.008636174,0.0189249749909713,NA,NA,NA,0.00921106186259808,0.0194074913159181,NA,NA,NA,NA,NA,NA,NA,0.00865943954344025,NA,NA,NA,NA,NA
"A0A0G2JJM1",NA,NA,NA,NA,0.00472093263784598,NA,NA,NA,NA,NA,NA,NA,NA,NA,NA,NA,NA,NA,NA,NA,NA,NA,NA,NA,NA,NA,NA,NA,NA,NA,NA,NA,NA
"A0A0G2JJT9",NA,NA,NA,NA,NA,NA,NA,NA,NA,NA,NA,NA,NA,NA,NA,NA,NA,NA,NA,NA,NA,NA,0.0188848186563126,NA,NA,NA,NA,NA,NA,NA,NA,NA,NA
"A0A0G2JJV3",NA,0.000479573620029571,NA,NA,NA,NA,NA,NA,NA,NA,NA,NA,NA,NA,NA,NA,NA,NA,NA,NA,NA,NA,NA,NA,NA,NA,NA,NA,NA,NA,NA,NA,NA
"A0A0G2JJZ9",NA,NA,0.00286216410251247,0.00217062391333008,0.00971533379641793,0.00445938273696061,0.0032121068853834,0.0101621326901922,0.00134171654719637,NA,NA,0.00440751662687988,0.00495235545617306,0.008993902,NA,NA,NA,NA,NA,0.00539622942762442,NA,NA,0.00621817185979094,0.00433306523717948,NA,NA,0.0027280249361087,NA,NA,NA,NA,0.00317345934002995,0.00282914853546863
"A0A0G2JL54",0.00274314289530885,0.00193243298550675,0.00174683142863442,0.00199574400994864,0.00309216838939537,0.00269805919012807,NA,0.00406121133059417,0.00383463678834474,0.00121987482034074,NA,0.00187195806176158,0.00141742789564988,0.00233109,NA,NA,0.00186991115373151,0.00165059106927481,0.0019307409179494,0.00384487661891529,NA,0.00227436640197265,0.00133206644595156,NA,0.00165352075185664,0.0012331099692505,NA,0.00275189155053401,NA,NA,0.0015570568786365,0.00226969722831317,0.00138716044776868
"A0A0G2JL56",NA,NA,NA,NA,NA,NA,NA,NA,NA,NA,NA,NA,NA,NA,NA,NA,NA,NA,0.000127645418969078,NA,NA,NA,NA,NA,NA,NA,NA,NA,NA,NA,NA,NA,NA
"A0A0G2JM75",NA,NA,NA,NA,0.0152288147171324,NA,NA,NA,NA,NA,NA,NA,0.0166724448554031,0.010752688,NA,NA,NA,NA,NA,NA,NA,NA,NA,NA,NA,NA,NA,NA,NA,NA,NA,NA,NA
"A0A0G2JMB2",NA,0.00393105393205556,NA,NA,0.00400855523303335,0.00207294246934871,NA,NA,0.00192176015287941,NA,NA,NA,0.00180557495577255,0.004366812,0.00188423339795828,NA,NA,NA,NA,NA,NA,NA,0.00194826964005664,NA,NA,0.00218164380168426,NA,0.0026685985680914,NA,NA,NA,NA,0.00135074355146068
"A0A0G2JMS7",NA,NA,NA,NA,NA,NA,NA,NA,NA,NA,NA,NA,0.000440618279307125,0.001065644,NA,NA,NA,NA,NA,NA,NA,NA,NA,NA,NA,NA,NA,NA,NA,NA,NA,NA,NA
"A0A0G2JPA8",NA,NA,NA,NA,NA,NA,NA,NA,0.00654398637637245,NA,NA,NA,NA,NA,NA,NA,NA,NA,NA,NA,NA,0.0073413564680068,NA,NA,NA,NA,NA,0.00917449866746313,NA,NA,NA,NA,0.00344966854428514
"A0A0G2JPD3",NA,NA,NA,NA,0.000125590026778089,NA,NA,NA,NA,NA,NA,NA,NA,0.000246467,NA,0.000206558555534931,NA,NA,NA,NA,NA,NA,NA,NA,NA,NA,NA,NA,NA,NA,NA,0.000581505320465695,NA
"A0A0G2JPR0",NA,NA,NA,0.000824242616834781,NA,NA,NA,NA,NA,NA,NA,NA,NA,NA,0.000783386303700735,NA,0.00103011002524542,NA,NA,NA,NA,NA,NA,0.000871577741568211,NA,NA,NA,NA,NA,0.00185363417321529,NA,NA,NA
"A0A0G2JQ62",NA,NA,NA,NA,NA,NA,NA,NA,NA,NA,NA,NA,0.00315149826885184,NA,NA,NA,NA,NA,0.0016007025355567,NA,NA,NA,NA,NA,NA,NA,NA,NA,NA,NA,NA,NA,NA
"A0A0G2JQA4",NA,NA,NA,NA,0.00132610431285177,NA,NA,NA,NA,NA,NA,NA,NA,NA,NA,NA,NA,NA,NA,NA,NA,NA,NA,NA,NA,NA,NA,NA,NA,NA,NA,NA,NA
"A0A0G2JQD0",NA,NA,NA,NA,NA,NA,NA,NA,NA,NA,NA,NA,0.00254603822417117,NA,NA,NA,NA,NA,NA,NA,NA,NA,NA,NA,NA,NA,NA,NA,NA,NA,NA,NA,NA
"A0A0G2JQH2",NA,NA,NA,0.0308209848643715,NA,0.0423088535727501,NA,NA,0.0266717026359318,NA,NA,0.049284044823843,NA,NA,NA,NA,NA,NA,NA,NA,NA,0.0341961027418178,NA,0.0215340201737892,0.0596226423653283,NA,NA,NA,NA,NA,NA,NA,NA
"A0A0G2JQJ0",NA,NA,NA,0.02273987363659,NA,NA,NA,NA,0.0107337341379034,NA,NA,NA,NA,NA,NA,NA,NA,NA,NA,NA,NA,NA,NA,NA,NA,NA,NA,NA,NA,NA,NA,NA,NA
"A0A0G2JQK5",NA,NA,NA,NA,NA,NA,NA,NA,NA,NA,NA,0.0090354079466423,NA,0.016666667,NA,NA,NA,NA,NA,NA,NA,NA,NA,NA,NA,NA,NA,NA,NA,NA,NA,NA,NA
"A0A0G2JQM1",NA,NA,NA,NA,NA,NA,NA,NA,NA,NA,NA,NA,0.00244564299513999,0.001051525,NA,NA,NA,NA,NA,NA,NA,NA,NA,NA,NA,NA,NA,0.000519019674488765,NA,NA,NA,0.00201392861778133,0.00219549138464233
"A0A0G2JQT1",NA,NA,NA,NA,NA,NA,NA,NA,NA,NA,NA,NA,NA,0.00128041,NA,NA,NA,NA,NA,NA,NA,NA,NA,NA,NA,NA,NA,NA,NA,NA,NA,NA,NA
"A0A0G2JRA5",NA,NA,NA,NA,NA,NA,NA,NA,NA,NA,NA,NA,NA,0.00177305,NA,NA,NA,NA,NA,NA,NA,NA,NA,NA,NA,NA,NA,NA,NA,NA,NA,NA,NA
"A0A0G2JRN3",NA,NA,NA,NA,NA,NA,NA,NA,NA,0.0129643293555982,NA,0.00901491997759561,NA,NA,NA,NA,NA,NA,NA,NA,NA,NA,NA,NA,NA,NA,NA,0.0119759454704491,NA,NA,NA,NA,NA
"A0A0G2JRQ6",NA,NA,0.00624472270234354,NA,NA,NA,NA,NA,NA,NA,NA,NA,NA,NA,NA,NA,NA,NA,NA,NA,NA,NA,NA,NA,NA,NA,NA,NA,NA,NA,NA,NA,NA
"A0A0G2JS82",NA,NA,NA,NA,NA,NA,NA,NA,NA,NA,NA,0.00231380470751161,NA,NA,NA,NA,NA,NA,NA,NA,NA,NA,NA,NA,NA,NA,0.00114570103728145,NA,NA,NA,NA,NA,NA
"A0A0G2R1L2",NA,0.00547932738198197,NA,NA,NA,NA,NA,NA,NA,NA,NA,0.0119806521637626,NA,0.005524862,NA,0.0116028845794067,NA,NA,NA,NA,NA,NA,NA,NA,NA,NA,NA,0.00545401165705271,NA,NA,NA,0.00920127805385105,NA
"A0A0J9YVP6",NA,NA,NA,NA,0.00225342861322511,NA,NA,0.0021745101901659,NA,NA,NA,NA,0.00246704454597616,0.002386635,NA,NA,NA,NA,NA,NA,NA,NA,NA,NA,NA,NA,NA,NA,NA,NA,NA,NA,0.00221470388645562
"A0A0J9YVV8",NA,NA,NA,NA,NA,0.00816486638097338,0.00847169880756474,0.0194811780675877,NA,NA,NA,NA,NA,NA,NA,NA,NA,NA,NA,NA,NA,NA,NA,0.00623353173169038,NA,NA,NA,NA,NA,NA,NA,NA,NA
"A0A0J9YVW2",NA,NA,NA,NA,0.0205257936670753,NA,NA,NA,NA,NA,NA,0.011785314948718,NA,NA,NA,NA,NA,NA,NA,NA,NA,NA,NA,NA,NA,NA,NA,NA,NA,NA,NA,NA,NA
"A0A0J9YWE1",NA,NA,NA,NA,NA,NA,NA,NA,NA,NA,NA,NA,NA,0.005154639,NA,NA,NA,NA,NA,NA,NA,NA,NA,NA,NA,NA,NA,NA,NA,NA,NA,NA,NA
"A0A0J9YWE8",NA,NA,0.00836913819028236,NA,0.0106687742961438,NA,NA,NA,0.0234426835622549,NA,0.0141660900978023,NA,NA,NA,NA,NA,NA,NA,0.00593254870983169,NA,0.0148025658095843,NA,0.00622048778058182,NA,NA,NA,NA,NA,NA,NA,NA,NA,0.0131067921216448
"A0A0J9YWF7",NA,NA,NA,NA,NA,NA,NA,NA,NA,NA,NA,NA,0.00415137161211966,0.00502008,NA,NA,NA,NA,NA,NA,NA,NA,NA,NA,NA,NA,NA,NA,NA,NA,NA,NA,NA
"A0A0J9YWK4",NA,NA,NA,NA,NA,0.01160471449209,NA,NA,NA,NA,NA,0.0197136179295372,NA,NA,NA,NA,NA,NA,0.0325422891632522,NA,NA,NA,NA,NA,NA,NA,NA,NA,NA,NA,NA,NA,NA
"A0A0J9YWQ3",NA,NA,NA,NA,NA,NA,NA,NA,NA,NA,NA,NA,NA,NA,NA,NA,NA,NA,NA,0.00838050791539018,NA,NA,NA,NA,NA,NA,NA,0.0149572133081349,NA,NA,NA,NA,NA
"A0A0J9YWU9",NA,NA,NA,NA,0.013113701876704,NA,NA,NA,NA,NA,NA,NA,NA,NA,NA,NA,NA,NA,NA,NA,NA,NA,NA,NA,NA,NA,NA,NA,NA,NA,NA,NA,NA
"A0A0J9YX90",NA,NA,NA,NA,0.00676836241123215,NA,NA,NA,NA,NA,NA,0.00155447911295966,NA,NA,NA,NA,NA,NA,NA,NA,NA,NA,NA,NA,NA,NA,NA,NA,NA,NA,NA,NA,NA
"A0A0J9YXZ5",NA,NA,0.00469101539237707,0.00214338515880116,0.00448936522684047,0.00117986376060813,NA,NA,NA,NA,0.00337731776272958,0.00330042250354675,0.00339117827219814,0.00611171,0.00143574545104715,0.00274124627590076,NA,NA,NA,0.00303468040155986,NA,NA,0.00165891517196016,0.00218419538160885,0.00174582724427984,NA,0.00192629727895442,NA,NA,NA,NA,0.00215506142896801,NA
"A0A0J9YY17",NA,0,NA,NA,NA,NA,NA,NA,NA,NA,NA,NA,NA,NA,NA,NA,NA,NA,NA,NA,NA,NA,NA,NA,NA,NA,NA,NA,NA,NA,NA,NA,NA
"A0A0J9YY18",NA,NA,NA,NA,0.00145259509357716,NA,NA,NA,NA,NA,NA,0.00111205022549827,0.00222641251266849,NA,NA,NA,NA,NA,NA,NA,NA,NA,NA,NA,NA,NA,NA,NA,NA,NA,NA,NA,NA
"A0A0J9YY65",NA,NA,NA,NA,NA,NA,NA,NA,0.0111413443841697,NA,NA,NA,NA,NA,NA,NA,NA,NA,NA,NA,NA,NA,NA,NA,NA,NA,NA,NA,NA,NA,NA,NA,NA
"A0A0J9YYJ0",NA,NA,0.00867910581623303,NA,NA,NA,NA,NA,NA,NA,NA,NA,NA,NA,NA,NA,NA,NA,NA,NA,NA,NA,NA,NA,NA,NA,NA,NA,NA,NA,NA,NA,NA
"A0A0K0K1H8",NA,NA,NA,NA,NA,NA,NA,NA,NA,NA,NA,NA,0.00084039953836049,NA,NA,NA,NA,NA,NA,NA,NA,NA,NA,NA,NA,NA,NA,NA,NA,NA,NA,NA,NA
"A0A0K0KSV2",NA,NA,NA,NA,NA,NA,0.0121100142363958,NA,NA,NA,NA,NA,NA,NA,NA,NA,NA,NA,NA,NA,NA,NA,NA,NA,NA,NA,NA,NA,NA,NA,NA,NA,NA
"A0A0K2BMD8",NA,NA,NA,0.0718281491891702,NA,NA,0.0255020476560566,0.0273346099455382,NA,NA,NA,NA,0.0072795187877823,0.006103286,NA,0.0426431842944749,0.0784789879428692,NA,NA,NA,0.125057361398264,NA,NA,NA,NA,0.0301790661977085,NA,NA,0.0440993940892924,NA,NA,NA,NA
"A0A0M3HER2",NA,NA,0.00775859527605557,NA,0.0286117126705252,NA,NA,NA,NA,NA,NA,NA,NA,NA,NA,NA,NA,NA,NA,NA,NA,NA,NA,NA,NA,NA,NA,NA,NA,NA,NA,NA,NA
"A0A0M3KKW6",NA,NA,NA,NA,NA,0.00432001563250521,NA,NA,NA,NA,NA,NA,NA,NA,NA,NA,NA,NA,NA,NA,NA,NA,NA,NA,0.00317346275775834,NA,NA,NA,NA,NA,NA,NA,NA
"A0A0R4J2E8",NA,0.00223704855190345,0.00192873205710768,NA,0.00677210422244091,0.00302651858367104,0.00145229104354174,0.00747147045069341,0.00132355783841108,NA,0.00698679881291719,0.00694285725794978,0.00421729839482974,0.010015087,0.0081647744315454,0.00430382109540969,0.00278247428986684,NA,0.00276331855877942,0.00215660830898871,NA,NA,0.00500457837635852,0.0026121465582324,NA,NA,0.00213304530854739,0.00338955202165587,NA,NA,NA,0.00224353247001422,NA
"A0A0S2KQY6",NA,NA,NA,NA,NA,NA,NA,NA,NA,NA,NA,NA,NA,NA,NA,NA,NA,NA,NA,NA,NA,0.00378681712525882,NA,NA,NA,NA,NA,NA,NA,NA,NA,NA,NA
"A0A0S2Z328",NA,NA,NA,NA,NA,NA,NA,NA,NA,NA,NA,NA,NA,NA,NA,NA,NA,NA,NA,NA,NA,NA,NA,NA,NA,NA,NA,NA,0,NA,NA,NA,NA
"A0A0S2Z333",NA,NA,NA,0.0114280056810081,NA,NA,NA,NA,NA,NA,NA,NA,NA,NA,NA,NA,NA,NA,NA,NA,NA,NA,NA,NA,NA,NA,NA,NA,NA,NA,NA,NA,NA
"A0A0S2Z3C0",NA,NA,NA,NA,NA,NA,NA,NA,NA,NA,NA,NA,NA,NA,NA,NA,NA,NA,NA,NA,NA,NA,NA,NA,NA,NA,NA,NA,NA,NA,0.003431802207596,NA,NA
"A0A0S2Z3D5",NA,NA,NA,NA,NA,NA,NA,NA,NA,NA,NA,0.0094059457043598,NA,NA,NA,NA,NA,NA,NA,NA,NA,NA,NA,NA,NA,NA,NA,NA,NA,NA,NA,NA,NA
"A0A0S2Z3E8",NA,NA,NA,NA,0.00767655182743777,NA,0.00566436134473124,NA,NA,0.00563291833969306,0.00264046950650962,0.00582929558934974,NA,NA,NA,NA,NA,NA,NA,NA,NA,NA,0.0027413445285218,NA,NA,NA,NA,NA,0.00862619231211967,NA,NA,NA,NA
"A0A0S2Z3G9",NA,NA,NA,NA,NA,NA,NA,NA,NA,NA,NA,NA,NA,NA,NA,NA,NA,NA,NA,NA,NA,NA,NA,NA,NA,NA,NA,NA,NA,NA,0.00115122362267059,NA,NA
"A0A0S2Z3K0",NA,0.0110157968981507,NA,0.00843838226273587,0.00448544685275106,0.00824806267992179,0.00583926997197785,NA,0.00731729599516029,0.0054126870079126,NA,0.00343388488108141,NA,NA,NA,NA,NA,0.014653879591285,0.00748262045264051,NA,NA,NA,NA,NA,0.00623134490743896,NA,NA,NA,NA,NA,NA,NA,NA
"A0A0S2Z3S2",NA,NA,NA,NA,NA,NA,NA,NA,NA,NA,NA,NA,NA,NA,NA,NA,NA,NA,NA,0.00807464942934688,NA,NA,NA,NA,NA,NA,NA,NA,NA,NA,NA,NA,NA
"A0A0S2Z4G6",0.00143489184808367,0.00368258477457841,NA,NA,0.00454865825239876,0.00421385955171063,NA,0.00641633642544275,NA,NA,NA,0.0157801501436173,0.0235426238379293,0.01701319,0.00192793680398091,NA,NA,NA,NA,NA,0.00634073036589598,NA,0.00337315239895542,NA,NA,NA,0.00430592587648727,NA,0.00559758805258208,NA,NA,0.00423525172881298,0.00718842937761612
"A0A0S2Z4J7",NA,NA,NA,NA,0.0531936070274161,NA,NA,NA,NA,NA,NA,NA,0.043677109625619,0.028169014,0.0151932894320383,NA,NA,NA,NA,NA,NA,NA,NA,NA,NA,NA,NA,NA,NA,NA,NA,NA,NA
"A0A0S2Z4L3",NA,NA,NA,NA,NA,NA,NA,NA,NA,NA,NA,NA,NA,NA,NA,0.00184544971067922,NA,NA,NA,NA,NA,NA,NA,0.00514823280472168,NA,NA,NA,0.001734931372568,NA,NA,NA,NA,NA
"A0A0S2Z4R8",NA,NA,NA,NA,NA,NA,NA,NA,NA,NA,NA,0.00417018861668075,0.00331311388274935,0.003846154,NA,NA,NA,NA,NA,NA,NA,NA,NA,NA,NA,NA,NA,NA,NA,NA,NA,NA,NA
"A0A0S2Z4Z6",NA,NA,NA,NA,0.000356028190696627,NA,NA,NA,NA,NA,NA,NA,NA,0.001131222,NA,NA,NA,NA,NA,NA,NA,NA,NA,NA,NA,NA,NA,NA,NA,NA,NA,NA,0.000524864874571123
"A0A0S2Z5G4",NA,NA,NA,NA,0.00221640045017343,NA,NA,NA,NA,NA,NA,NA,NA,NA,NA,NA,NA,NA,NA,NA,NA,NA,NA,NA,NA,NA,NA,NA,NA,NA,NA,NA,NA
"A0A0S2Z5W5",NA,NA,NA,NA,NA,NA,NA,NA,NA,NA,NA,NA,0.00418498622918117,0.002699055,NA,NA,NA,NA,NA,0.00223932532540679,NA,NA,NA,NA,NA,NA,NA,NA,NA,NA,NA,NA,NA
"A0A0S2Z5W9",NA,NA,0.00264104117022718,NA,NA,NA,NA,NA,NA,NA,NA,NA,NA,NA,NA,NA,NA,NA,NA,NA,NA,NA,NA,NA,NA,NA,NA,NA,NA,NA,NA,NA,NA
"A0A0S2Z696",NA,NA,NA,NA,NA,NA,NA,NA,NA,NA,NA,NA,NA,NA,0.0127408297727958,NA,NA,NA,NA,0.00435522448142542,NA,NA,NA,NA,NA,NA,NA,NA,NA,NA,NA,0.00655681631654076,NA
"A0A0S4XRU8",NA,NA,NA,NA,NA,NA,NA,NA,NA,NA,NA,NA,NA,NA,0.00333847140687298,NA,NA,NA,NA,NA,NA,NA,NA,NA,NA,NA,NA,NA,NA,NA,NA,NA,NA
"A0A0U1RQC3",NA,NA,NA,NA,NA,NA,NA,NA,NA,NA,NA,NA,NA,0.015151515,NA,NA,NA,NA,NA,NA,NA,NA,NA,NA,NA,NA,NA,NA,NA,NA,NA,NA,NA
"A0A0U1RQE9",NA,NA,NA,NA,0.00378684418518913,NA,NA,NA,NA,NA,NA,NA,NA,NA,NA,NA,NA,NA,NA,NA,NA,NA,NA,NA,NA,NA,NA,NA,NA,NA,NA,NA,NA
"A0A0U1RQF0",0.000802973942641502,0.00133537270976492,0.00168480369735134,0.000751545929632843,0.00285326842581676,0.00102839366461036,NA,0.00451033321394845,0.000758763992236259,NA,NA,0.00203590843684196,0.00198866447891806,0.001857847,0.00137782123242649,NA,NA,NA,0.00208119681270217,0.0038818422997753,NA,0.00111179485138942,0.00142812260053358,0.00085570337890307,NA,NA,0.000587712124320318,NA,NA,NA,NA,NA,0.0016741239945831
"A0A0U1RQH7",NA,0.00238403406453733,NA,NA,NA,0.00958923211198811,NA,0.00394234483092857,NA,NA,0.00944475801180231,NA,0.00496967082412402,0.019551282,0.00259308529777063,NA,NA,0.00569472272764547,NA,0.0117004776184736,NA,0.00542534293049294,0.00490278901759933,NA,NA,NA,NA,NA,NA,NA,NA,NA,NA
"A0A0U1RQJ0",NA,NA,NA,NA,NA,NA,NA,NA,NA,NA,NA,NA,NA,NA,NA,NA,NA,0.00352530420725603,NA,NA,NA,NA,NA,NA,NA,NA,NA,NA,NA,NA,NA,NA,NA
"A0A0U1RQL8",NA,NA,NA,NA,NA,NA,NA,NA,NA,NA,NA,NA,NA,NA,NA,NA,NA,NA,NA,NA,NA,NA,NA,NA,0.00618725512633791,NA,NA,NA,NA,NA,NA,NA,NA
"A0A0U1RQM8",NA,NA,NA,NA,NA,NA,NA,0.00394994083595464,NA,NA,NA,NA,NA,NA,NA,NA,NA,NA,NA,0.00959156317962491,NA,NA,NA,NA,NA,NA,NA,NA,NA,NA,NA,NA,NA
"A0A0U1RQV3",NA,NA,0.00548643506998959,NA,NA,NA,NA,NA,NA,NA,NA,NA,NA,NA,NA,NA,NA,NA,NA,0.00197540501051156,NA,NA,NA,NA,NA,NA,NA,NA,NA,NA,NA,NA,NA
"A0A0U1RQW2",NA,NA,NA,NA,NA,NA,NA,NA,NA,NA,NA,NA,NA,NA,NA,0.00795500825862408,NA,NA,NA,NA,NA,NA,NA,NA,NA,NA,0.00423670563723339,NA,NA,NA,NA,NA,NA
"A0A0U1RR27",NA,NA,NA,NA,NA,NA,NA,0.000882298260655853,NA,NA,NA,NA,NA,NA,NA,NA,NA,NA,NA,NA,NA,NA,NA,NA,NA,NA,NA,NA,NA,NA,NA,NA,NA
"A0A0U1RRA7",NA,0.00139553177250054,NA,NA,NA,NA,NA,NA,NA,NA,NA,NA,NA,NA,NA,NA,NA,NA,NA,NA,NA,NA,NA,NA,NA,NA,NA,NA,NA,NA,NA,NA,NA
"A0A0U1RRD1",NA,NA,NA,NA,NA,NA,NA,NA,NA,NA,NA,NA,NA,NA,NA,NA,NA,NA,NA,NA,NA,NA,NA,0.00615257665108441,NA,NA,NA,NA,NA,NA,NA,NA,NA
"A0A0U1RRE1",NA,NA,NA,NA,0.00195079889159516,NA,NA,NA,NA,NA,NA,NA,NA,NA,NA,0.00650864264339196,NA,NA,NA,0.00914237196963647,NA,NA,NA,NA,NA,NA,NA,NA,NA,NA,NA,NA,NA
"A0A0U1RRG3",NA,NA,NA,NA,NA,NA,NA,NA,NA,NA,NA,NA,NA,NA,NA,NA,NA,NA,NA,NA,NA,NA,NA,NA,NA,NA,NA,NA,NA,NA,NA,0.0027757185409407,NA
"A0A0U1RRM4",NA,NA,0.00511530715469351,NA,0.0100036062177097,0.000975335170903429,0.00257596900710441,0.0115096623418029,0.00559518834130232,NA,NA,0.0105597189155104,0.0111625213199566,0.008557457,NA,0.00902864211005148,0.00123861474314758,NA,NA,0.00540942339684926,NA,NA,0.013297867273571,NA,0.00240531462870552,NA,NA,NA,NA,NA,NA,0.00203597976079124,NA
"A0A0U1RRM6",NA,NA,NA,NA,0.00434108734199142,NA,NA,NA,NA,NA,NA,NA,NA,0.005747126,NA,NA,NA,NA,NA,NA,NA,NA,NA,NA,NA,NA,NA,NA,NA,NA,NA,NA,NA
"A0A0U2XJU5",NA,NA,NA,NA,NA,NA,NA,NA,NA,NA,NA,NA,0.00856650514073431,NA,NA,NA,NA,NA,NA,NA,NA,NA,NA,NA,NA,NA,NA,NA,NA,NA,NA,NA,NA
"A0A0X9T7T4",NA,NA,NA,0.00358428079394532,NA,NA,NA,NA,NA,NA,NA,NA,NA,NA,NA,NA,NA,NA,NA,NA,NA,NA,NA,NA,NA,NA,NA,NA,NA,NA,NA,NA,NA
"A0A0X9TD47",NA,NA,0.0319045021777916,0.0125948376024054,0.0144968558279246,0.0263633465130364,NA,0.0307595517597714,0.0456339996373111,NA,NA,NA,NA,NA,NA,NA,NA,NA,NA,NA,NA,NA,NA,NA,NA,NA,NA,NA,NA,NA,NA,NA,NA
"A0A0X9TDD0",NA,NA,NA,0.0071626238018132,0.0398952052705621,NA,NA,NA,NA,NA,NA,NA,NA,NA,NA,NA,NA,NA,NA,0.0155806616840016,NA,NA,NA,NA,0.0207839495696769,NA,NA,NA,NA,NA,NA,0.00390946339050911,NA
"A0A0X9USK2",NA,NA,NA,NA,NA,NA,NA,NA,0.00497269079933167,NA,NA,NA,NA,NA,NA,NA,NA,NA,NA,NA,NA,NA,NA,NA,NA,NA,NA,NA,NA,NA,NA,NA,NA
"A0A0X9USN3",NA,NA,NA,NA,NA,NA,NA,0.0210258394019923,NA,NA,NA,NA,NA,NA,NA,NA,NA,NA,NA,NA,NA,NA,NA,NA,NA,NA,NA,NA,NA,NA,NA,NA,NA
"A0A0X9UWK7",NA,NA,NA,NA,NA,NA,NA,NA,NA,NA,NA,NA,NA,NA,NA,NA,NA,NA,NA,0.0045337175237945,NA,NA,NA,NA,NA,NA,NA,NA,NA,NA,NA,NA,NA
"A0A0X9V9B3",NA,NA,NA,NA,NA,0.020722703823299,NA,NA,NA,NA,NA,NA,NA,NA,NA,NA,NA,NA,NA,NA,NA,NA,NA,NA,0.0127762804365865,NA,NA,NA,NA,NA,NA,NA,0.0361543195728082
"A0A109PP82",NA,NA,0.015755915284376,NA,NA,0.0245484339194729,NA,NA,NA,NA,NA,NA,NA,NA,NA,NA,NA,NA,NA,NA,NA,NA,NA,NA,NA,NA,NA,NA,NA,NA,NA,NA,NA
"A0A109PS45",NA,NA,NA,NA,NA,NA,NA,NA,NA,NA,NA,NA,NA,NA,NA,NA,NA,NA,0.00516423480411937,NA,NA,NA,NA,NA,NA,NA,NA,NA,NA,NA,NA,NA,NA
"A0A109PVK5",NA,NA,NA,NA,NA,NA,NA,NA,NA,NA,NA,NA,NA,NA,NA,NA,NA,NA,0.0108253710889988,NA,NA,NA,NA,NA,NA,NA,NA,NA,NA,NA,NA,NA,NA
"A0A109PW65",NA,NA,NA,NA,NA,NA,NA,NA,NA,NA,NA,NA,NA,NA,NA,NA,NA,NA,NA,NA,NA,NA,0.015688925468186,NA,NA,NA,NA,NA,NA,NA,NA,NA,NA
"A0A126LB18",NA,NA,NA,NA,NA,NA,NA,NA,NA,NA,NA,0.00299516304094065,NA,NA,NA,NA,NA,NA,NA,NA,NA,NA,NA,NA,NA,NA,NA,NA,NA,NA,NA,NA,NA
"A0A140KFU0",NA,0.162665901573962,NA,0.0577916704228103,NA,NA,NA,NA,NA,NA,0.0417473193139829,NA,NA,NA,0.280087241572428,NA,NA,NA,NA,0.153783144054644,NA,NA,NA,NA,NA,0.176150260602357,0.161503125152893,0.287672259277639,NA,NA,0.0894243205420896,0.177986747185816,0.129992950003733
"A0A140T8Z1",NA,NA,NA,NA,NA,NA,NA,NA,NA,NA,0.000609037262432851,NA,NA,NA,NA,NA,NA,NA,NA,0.000823085974159976,NA,NA,NA,NA,NA,NA,NA,NA,NA,NA,NA,NA,NA
"A0A140T904",NA,NA,NA,NA,0.00901566986319902,NA,NA,NA,NA,NA,NA,NA,NA,NA,NA,NA,NA,NA,NA,NA,NA,NA,NA,NA,NA,NA,NA,NA,NA,NA,NA,NA,NA
"A0A140T907",NA,NA,NA,NA,0.0157364424408821,NA,NA,NA,NA,NA,NA,0.0180708169775336,NA,0.008333333,NA,NA,NA,NA,NA,NA,NA,NA,NA,NA,NA,NA,NA,0.0411323373377532,NA,NA,NA,0.0104089455694222,0.0231990217026862
"A0A140T912",NA,NA,NA,NA,NA,NA,NA,NA,NA,NA,NA,NA,0.000313587918881249,NA,NA,NA,NA,NA,NA,NA,NA,NA,NA,NA,NA,NA,NA,NA,NA,NA,NA,NA,NA
"A0A140T921",NA,NA,NA,NA,NA,NA,0.00100659670025115,NA,NA,NA,NA,NA,0.00117862136170353,NA,0.000264263538545004,NA,NA,NA,NA,NA,NA,NA,NA,NA,NA,NA,NA,NA,NA,NA,NA,NA,NA
"A0A140T936",NA,NA,NA,NA,0.00176219952108626,NA,NA,NA,NA,NA,NA,NA,NA,NA,0.00181196539225456,NA,NA,NA,NA,NA,NA,NA,0.00285492764507341,NA,NA,NA,NA,NA,NA,NA,NA,NA,NA
"A0A140T942",NA,NA,NA,NA,NA,NA,NA,NA,NA,NA,NA,NA,NA,NA,NA,NA,NA,NA,NA,NA,NA,NA,NA,NA,NA,0.000191416385561117,NA,NA,NA,NA,NA,NA,NA
"A0A140T951",NA,NA,NA,NA,NA,NA,NA,NA,NA,NA,NA,NA,NA,NA,NA,NA,NA,NA,NA,NA,NA,NA,NA,NA,NA,NA,NA,NA,NA,NA,NA,0.000369275247461632,NA
"A0A140T953",NA,NA,NA,NA,NA,NA,NA,NA,NA,NA,NA,NA,NA,NA,NA,NA,NA,NA,NA,0.000324597971133332,NA,NA,NA,NA,NA,NA,NA,NA,NA,NA,NA,NA,NA
"A0A140T958",NA,NA,NA,NA,NA,NA,NA,NA,NA,NA,NA,0.00144566496787305,0.000886021517019421,0.000444444,NA,NA,NA,NA,NA,NA,NA,NA,0.000815824144741275,NA,NA,NA,NA,0.00131623445521953,NA,NA,NA,NA,NA
"A0A140T971",NA,0.00269499490011721,NA,NA,0.0051314488888621,NA,NA,NA,0.00358763398848853,NA,0.00889723527438544,0.0166958634764957,NA,NA,NA,NA,NA,NA,NA,0.00601210360071269,NA,NA,NA,NA,NA,NA,NA,NA,NA,NA,NA,NA,NA
"A0A140T974",NA,NA,NA,NA,0.0104909613125259,NA,NA,NA,NA,NA,NA,0.0120472109569394,NA,NA,NA,NA,NA,NA,0.00583367286299913,NA,NA,0.0125385710053332,NA,NA,NA,NA,NA,0.0109686230926323,NA,NA,NA,NA,NA
"A0A140T998",NA,NA,NA,NA,NA,NA,NA,NA,NA,NA,NA,NA,0.00160262304857965,0.004651163,NA,NA,NA,NA,NA,NA,NA,NA,NA,NA,NA,NA,NA,NA,NA,NA,NA,NA,NA
"A0A140T9A1",NA,NA,NA,NA,NA,NA,NA,NA,NA,NA,NA,NA,NA,NA,NA,0.0018104501264438,NA,0.00816898241750695,0.00120696640094219,0.00778809239170092,NA,NA,NA,0.00122521105320411,NA,NA,NA,NA,NA,NA,NA,NA,NA
"A0A140T9G0",NA,NA,NA,NA,NA,NA,NA,NA,NA,NA,NA,NA,NA,NA,NA,NA,NA,NA,NA,0.000449685693449787,NA,NA,NA,NA,NA,NA,NA,NA,NA,NA,NA,NA,NA
"A0A140T9I7",NA,NA,NA,NA,NA,NA,NA,NA,0.0017017722940705,NA,NA,NA,NA,NA,NA,NA,NA,NA,NA,NA,NA,NA,NA,NA,NA,NA,NA,NA,NA,NA,NA,NA,NA
"A0A140T9R1",NA,NA,NA,NA,NA,NA,NA,NA,NA,NA,NA,NA,NA,NA,NA,NA,NA,NA,NA,NA,NA,NA,NA,NA,NA,0.00139942962641255,NA,NA,NA,0.0070366600844061,NA,NA,NA
"A0A140TA02",NA,NA,NA,NA,NA,NA,NA,0.00813499702431236,NA,NA,NA,0.000322693102228332,NA,NA,NA,NA,NA,NA,0.000520863873495143,NA,NA,NA,NA,0.00422989703980608,NA,NA,NA,NA,NA,NA,NA,NA,NA
"A0A140TA21",NA,NA,NA,NA,NA,NA,NA,0.000193690383647444,NA,NA,NA,NA,NA,NA,NA,NA,NA,NA,NA,NA,NA,NA,NA,NA,NA,NA,NA,NA,NA,NA,NA,NA,NA
"A0A140TA54",NA,NA,0.0037607284640804,NA,NA,NA,0.00196156103538182,NA,0.00283484984538645,NA,NA,NA,NA,NA,NA,NA,NA,NA,NA,NA,NA,NA,NA,NA,0.00154473211666246,NA,NA,NA,NA,NA,NA,NA,NA
"A0A140VJH9",NA,NA,NA,NA,0.0157364424408821,NA,NA,NA,NA,NA,NA,NA,NA,NA,NA,NA,NA,NA,NA,NA,NA,NA,NA,NA,NA,NA,NA,NA,NA,NA,NA,NA,NA
"A0A140VJJ6",NA,NA,NA,NA,NA,NA,NA,NA,NA,NA,NA,NA,NA,NA,NA,NA,NA,0.00542106358393657,NA,NA,NA,NA,NA,NA,NA,NA,NA,NA,NA,NA,NA,NA,NA
"A0A140VJS7",NA,NA,NA,NA,NA,0.00747960090374239,NA,NA,NA,NA,NA,NA,NA,NA,NA,NA,NA,NA,NA,NA,NA,NA,NA,NA,NA,NA,NA,NA,NA,NA,NA,NA,NA
"A0A140VJW8",NA,NA,NA,NA,NA,NA,NA,NA,NA,NA,NA,NA,NA,NA,0.000481573477002456,NA,NA,NA,NA,NA,NA,NA,NA,NA,NA,NA,NA,NA,NA,NA,NA,NA,NA
"A0A140VK07",NA,NA,NA,NA,NA,0.00469829754522012,0.00611656675820456,NA,NA,NA,0.00324112486136754,0.00598751137148517,0.00942230565020706,0.008921296,NA,NA,NA,NA,NA,NA,NA,NA,NA,NA,NA,NA,NA,NA,0.00393614598146048,NA,NA,NA,NA
"A0A140VK14",NA,NA,NA,NA,NA,NA,NA,NA,NA,NA,NA,NA,NA,NA,NA,NA,NA,NA,0.00285525245213383,NA,NA,NA,NA,NA,NA,NA,NA,NA,NA,NA,NA,NA,NA
"A0A146E5L3",NA,NA,NA,0.0143176367003689,NA,NA,NA,NA,NA,NA,NA,NA,0.00617744022149594,NA,NA,NA,NA,NA,NA,NA,NA,NA,NA,NA,NA,NA,NA,NA,NA,NA,NA,NA,NA
"A0A158RFU6",NA,NA,NA,NA,NA,NA,NA,NA,NA,NA,NA,NA,NA,NA,NA,NA,NA,NA,NA,NA,NA,NA,NA,NA,NA,NA,NA,NA,NA,NA,NA,0.00402278100098736,NA
"A0A173GMX4",NA,NA,0.0308693029093596,NA,NA,NA,NA,NA,NA,NA,NA,NA,NA,NA,NA,NA,NA,NA,NA,0.0588418603915132,NA,NA,NA,NA,NA,NA,NA,NA,NA,NA,NA,NA,NA
"A0A193CHQ9",NA,NA,NA,NA,NA,NA,NA,NA,NA,NA,NA,NA,NA,NA,NA,NA,NA,NA,NA,0.0223480196327378,NA,NA,NA,NA,NA,NA,NA,NA,NA,NA,NA,NA,NA
"A0A1B0GTG2",NA,NA,0.00365762372137123,NA,NA,NA,NA,NA,NA,NA,NA,NA,NA,NA,NA,NA,NA,NA,NA,NA,NA,NA,NA,NA,NA,NA,NA,NA,NA,NA,NA,NA,NA
"A0A1B0GTP7",NA,NA,NA,NA,NA,NA,NA,NA,NA,NA,NA,NA,NA,NA,NA,NA,NA,NA,0.00364604501434394,NA,NA,NA,NA,NA,NA,NA,NA,NA,NA,NA,NA,NA,NA
"A0A1B0GTZ8",NA,NA,NA,NA,NA,NA,NA,NA,NA,NA,NA,NA,NA,NA,0.0163442960927827,NA,NA,NA,NA,NA,NA,NA,NA,NA,NA,NA,NA,NA,NA,NA,NA,NA,NA
"A0A1B0GU03",NA,NA,0.00164124111144743,0.00733480129039373,0.00888957658500174,NA,NA,NA,NA,NA,NA,0.00260636761436322,NA,NA,NA,0.00369162081328697,NA,NA,0.00378627751489563,0.00265919930789487,NA,0.00542534293049294,0.00612848627199917,0.00569409144012598,NA,NA,0.00450161695735469,0.00355952893640408,NA,NA,NA,0.00474823620966864,0.00148711668063775
"A0A1B0GUB2",NA,NA,NA,NA,NA,NA,NA,0.000674903725443429,NA,NA,NA,NA,NA,NA,NA,NA,NA,NA,NA,NA,NA,NA,NA,NA,NA,NA,NA,NA,NA,NA,NA,NA,NA
"A0A1B0GUK8",NA,NA,0.0129637282452838,NA,0.00896379625537437,0.0126237991451436,NA,0.0116361357799311,NA,NA,0.00310840095651941,0.00857791884061303,0.00408896971775731,0.003164557,0.00682736434085806,0.0063690412295201,NA,NA,NA,0.0163366848597782,NA,0.00535666754639575,0.0129086100400501,0.00239872667683856,0.00207547206724662,NA,NA,NA,NA,NA,NA,0.00263517612514672,NA
"A0A1B0GUU9",0.00373861600617081,0.00859321616632011,0.00411001056594981,0.0102686320989918,0.00519735688523254,0.00595294774097652,NA,0.00216712100931409,NA,0.0053207129015677,NA,NA,0.00158056820465381,0.004332314,0.0016494244060255,0.00323795559549211,0.00154921525196794,NA,0.00428159445355943,0.00668984904895359,NA,0.0127686369838966,0.00259882820867695,0.00494997097835452,0.0121803822096415,0.00203709056294183,NA,0.0114502080626801,NA,0.00189684580360924,0.00538293758918134,NA,0.00457201215931766
"A0A1B0GUV8",NA,NA,NA,NA,NA,NA,NA,NA,NA,NA,NA,0.00774463553772897,NA,NA,NA,NA,NA,NA,NA,NA,NA,NA,NA,NA,NA,NA,NA,NA,NA,NA,NA,NA,NA
"A0A1B0GUY0",NA,NA,NA,NA,NA,NA,NA,NA,NA,NA,NA,0.00203806175534994,NA,NA,NA,NA,NA,NA,NA,NA,NA,NA,NA,NA,NA,NA,NA,NA,NA,NA,NA,NA,NA
"A0A1B0GV23",NA,NA,NA,NA,0.0043311308950582,0.00487965812098948,NA,NA,NA,NA,NA,NA,0.00632227281861523,0.012232416,NA,NA,0.00929529151180764,NA,NA,0.0033829571612618,NA,NA,NA,NA,NA,NA,0.00820910393916297,0.00603777428811056,NA,NA,NA,NA,NA
"A0A1B0GVC3",NA,NA,NA,NA,NA,NA,NA,NA,NA,NA,NA,NA,NA,NA,NA,0.00937554447260742,NA,NA,NA,NA,NA,NA,NA,NA,NA,NA,NA,NA,NA,NA,NA,NA,NA
"A0A1B0GVN9",NA,NA,NA,NA,NA,NA,NA,NA,NA,NA,NA,NA,NA,0.003846154,NA,NA,NA,NA,NA,NA,NA,NA,NA,NA,NA,NA,NA,NA,NA,NA,NA,NA,NA
"A0A1B0GVS3",NA,NA,NA,NA,0.012817012032519,NA,NA,NA,NA,NA,NA,0.00490610419113918,NA,0.002262443,NA,NA,NA,NA,NA,NA,NA,NA,NA,NA,NA,NA,NA,NA,NA,NA,NA,0.0113038325977887,NA
"A0A1B0GVU9",NA,NA,NA,NA,0.00169817706521138,NA,NA,NA,NA,NA,NA,NA,NA,0.00263789,NA,NA,NA,NA,NA,NA,NA,NA,NA,NA,NA,NA,NA,NA,NA,NA,NA,NA,0.00133519556711554
"A0A1B0GVZ4",NA,NA,NA,NA,NA,NA,NA,NA,NA,NA,NA,0.00337772295153651,NA,NA,NA,NA,NA,NA,NA,NA,NA,NA,NA,NA,NA,NA,NA,NA,NA,NA,NA,NA,NA
"A0A1B0GW05",NA,NA,NA,NA,NA,NA,NA,NA,NA,NA,NA,NA,0.00182308879251024,NA,NA,NA,NA,NA,NA,NA,NA,NA,NA,NA,NA,NA,NA,NA,NA,NA,NA,NA,NA
"A0A1B0GW42",NA,NA,NA,NA,0.0193679292306385,NA,NA,NA,0.0406230550547781,NA,0.0440755357513195,0.0917441463142296,0.0596360540242546,NA,NA,0.0323095704372436,NA,NA,NA,NA,NA,NA,NA,NA,NA,NA,NA,NA,NA,NA,NA,NA,NA
"A0A1B0GWA0",NA,NA,NA,NA,NA,NA,NA,NA,NA,NA,NA,NA,NA,NA,NA,NA,NA,NA,NA,NA,NA,NA,NA,NA,0.00127102564394641,NA,NA,NA,NA,NA,NA,NA,NA
"A0A1B0GWG0",NA,NA,NA,NA,NA,NA,NA,NA,NA,NA,NA,NA,NA,NA,0.00181399662870469,NA,NA,NA,NA,NA,NA,0.00168680294027302,NA,NA,NA,NA,NA,0.00221339884052924,NA,NA,NA,NA,NA
"A0A1B0GXH0",NA,NA,NA,NA,NA,NA,NA,NA,NA,NA,NA,NA,NA,0.005725191,NA,NA,NA,NA,NA,NA,NA,NA,NA,NA,NA,NA,NA,NA,NA,NA,NA,NA,NA
"A0A1B0GXJ2",NA,NA,NA,NA,NA,NA,NA,NA,NA,NA,NA,NA,NA,NA,NA,NA,NA,NA,NA,NA,NA,NA,NA,0.0200175400533457,NA,NA,NA,NA,NA,NA,NA,0.00586419508576366,0.0130698713425854
"A0A1B4WRL5",NA,NA,0.0741104150360057,NA,NA,NA,NA,NA,0.0586777466792162,NA,NA,NA,NA,NA,NA,NA,NA,NA,NA,NA,NA,NA,NA,NA,NA,NA,NA,NA,NA,NA,NA,NA,0.0300441510291851
"A0A1C7CYX0",NA,NA,NA,NA,NA,NA,NA,0.00130159919588688,NA,NA,NA,NA,NA,NA,NA,NA,NA,NA,NA,NA,NA,NA,NA,NA,NA,NA,NA,NA,NA,NA,NA,NA,NA
"A0A1C7CYX9",NA,NA,0.00161790620643001,0.00328051187633105,NA,NA,0.00166440969938274,0.00179920995911196,0.00417140333767833,NA,NA,0.00218867153077164,NA,0.007470206,0.00213018128929841,NA,0.00160061117708139,0.00210515808051569,0.00793490063993505,0.0074058080020912,NA,NA,0.00201378439800009,0.00274419825038221,0.00155414486239678,0.00236775547206958,0.00141357411998926,0.00285911960441132,NA,NA,NA,0.00361764318881866,0.00235835501272126
"A0A1C9J6R2",NA,NA,NA,NA,NA,NA,NA,NA,0.0400332002365106,NA,NA,NA,NA,NA,NA,NA,NA,NA,NA,NA,NA,NA,NA,NA,NA,NA,NA,NA,NA,NA,NA,NA,NA
"A0A1L2BU33",NA,NA,0.00832629659507988,NA,NA,0.00486478109506393,NA,NA,0.0151817517067628,NA,NA,NA,NA,NA,NA,NA,NA,NA,NA,NA,NA,NA,0.0165817919660359,NA,NA,NA,NA,NA,NA,NA,NA,0.00338502324051757,NA
"A0A1L2BU39",NA,NA,NA,NA,NA,NA,NA,NA,0.00178895539626183,NA,NA,NA,NA,NA,NA,NA,NA,NA,NA,NA,NA,NA,NA,NA,NA,NA,NA,NA,0.00240009004992421,NA,NA,NA,NA
"A0A1L2BU41",NA,0.0419052773807653,NA,0.0286504931730678,0.0398952052705621,0.0337108772115091,NA,0.0224571756668102,NA,NA,NA,NA,0.029118073083746,NA,NA,NA,NA,NA,NA,0.0155806616840016,NA,NA,0.0143631010967219,NA,0.0103919742929517,NA,NA,NA,NA,NA,NA,NA,NA
"A0A1P8SD62",NA,NA,NA,NA,NA,NA,NA,NA,NA,NA,NA,NA,NA,0.00087108,NA,NA,NA,NA,NA,NA,NA,NA,NA,NA,NA,NA,NA,NA,NA,NA,NA,NA,NA
"A0A1S5UZ16",NA,NA,NA,0.0010797159136712,NA,NA,NA,NA,NA,NA,NA,NA,NA,NA,NA,NA,NA,NA,NA,NA,NA,NA,NA,NA,NA,NA,NA,NA,NA,NA,NA,NA,NA
"A0A1S5UZ39",NA,NA,NA,NA,NA,NA,NA,NA,NA,NA,NA,NA,NA,NA,NA,NA,NA,NA,NA,NA,NA,NA,NA,NA,NA,NA,NA,0.0549250352836654,NA,NA,0.0433532256595981,NA,NA
"A0A1U9X9C7",NA,NA,NA,NA,0.00100552371695967,NA,NA,NA,NA,NA,NA,NA,NA,NA,NA,NA,NA,NA,NA,NA,NA,NA,NA,NA,NA,NA,NA,NA,NA,NA,NA,NA,NA
"A0A1W2PNG3",NA,NA,NA,NA,NA,NA,NA,NA,NA,NA,NA,NA,NA,NA,NA,NA,NA,NA,NA,NA,NA,NA,0.00364207251178648,NA,NA,NA,NA,NA,NA,NA,NA,NA,NA
"A0A1W2PNX7",NA,NA,NA,NA,NA,0.00712342909021099,NA,NA,NA,NA,NA,NA,NA,NA,NA,NA,NA,NA,NA,NA,NA,NA,0.018210360519372,NA,NA,NA,NA,NA,NA,NA,NA,NA,NA
"A0A1W2PP22",NA,NA,0.0276353759281492,NA,0.00749354392954514,0.00759832510752755,0.00501700609359863,0.0130159956033477,0.00628690127274349,NA,0.0779567294826676,NA,0.0344563862412381,0.033333333,NA,0.0150008715761963,0.0144740963773972,0.0112809758322241,0.0200011624516154,NA,NA,NA,0.0145682880075856,0.0180475595030099,0.0281078173539998,0.00951612345799115,NA,NA,NA,NA,NA,NA,NA
"A0A1W2PP34",NA,NA,0.00717456925279701,NA,0.00220963440951687,NA,NA,0.00165944692888703,0.00240460524522925,NA,NA,0.000968079306684997,0.00432282486895128,0.000610501,0.0029635265169051,0.00378227153206109,NA,NA,0.00216358775140381,0.00115654039851827,NA,0.00126304274489654,0.00140079657080547,0.00106048682626964,NA,NA,0.00273135624792429,NA,NA,NA,NA,0.00386545353592595,NA
"A0A1W2PP35",NA,NA,0.00328248222289485,NA,NA,NA,NA,NA,NA,NA,NA,0.00260636761436322,0.000828278470687336,NA,NA,0.00215023202514626,NA,NA,0.00252418500993042,NA,NA,NA,NA,NA,NA,NA,NA,NA,NA,NA,NA,0.00200172017370186,NA
"A0A1W2PP79",NA,NA,NA,NA,NA,NA,NA,NA,NA,NA,NA,NA,NA,NA,NA,0.0150008715761963,NA,NA,NA,0.0316064856993199,NA,0.0644840799396299,NA,NA,NA,NA,NA,NA,NA,NA,NA,NA,NA
"A0A1W2PPH1",NA,NA,0.00434876704638475,NA,0.00501160612547732,NA,NA,0.00201503872948408,NA,NA,NA,NA,NA,0.005307856,NA,0.00631671563826765,NA,NA,NA,0.00587169352845633,NA,NA,NA,NA,NA,NA,0.00284965674084373,0.00314387252140729,NA,NA,NA,0.0026519603416985,0.000985096346717693
"A0A1W2PPS1",NA,NA,NA,NA,NA,0.000801028157970327,NA,0.00275024217960496,0.00439116675410732,NA,NA,NA,NA,NA,NA,NA,NA,NA,NA,NA,NA,NA,NA,NA,NA,NA,NA,NA,NA,NA,NA,NA,NA
"A0A1W2PPU9",NA,NA,NA,NA,0.00385382288908184,NA,NA,NA,NA,NA,NA,NA,NA,NA,NA,NA,NA,NA,NA,NA,NA,NA,NA,NA,NA,NA,NA,NA,NA,NA,NA,NA,NA
"A0A1W2PQ51",0.00522447583758924,0.00327320185182461,0.00612142509932152,NA,0.0115668033211263,0.00325410588540987,NA,0.00515840537503864,0.00708395865565987,NA,0.00423943952118566,0.0111120201750794,0.00976377946731606,0.011786028,0.00773809611742703,0.00301364155797833,0.00412367419314093,NA,0.00663500068753662,0.00763031123713235,NA,0.00365134187653416,0.00200005101830355,0.00463171151509753,NA,NA,0.00336867297421099,0.00120534299087887,NA,NA,NA,0.0070409713490317,0.00682776996253922
"A0A1W2PQG6",NA,NA,NA,NA,NA,NA,NA,NA,NA,NA,NA,NA,NA,0.037037037,NA,NA,NA,NA,NA,NA,NA,NA,0.0283272274745787,NA,NA,NA,NA,NA,NA,NA,NA,0.0308413201748541,NA
"A0A1W2PQJ7",NA,NA,NA,NA,0.000216457594004821,NA,NA,NA,NA,NA,NA,NA,NA,NA,NA,NA,NA,NA,NA,NA,NA,NA,NA,NA,NA,NA,NA,NA,NA,NA,NA,NA,NA
"A0A1W2PQM2",0.0163287641535486,0.0119711982673589,0.00883996150447356,0.00679622639576037,0.0197188559815266,0.0315052486166882,0.0220258789461998,NA,0.00887176015403903,0.00926548708797774,0.0138444499469818,0.00878438804010948,NA,0.014181642,0.014157463478656,0.00609791547122942,0.00509927477033888,0.0319856916916497,0.0124014171414787,0.0182352170510223,NA,0.0105179820230178,0.00914219267146266,0.0171947024047232,0.0119258268574532,0.0104445255516112,0.0207849554733308,0.00802582155839961,0.00462874281894058,NA,0.0041120138465936,0.0229352571959695,0.0129262536229111
"A0A1W2PQY5",NA,NA,NA,NA,0.00204664704275482,NA,NA,NA,NA,NA,NA,NA,0.00448132183529891,NA,NA,NA,NA,NA,NA,NA,NA,NA,NA,NA,NA,NA,NA,NA,NA,NA,NA,NA,NA
"A0A1W2PRI6",NA,NA,NA,NA,NA,NA,NA,NA,NA,NA,NA,NA,NA,NA,NA,NA,NA,NA,NA,NA,NA,NA,0.00929487110081045,NA,NA,NA,NA,NA,NA,NA,NA,NA,NA
"A0A1W2PRR1",0.00360431077338063,0.0068179223142502,0.0173386578320931,0.00775950861008471,0.0206898744018363,0.0156760036755982,0.00530186225337889,0.0126187938766938,0.00887878211994902,NA,0.00864660887098404,0.00838841813791912,0.0144355961923655,0.014025822,0.0143642903816263,0.0110305708655592,0.00535133841371422,0.00347565223552044,0.0134604897965846,0.0132702369379509,NA,0.0121926753366785,0.0112510960460585,0.00785873806618349,NA,NA,0.00866436264040345,0.0108239168985661,NA,NA,NA,0.0118023453134402,0.0175416943508561
"A0A1W2PRU9",NA,NA,NA,NA,NA,NA,NA,NA,NA,NA,NA,NA,NA,NA,NA,NA,NA,NA,NA,0.00873337109216315,NA,NA,NA,NA,NA,NA,NA,NA,NA,NA,NA,NA,NA
"A0A1W2PS48",NA,NA,NA,NA,NA,NA,NA,NA,NA,NA,NA,0.0216849799393407,NA,NA,NA,NA,NA,NA,0.0630036618800977,0.0221245396576558,NA,NA,NA,NA,NA,NA,NA,NA,NA,NA,NA,NA,NA
"A0A1W2PS52",NA,NA,NA,NA,NA,NA,NA,NA,NA,NA,NA,NA,NA,NA,NA,NA,NA,NA,NA,NA,NA,NA,0.0122865084373785,0.0285390626069505,NA,NA,NA,NA,NA,NA,NA,0.0351145154247724,0.0223605032708122
"A0A1W6IYI5",NA,NA,NA,0.0123035382389722,NA,NA,NA,NA,0.00757132252125889,NA,NA,NA,NA,NA,NA,NA,NA,NA,NA,NA,NA,NA,NA,NA,NA,NA,NA,NA,NA,NA,NA,NA,NA
"A0A1W6IYI8",NA,NA,NA,NA,0.0533008524541501,NA,NA,NA,0.0146398615453348,NA,NA,0.0262318301520738,NA,NA,NA,NA,NA,NA,NA,NA,NA,NA,NA,NA,NA,NA,NA,NA,NA,NA,NA,NA,NA
"A0A1X7SC65",NA,NA,0.0153899991896476,0.0166736480998084,NA,0.0130790838483466,NA,NA,0.016833779647946,NA,NA,NA,0.0299375165923489,NA,NA,NA,NA,NA,NA,NA,NA,NA,NA,NA,NA,NA,NA,NA,NA,NA,NA,NA,NA
"A0A1X8XL64",NA,0.0127596034180392,0.0346649994224597,0.0411906620530233,0.0167332465952597,0.0132650590386895,0.0118978060270005,0.0184494643744943,NA,NA,0.0225355058473915,NA,0.0440480508891001,0.007788162,0.0312527388621629,0.0330801934271639,0.0316444164815871,0.0571955984783586,0.00981365408628409,0.032738805258048,0.0652973024864494,NA,0.0153350902992495,0.0090395920531247,0.0150745683686023,0.0280147543962954,0.00836254471616026,0.0181443577061928,0.115877206815989,0.00579690292650028,0.0448654353183189,0.0243543095781645,0.00592622999626853
"A0A223PQH6",NA,NA,NA,NA,NA,NA,NA,NA,NA,NA,0.000390900573432252,NA,NA,NA,NA,NA,NA,NA,NA,NA,NA,NA,NA,NA,NA,NA,NA,NA,NA,NA,NA,NA,NA
"A0A286YER3",NA,NA,NA,NA,0.0097338813965655,NA,NA,0.0187859736838756,0.0181477568773159,NA,0.00562574318751767,NA,0.0266415361478293,0.036082474,NA,0.00541268554449941,0.0104452240436411,0.0122113645658281,NA,NA,NA,NA,0.00525659869203127,0.007326007,0.0101419954555163,NA,0.00461233140096643,NA,NA,NA,NA,NA,0.00956660656244103
"A0A286YES1",0.00831651338944642,NA,NA,0.0167209083204104,0.0150223655003198,0.0167344058979465,NA,NA,0.0225582054322744,NA,NA,NA,NA,0.012320484,NA,0.0167881069533593,NA,0.00604337982551274,NA,0.0101966914638015,NA,0.0113143172079295,NA,NA,NA,NA,NA,NA,NA,0.0103378094435898,NA,0.00565842105715958,NA
"A0A286YEY1",NA,0.00646303948174698,NA,NA,NA,0.00365081115215883,0.0055451118318346,0.00516209723210541,NA,NA,NA,0.0030118030102971,NA,0.00659382,0.00338714017740966,0.00515380874813925,NA,NA,NA,0.00971509444057644,NA,0.00824906049555867,NA,0.018700596142568,NA,NA,NA,NA,NA,0.00559552467084344,NA,NA,NA
"A0A286YEY4",NA,0.00988628741211658,0.0120982106563778,0.00102117715421814,0.0188542379410088,NA,NA,NA,0.00353480377291878,NA,NA,NA,NA,NA,NA,NA,NA,NA,0.00421711230574721,0.00555334795223025,NA,NA,NA,0.00925583547520984,NA,NA,NA,NA,NA,NA,NA,NA,NA
"A0A286YEZ8",NA,NA,NA,NA,NA,0.00282916323041706,NA,NA,NA,NA,0.00290264395210507,NA,NA,NA,NA,NA,0.00239524038676176,NA,NA,NA,NA,NA,NA,NA,NA,NA,NA,NA,NA,NA,NA,NA,NA
"A0A286YF22",NA,NA,NA,NA,NA,NA,NA,0.00877764620088591,NA,NA,NA,NA,0.00298754754563541,0.005804432,NA,NA,NA,NA,0.00151742954558874,NA,NA,0.00652295628177639,NA,0.00365124080002946,NA,NA,NA,NA,NA,NA,NA,NA,NA
"A0A286YF78",NA,NA,NA,NA,NA,NA,NA,NA,NA,NA,NA,NA,NA,NA,NA,NA,NA,NA,NA,NA,NA,NA,0.00154512198069129,NA,NA,NA,NA,NA,NA,NA,NA,NA,NA
"A0A286YFA2",NA,NA,0.00691982808078814,NA,NA,NA,NA,NA,NA,NA,NA,NA,NA,NA,NA,NA,NA,NA,NA,NA,NA,NA,NA,NA,NA,NA,NA,NA,NA,NA,NA,NA,NA
"A0A286YFF7",NA,NA,NA,NA,0.00726297357951274,NA,NA,NA,NA,NA,NA,NA,NA,NA,0.00414893690792243,NA,NA,NA,NA,NA,NA,NA,NA,NA,NA,NA,0.00344150906923892,NA,NA,NA,NA,NA,NA
"A0A286YFJ8",NA,NA,NA,NA,0.0139226638981678,0.0048352975055815,NA,NA,0.0182438587035692,NA,NA,0.00373541777988494,NA,NA,NA,NA,NA,NA,0.02684815156028,0.0149452382676718,NA,0.00990262205374991,NA,0.0110660936346211,0.0311155664013998,NA,NA,NA,NA,NA,NA,0.0163479026985593,NA
"A0A288Q8X7",NA,NA,NA,NA,NA,NA,NA,0.00503381066575339,NA,NA,NA,NA,0.0116157795801189,NA,NA,NA,NA,NA,NA,NA,NA,NA,NA,NA,NA,NA,NA,NA,NA,NA,NA,NA,NA
"A0A288Q9P9",NA,NA,NA,NA,NA,NA,NA,NA,NA,NA,NA,NA,NA,NA,NA,NA,NA,NA,NA,0.00611175142110379,NA,NA,NA,NA,NA,NA,NA,NA,NA,NA,NA,NA,NA
"A0A288QES5",NA,NA,NA,NA,NA,NA,NA,NA,NA,NA,NA,NA,NA,NA,NA,NA,NA,NA,NA,0.00694472817071772,NA,NA,NA,NA,NA,NA,NA,NA,NA,NA,NA,NA,NA
"A0A2H2FJL5",NA,NA,NA,NA,NA,NA,NA,NA,NA,NA,NA,NA,NA,0.005235602,NA,NA,NA,NA,NA,NA,NA,NA,NA,NA,NA,NA,NA,NA,NA,NA,NA,NA,NA
"A0A2I4PYB9",NA,NA,NA,NA,NA,NA,NA,NA,NA,NA,NA,NA,NA,NA,NA,NA,NA,NA,NA,NA,NA,0.0253589077780302,NA,NA,NA,NA,NA,NA,NA,NA,NA,NA,NA
"A0A2I4PZD6",NA,NA,NA,NA,NA,NA,NA,NA,NA,NA,NA,NA,NA,NA,0.00610516000090777,NA,NA,NA,NA,NA,NA,NA,NA,NA,NA,NA,NA,NA,NA,NA,NA,NA,NA
"A0A2Q2TH77",NA,NA,NA,NA,0.000527478301305279,NA,NA,0.00101801045264809,NA,NA,NA,NA,0.00115496222841825,0.001117318,NA,NA,NA,NA,NA,NA,NA,NA,NA,NA,NA,NA,NA,NA,NA,NA,NA,NA,NA
"A0A2Q2TTZ9",NA,0.0263510638902791,NA,0.0491349041587331,0.0199556334137913,NA,NA,0.0308108113546817,0.037696997107187,NA,NA,NA,NA,NA,NA,0.0304365513741867,NA,NA,0.0152182762121239,0.0400806877214793,NA,NA,0.0073897116481223,NA,0.0427727650254221,NA,NA,0.0143069002010905,NA,NA,NA,NA,NA
"A0A2R2Y2Q3",NA,NA,NA,NA,NA,NA,NA,NA,NA,NA,NA,NA,NA,NA,NA,NA,NA,NA,NA,NA,NA,NA,NA,NA,NA,NA,NA,NA,0.0086148987209403,NA,NA,NA,NA
"A0A2R8Y3N3",NA,NA,NA,NA,NA,NA,NA,NA,NA,NA,NA,NA,NA,0.00228833,NA,NA,NA,NA,NA,NA,NA,NA,0.00233359358141975,NA,NA,NA,0.00409515933457524,0.00225898465793054,NA,NA,NA,NA,NA
"A0A2R8Y414",NA,NA,0.00209434485018937,NA,NA,NA,NA,NA,NA,NA,NA,NA,NA,NA,NA,NA,NA,NA,NA,NA,NA,NA,NA,NA,NA,NA,NA,NA,NA,NA,NA,NA,NA
"A0A2R8Y420",NA,NA,NA,NA,NA,NA,NA,NA,NA,NA,NA,NA,NA,NA,NA,NA,NA,NA,NA,NA,NA,NA,NA,NA,NA,NA,NA,NA,NA,0.0093270504806198,NA,NA,NA
"A0A2R8Y478",NA,NA,NA,NA,NA,NA,NA,NA,NA,NA,NA,NA,NA,NA,NA,NA,NA,NA,NA,NA,NA,NA,NA,0.00823910310718978,NA,NA,NA,NA,NA,NA,NA,NA,NA
"A0A2R8Y484",NA,NA,NA,NA,NA,NA,NA,NA,NA,NA,NA,NA,NA,NA,NA,NA,NA,NA,0.00690829587191805,NA,NA,NA,NA,NA,NA,NA,NA,NA,NA,NA,NA,NA,NA
"A0A2R8Y488",NA,NA,NA,NA,0.00109154477474039,NA,NA,NA,NA,NA,NA,NA,NA,NA,NA,NA,NA,NA,0.00121394300643438,NA,NA,NA,NA,NA,NA,NA,NA,0.00190207311759087,NA,NA,NA,NA,NA
"A0A2R8Y4B0",NA,NA,NA,NA,NA,NA,NA,NA,NA,NA,NA,NA,NA,NA,NA,NA,NA,NA,NA,NA,NA,NA,NA,0.00166033288618732,NA,NA,NA,NA,NA,0.00606327912590272,0.000841226696191408,NA,NA
"A0A2R8Y4D6",NA,NA,0.00494750988268261,NA,NA,NA,NA,NA,NA,NA,NA,NA,NA,NA,NA,NA,NA,NA,NA,NA,NA,NA,NA,NA,NA,NA,NA,NA,NA,NA,NA,NA,NA
"A0A2R8Y4F5",NA,NA,NA,NA,0.00287861700152241,NA,NA,NA,NA,NA,NA,NA,NA,NA,0.00164439539682183,0.0030121158192998,NA,NA,NA,0.00385043430327729,NA,NA,NA,0.00184241241340455,NA,NA,0.000454670822684784,NA,NA,NA,NA,NA,NA
"A0A2R8Y4I5",NA,0.00129359786941889,NA,NA,NA,0.00165731600632955,NA,0.000792277811023307,0.00153072343607976,NA,NA,NA,NA,0.000869565,NA,NA,NA,NA,0.00152182720118798,NA,NA,NA,NA,NA,NA,NA,NA,NA,NA,NA,NA,NA,NA
"A0A2R8Y4L2",0.00531533733583171,0.00646798835533624,0.00853445398435352,0.0044221412624058,0.0061577381001226,0.00520320052462634,NA,0.00561196896698139,0.0038268094703656,NA,NA,0.00455698902510376,0.00505609984598038,0.005072464,NA,0.0102750540536358,0.00440515976703393,NA,0.00913096530724991,0.00721452365711904,0.00759435994126687,0.00654186269164156,0.0102603296310594,0.00755251086575834,NA,NA,0.00664610218574154,0.00751112275364893,NA,NA,NA,0.00633588020146243,0.00605191858401021
"A0A2R8Y4R4",NA,NA,NA,NA,0.000226695408523254,NA,NA,NA,NA,NA,NA,NA,NA,NA,NA,NA,NA,NA,NA,NA,NA,NA,NA,NA,NA,NA,NA,0.000790056766915161,NA,NA,NA,NA,NA
"A0A2R8Y4T4",NA,NA,NA,NA,0.00483371949531023,NA,NA,0.0062192475652753,NA,NA,NA,0.00185025464958929,NA,NA,NA,NA,NA,NA,NA,NA,NA,NA,NA,NA,NA,NA,NA,NA,NA,NA,NA,NA,NA
"A0A2R8Y542",NA,NA,NA,0.000577893656911811,0.000804704684410981,0.000906618581480567,NA,NA,NA,NA,0.000930165822214756,NA,0.00105718430651212,0.002725822,NA,NA,NA,NA,NA,0.000942807389382466,NA,NA,NA,NA,NA,NA,NA,NA,NA,NA,NA,0.000946268081844071,NA
"A0A2R8Y543",NA,NA,NA,NA,0.00122452400528324,0.000660450754360694,NA,NA,NA,NA,NA,NA,NA,0.003062914,NA,NA,NA,NA,NA,0.00183150147344325,NA,NA,NA,NA,NA,NA,NA,0.00245159653320529,NA,NA,NA,NA,0.0020484791841124
"A0A2R8Y586",NA,NA,NA,NA,NA,NA,NA,NA,NA,NA,NA,0.00330967331598887,0.00820390163367929,NA,NA,0.00224372000882704,NA,NA,NA,NA,NA,NA,NA,NA,NA,NA,NA,NA,NA,NA,NA,NA,0.00793128989136218
"A0A2R8Y595",NA,NA,NA,NA,0.00361065614658514,NA,NA,0.0034842055957999,0.00084145912699527,NA,NA,0.00207313395765483,NA,0.003824092,NA,NA,NA,NA,NA,NA,NA,NA,NA,NA,NA,NA,NA,NA,NA,NA,NA,0.00159219061921852,0.00177430386602138
"A0A2R8Y5B3",NA,NA,0.00199092979472092,NA,0.0011013057750624,NA,NA,NA,NA,NA,NA,NA,NA,NA,NA,NA,NA,NA,NA,NA,NA,NA,NA,NA,NA,NA,NA,NA,NA,NA,NA,NA,NA
"A0A2R8Y5D2",NA,NA,NA,NA,NA,NA,NA,NA,NA,NA,NA,NA,NA,0.00247619,NA,NA,NA,NA,NA,0.00294993898976311,NA,NA,NA,NA,NA,NA,NA,NA,NA,NA,NA,NA,NA
"A0A2R8Y5D3",NA,NA,NA,NA,0.00475261670515162,NA,NA,0.00458617299640745,NA,NA,NA,NA,0.00346876406243726,0.003355705,0.00361987802012084,NA,NA,NA,NA,NA,NA,NA,NA,NA,NA,NA,NA,NA,NA,NA,NA,NA,NA
"A0A2R8Y5E5",NA,NA,NA,NA,NA,0.181323658054954,NA,NA,NA,NA,NA,NA,0.0626479760177608,NA,NA,NA,NA,NA,NA,NA,NA,NA,0.0927072892678521,0.129204119147741,0.044716981036166,NA,NA,NA,NA,NA,NA,NA,NA
"A0A2R8Y5M9",NA,NA,NA,NA,NA,NA,NA,0.000616732376409608,NA,NA,NA,NA,NA,NA,NA,NA,NA,NA,NA,NA,NA,NA,NA,NA,NA,NA,NA,NA,NA,NA,NA,NA,NA
"A0A2R8Y5P9",NA,NA,NA,NA,NA,NA,NA,NA,NA,NA,NA,NA,NA,NA,NA,NA,NA,NA,NA,NA,NA,NA,0.00125126416331584,NA,NA,NA,NA,NA,NA,NA,NA,NA,NA
"A0A2R8Y5S7",NA,NA,NA,NA,NA,NA,NA,0.0012538346561859,0.00107665625766739,NA,NA,NA,NA,NA,NA,NA,NA,NA,NA,NA,NA,NA,NA,NA,0.00150424097936327,NA,NA,NA,NA,NA,NA,0.00152791829483209,0.00127701056476346
"A0A2R8Y5T0",NA,0.000387405560281271,NA,NA,NA,NA,NA,NA,0.000229210240208371,NA,NA,NA,NA,NA,NA,NA,NA,NA,NA,NA,NA,NA,NA,NA,NA,NA,NA,NA,NA,NA,NA,NA,NA
"A0A2R8Y5T7",NA,NA,NA,NA,NA,NA,NA,NA,NA,NA,NA,NA,NA,0.002777778,NA,NA,NA,NA,NA,NA,NA,NA,NA,NA,NA,NA,NA,NA,NA,NA,NA,NA,NA
"A0A2R8Y5V9",0.00657272798213547,0.0138099388607112,0.011781451994431,0.00611040701835367,0.0184083354673124,0.00896191259887858,NA,0.00918838534419778,0.0134773177901162,NA,0.00936415336486615,0.0172301781294541,0.0153424610667584,0.025972523,0.00782188596939938,0.00370485263234282,0.00663031345171255,NA,0.00784981104438288,0.00764596324271316,NA,0.0106249656257907,0.00691332847506371,0.0093268816334837,0.00297512219620034,NA,0.00526129295453437,0.00960099427590845,0.0157339226765777,0.00653854565364739,NA,0.0119105883547745,0.00826209216550773
"A0A2R8Y5Y7",NA,0.0100575124877555,0.00677337684455859,NA,0.00638338923834636,0.00844258336416127,NA,0.00843629337912388,0.00232848231145419,NA,NA,NA,0.00741356274569772,0.013227513,NA,NA,NA,NA,0.0113432517391039,0.0141448775144212,NA,0.00447806115393839,0.0100719028074693,NA,NA,NA,0.0157811694324515,NA,NA,NA,NA,0.00550737892979081,0.0122336997237468
"A0A2R8Y611",NA,NA,NA,NA,0.00132610431285177,NA,NA,NA,NA,NA,NA,NA,NA,NA,NA,NA,NA,NA,NA,NA,NA,NA,NA,NA,NA,NA,NA,NA,NA,NA,NA,NA,NA
"A0A2R8Y619",NA,0.0135486095742096,NA,NA,NA,NA,0.0855563988257456,NA,NA,NA,NA,0.0221071257808159,NA,NA,0.0145357060265251,NA,NA,0.0105181219340204,NA,NA,NA,0.0163103580199919,NA,NA,NA,0.00577030210318464,NA,NA,NA,NA,NA,NA,NA
"A0A2R8Y623",NA,NA,0.00740662686934259,0.00952897292953142,NA,0.00236042641512471,NA,NA,NA,NA,NA,NA,NA,NA,0.00797872482292776,NA,0.00149879705208433,NA,NA,0.00581841984941466,NA,0.00166933645991651,0.00703990257134014,0.00747532019024183,0.00582114575138658,NA,0.00794194400593596,0.007301598577631,NA,NA,NA,NA,0.0107529980365903
"A0A2R8Y633",NA,NA,NA,NA,0.0163416896097171,NA,NA,0.0297866061991223,NA,NA,NA,NA,NA,0.009615385,NA,NA,NA,NA,0.0100967410897827,NA,NA,NA,NA,NA,NA,NA,NA,NA,NA,NA,NA,NA,NA
"A0A2R8Y688",NA,NA,NA,NA,0.00264477976610462,NA,NA,NA,NA,NA,NA,NA,NA,NA,NA,0.00367668474517726,NA,NA,NA,NA,NA,NA,NA,NA,NA,NA,NA,NA,NA,NA,NA,NA,NA
"A0A2R8Y6A7",NA,NA,NA,NA,NA,NA,NA,0.00532818524412457,NA,NA,NA,NA,NA,NA,NA,NA,NA,NA,NA,NA,NA,NA,NA,NA,NA,NA,NA,NA,NA,NA,NA,NA,NA
"A0A2R8Y6G6",0.0103285734748052,0.00769336218405802,0.0216148301272269,0.0134394413942118,0.0166580260871678,0.00748600902688466,0.0211011910874188,0.0142622187654724,0.00886120520101915,0.00673989544442408,0.00989502606498013,0.010318880107059,0.0236820388573857,0.020504376,0.00890651121886825,0.0151112550418713,0.00613600597110457,0.00693689026129684,0.0221325920839346,0.0236003714564706,NA,0.00910057567507387,0.0155123444111775,0.0265870930247358,0.013217815732885,0.00230228735320842,0.00720624933778384,0.0144238479907323,0.00408125693776059,NA,0.00492227570250453,0.0164349614538707,0.0127614978826221
"A0A2R8Y6H2",NA,NA,0.00038530296117477,NA,0.0008880612478109,NA,NA,NA,NA,NA,NA,NA,0.00070001698356875,0.000955992,0.000608760377508414,NA,NA,NA,NA,0.000208093463977065,NA,0.000636834780043481,NA,NA,NA,NA,NA,NA,NA,NA,NA,0.000313286778317178,NA
"A0A2R8Y6I8",0.0493950469499945,0.0300532795273476,NA,0.092462955610207,0.0715292826204994,NA,0.0478896007473381,NA,0.0800151087879617,NA,NA,0.065712060849373,0.12529595100183,0.090909091,NA,NA,NA,NA,0.0954600938531838,0.0670440600044405,NA,NA,0.0618048598518281,NA,0.0894339630561056,NA,NA,0.0299144266162699,NA,NA,NA,0.100935229587457,NA
"A0A2R8Y6J3",NA,0.0162850282322579,0.0124443271584487,0.00501030755367563,0.0250295435756633,0.00786033612555372,NA,0.0284417679951362,0.010839485226161,NA,0.00604836731661145,0.0215425497383521,0.019731797787864,0.018883415,NA,0.0051727140469474,NA,NA,0.0146560241830787,0.00867361824168273,0.00860444674224642,0.00555897200000431,0.018419674480628,NA,0.0072692634310637,NA,0.0139581723479269,NA,NA,NA,0.00709448550747094,0.0218775867496319,0.0200971120614896
"A0A2R8Y6J9",NA,NA,NA,NA,NA,NA,NA,NA,NA,NA,NA,NA,NA,NA,NA,NA,NA,NA,NA,NA,NA,NA,0.00294734114484915,NA,NA,NA,NA,NA,NA,NA,NA,NA,NA
"A0A2R8Y6P0",NA,NA,NA,NA,NA,NA,NA,NA,NA,NA,NA,NA,NA,NA,0.00140641927253771,NA,NA,NA,NA,NA,NA,NA,NA,NA,NA,NA,NA,NA,NA,NA,NA,NA,NA
"A0A2R8Y738",NA,0.0167688594703874,0.0302416538762605,0.0147404715527477,0.0250870813584668,0.0131685941271939,0.015269148614058,NA,NA,NA,NA,0.027499068936508,0.0149810380355078,0.028985507,0.0195420933185676,0.00760913810606194,NA,NA,0.0193081872747183,0.0280564816262809,NA,0.016354658421811,0.0270956083566683,0.00686591957182378,NA,NA,0.0197221739457563,0.0166913835679389,NA,NA,NA,0.00301708533438269,0.0168108852649042
"A0A2R8Y765",NA,NA,NA,NA,NA,NA,NA,NA,NA,NA,NA,NA,NA,NA,NA,NA,NA,NA,NA,0.00199679944036052,NA,NA,NA,NA,NA,NA,NA,NA,NA,NA,NA,NA,NA
"A0A2R8Y793",0.0105742623661994,0.0106112408627234,0.012635137757238,NA,0.0438411429972736,0.0139494405268217,0.0238294243153884,0.0243624827828457,NA,0.00549665268285316,0.0242274503710421,NA,0.0227475175642997,0.011440476,NA,0.00867208443631241,0.0114755407589869,0.00493720145926078,NA,NA,NA,NA,0.00968610874744276,0.0152410131156781,0.0190114364829233,0.00776842114493569,0.0237845713542461,0.0111816063336633,0.00837868624721103,0.012357898270738,0.0237836328656748,0.0085792178160156,0.0116868496002885
"A0A2R8Y798",NA,NA,NA,NA,NA,NA,NA,NA,NA,NA,NA,NA,NA,NA,NA,NA,NA,NA,NA,NA,NA,NA,NA,NA,NA,NA,NA,0.0669869489837561,NA,NA,NA,NA,NA
"A0A2R8Y7C0",0.0704846328202525,0.0917886695780685,0.0746764756915305,NA,0.0819704220425251,0.0284051179949388,NA,NA,0.0454471033869652,0.0740636840215352,0.0323244091044347,NA,0.0123355803871736,NA,NA,NA,NA,0.015068962399419,NA,0.0686185318508649,NA,0.498099195755231,0.0348520910853221,0.114277349056062,0.0742062240904511,NA,NA,NA,NA,NA,NA,NA,0.065222524877396
"A0A2R8Y7I4",NA,NA,NA,NA,NA,NA,NA,NA,NA,NA,NA,NA,NA,0.004166667,NA,NA,NA,NA,NA,NA,NA,NA,0.0169963366887033,NA,NA,NA,0.00745660238682277,NA,NA,NA,NA,0.00693929676870959,NA
"A0A2R8Y7M3",NA,NA,NA,NA,NA,NA,NA,NA,NA,NA,NA,NA,NA,NA,NA,NA,NA,NA,NA,NA,NA,NA,NA,NA,NA,NA,NA,NA,NA,NA,0.00196343644306168,NA,NA
"A0A2R8Y7R2",NA,NA,NA,0.0219673206782412,0.0434096724146511,0.0144950022178286,0.0465726598921836,NA,NA,0.0264747275779116,NA,NA,0.0298052919316452,0.046546547,NA,0.0476942130688671,0.0208490361045677,0.0511097850387551,NA,NA,NA,NA,0.0528510154808817,NA,NA,NA,NA,NA,0.0325183406295502,NA,NA,NA,NA
"A0A2R8Y7S8",NA,NA,NA,NA,NA,NA,NA,0.00173546620192898,NA,NA,NA,NA,NA,0.000634921,NA,NA,NA,NA,NA,NA,NA,NA,NA,NA,NA,NA,NA,NA,NA,NA,NA,NA,NA
"A0A2R8Y7U1",NA,NA,NA,NA,0.0101718451499381,NA,NA,NA,NA,NA,NA,NA,NA,0.003802281,NA,NA,NA,NA,0.00731981689022028,0.00420618583870257,NA,NA,0.0124079713953881,NA,NA,NA,0.0136090082775386,NA,NA,NA,NA,0.00791554761008747,NA
"A0A2R8Y7X9",NA,NA,NA,NA,NA,NA,NA,NA,NA,NA,NA,NA,NA,NA,NA,NA,NA,NA,NA,NA,NA,NA,NA,NA,NA,NA,0.00790583824094245,NA,NA,NA,NA,NA,NA
"A0A2R8Y7Y3",NA,NA,NA,NA,NA,NA,NA,NA,NA,NA,NA,NA,NA,NA,NA,NA,NA,NA,NA,NA,NA,NA,NA,NA,NA,NA,NA,NA,NA,0.0067157566950358,NA,NA,NA
"A0A2R8Y7Y9",NA,NA,NA,NA,NA,NA,NA,NA,NA,NA,NA,NA,NA,0.012396694,0.0565470198117196,0.00650864264339196,NA,NA,0.0216954758279935,NA,NA,0.00837693548939244,0.0168558711468023,0.0285162629896166,0.0054202403044638,0.00412889593061372,0.0221849332239841,0.0397046033177226,NA,0.041610875996255,0.0134892938966771,NA,NA
"A0A2R8Y7Z3",NA,NA,NA,NA,0.00443280090034685,NA,NA,NA,NA,NA,NA,NA,NA,NA,NA,NA,NA,NA,NA,NA,NA,0.00176599567783466,NA,NA,NA,NA,NA,NA,NA,NA,NA,NA,NA
"A0A2R8Y811",NA,0.0368152676689404,0.0453101936265187,0.02157468940506,0.0661748045994006,0.0245995760397003,0.0271374409502772,0.0485930509206524,0.0360067989985911,NA,0.0248044137402702,0.0715831206258369,0.0856151706193022,0.067424242,0.0326885921855653,0.0286380278409368,0.0422161156161264,NA,0.0432752422807612,0.0587593292212283,NA,0.0256470776205991,0.030902429416024,0.0258408236400489,0.031301887217203,0.0272507155401135,0.0332157754887455,0.0209400986313889,NA,NA,NA,0.0397432469467163,0.0414770390829726
"A0A2R8Y891",NA,NA,NA,0.000690022003660891,NA,NA,NA,NA,NA,NA,NA,NA,NA,NA,NA,NA,NA,NA,0.000712388705244452,NA,NA,NA,NA,0.0010713441929749,NA,NA,NA,NA,NA,NA,NA,NA,NA
"A0A2R8YCI2",NA,NA,NA,NA,NA,NA,NA,NA,NA,NA,NA,0.0172103016768417,0.0123058524505189,NA,NA,NA,NA,NA,NA,NA,NA,NA,NA,NA,NA,NA,NA,NA,NA,NA,NA,NA,NA
"A0A2R8YCS7",NA,NA,NA,NA,NA,NA,NA,NA,NA,NA,NA,NA,NA,NA,NA,NA,NA,NA,NA,NA,NA,NA,NA,0.00129204085037854,NA,NA,NA,NA,NA,NA,NA,NA,NA
"A0A2R8YD12",NA,NA,NA,NA,NA,NA,NA,0.00320172568524874,NA,NA,NA,NA,NA,NA,NA,NA,NA,NA,NA,NA,NA,NA,NA,NA,NA,NA,NA,NA,NA,NA,NA,NA,NA
"A0A2R8YD50",NA,NA,0.0016307877704111,NA,NA,NA,NA,NA,NA,NA,NA,NA,NA,NA,NA,NA,NA,NA,NA,NA,NA,NA,NA,NA,NA,NA,NA,NA,NA,NA,NA,NA,NA
"A0A2R8YDF1",NA,NA,NA,NA,NA,NA,NA,NA,NA,NA,NA,NA,NA,NA,NA,NA,NA,NA,NA,NA,NA,NA,NA,NA,NA,NA,NA,0.00493588044104334,NA,NA,NA,NA,NA
"A0A2R8YDH3",NA,NA,NA,NA,NA,NA,NA,NA,NA,NA,NA,0.00376475322074688,NA,NA,NA,NA,NA,NA,NA,NA,NA,NA,NA,NA,NA,NA,NA,NA,NA,NA,NA,NA,NA
"A0A2R8YDI9",NA,NA,0.00581894594497442,NA,NA,NA,NA,NA,NA,NA,NA,NA,NA,NA,NA,NA,NA,NA,NA,NA,NA,NA,NA,0.0107670096131462,NA,NA,NA,NA,NA,NA,NA,NA,NA
"A0A2R8YDT1",NA,NA,NA,NA,NA,NA,NA,NA,NA,NA,NA,NA,NA,0.002793296,NA,NA,NA,NA,NA,NA,NA,NA,NA,NA,NA,NA,NA,NA,NA,NA,NA,NA,NA
"A0A2R8YE05",NA,NA,NA,NA,NA,NA,NA,NA,NA,NA,NA,NA,NA,NA,NA,NA,NA,0.00262058008722123,NA,NA,NA,NA,NA,NA,NA,NA,NA,NA,NA,NA,NA,NA,NA
"A0A2R8YEA7",NA,NA,NA,NA,NA,NA,NA,NA,NA,NA,NA,NA,NA,NA,NA,NA,NA,NA,NA,NA,NA,NA,NA,NA,0.0501285906949016,NA,NA,NA,NA,NA,NA,NA,NA
"A0A2R8YEM3",NA,NA,NA,NA,NA,NA,NA,NA,NA,NA,NA,NA,NA,NA,NA,NA,NA,NA,NA,NA,NA,NA,0.0241368089617062,NA,0.00436585931353993,NA,NA,0.0147979057925481,NA,NA,NA,NA,NA
"A0A2R8YEP4",NA,NA,NA,NA,NA,NA,NA,NA,NA,NA,NA,NA,NA,0.005102041,0.0202937705434305,NA,NA,NA,NA,0.0056440154219743,NA,NA,NA,0.0166970618853526,NA,NA,NA,0.0144382893897267,NA,0.0254883835373181,0.0107768608750074,0.018056333760172,NA
"A0A2R8YEU4",NA,NA,NA,NA,NA,NA,NA,NA,NA,NA,NA,NA,0.022692062077473,NA,NA,NA,NA,NA,NA,NA,NA,NA,NA,NA,NA,NA,NA,NA,NA,NA,NA,NA,NA
"A0A2R8YF87",NA,NA,NA,NA,NA,NA,NA,NA,NA,NA,NA,NA,NA,NA,NA,NA,NA,NA,NA,NA,NA,NA,NA,NA,NA,NA,NA,0.00154972726665917,NA,NA,NA,NA,NA
"A0A2R8YFE2",0.0627598471546856,0.0265026809138672,0.0206699441613606,0.0125527238699075,0.025415524195574,NA,0.0505669738778966,0.0241555647632419,NA,0.00897618582748949,0.0483529083155556,NA,0.0218950713840611,NA,NA,NA,0.0176345795048585,0.0248645544505464,0.0232608459099679,0.0229171203165358,NA,NA,0.0286857995224556,0.044309805118708,0.0285377362517165,0.00843200813998194,0.0285521814356397,NA,0.0411053259716644,0.0531378370558344,NA,0.0201915141031024,0.0264292655480595
"A0A2R8YFH5",NA,NA,NA,NA,NA,NA,NA,NA,NA,NA,NA,NA,NA,NA,NA,NA,NA,NA,NA,NA,NA,NA,NA,NA,NA,NA,NA,NA,NA,NA,NA,0.000688194514405336,0.00102254606347191
"A0A2R8YFZ7",NA,NA,NA,NA,NA,NA,NA,NA,NA,NA,NA,NA,0.000468440088655831,NA,NA,NA,NA,NA,NA,NA,NA,NA,NA,NA,NA,NA,NA,NA,NA,NA,NA,0.000377363414526896,NA
"A0A2R8YGC7",NA,NA,NA,NA,NA,NA,NA,NA,NA,NA,NA,NA,NA,NA,NA,NA,NA,NA,NA,NA,NA,NA,NA,NA,NA,NA,NA,0.00126561009106401,NA,NA,NA,NA,NA
"A0A2R8YGF8",NA,0.0118630995950927,NA,NA,0.00741109378521169,NA,0.0229559263218125,NA,0.0176026981175831,NA,NA,NA,0.0244787649257487,NA,NA,NA,NA,NA,0.0135081457664307,0.0101962843722717,NA,NA,NA,NA,NA,NA,NA,NA,NA,0.00373570890103144,NA,0.00907615669909708,0.021843357174742
"A0A2S1CVU8",0.0678476264958428,NA,NA,NA,0.134710075517724,NA,NA,0.104102955501849,NA,NA,NA,NA,NA,NA,0.500719779098396,NA,0.0879328006298183,NA,NA,NA,0.2858240986866,NA,NA,NA,NA,NA,0.152362778631482,0.274938062866661,NA,0.0444091928517809,0.0942231122905154,0.0861109217240985,0.0991183213235957
"A0A2U3TZH3",NA,NA,0.00225971389925551,NA,NA,NA,NA,0.0129236836876433,0.00728269930250248,NA,0.000645031989356682,NA,NA,0.007289204,NA,NA,NA,NA,NA,0.00224159419694868,NA,NA,NA,NA,NA,0.00236215799337023,NA,0.00194479118845593,NA,NA,NA,NA,0.00369096342493651
"A0A2U3TZI3",NA,NA,NA,NA,NA,NA,NA,NA,NA,NA,NA,0.000574893755918853,NA,NA,0.00114392699806659,NA,NA,NA,NA,NA,NA,NA,NA,NA,NA,NA,NA,NA,NA,NA,NA,NA,NA
"A0A2U8J8C7",NA,NA,NA,NA,0.00890741982199974,NA,NA,NA,NA,NA,NA,NA,NA,NA,NA,NA,NA,NA,NA,NA,NA,NA,NA,NA,NA,NA,NA,NA,NA,NA,NA,NA,NA
"A0A2U8J8D8",NA,NA,NA,0.0128745888974721,NA,NA,NA,NA,NA,NA,NA,NA,NA,NA,NA,NA,NA,NA,NA,NA,NA,NA,NA,NA,NA,NA,NA,NA,NA,NA,NA,NA,NA
"A0A342Y255",NA,NA,NA,NA,NA,NA,NA,NA,NA,NA,NA,NA,NA,NA,NA,NA,NA,NA,NA,NA,NA,NA,0.00149090638715251,NA,NA,NA,NA,NA,NA,NA,NA,NA,NA
"A0A384DVL6",NA,NA,NA,NA,NA,NA,NA,NA,NA,NA,NA,NA,NA,0.000596659,NA,NA,NA,NA,NA,NA,NA,NA,NA,NA,NA,NA,NA,NA,NA,NA,NA,NA,NA
"A0A384MDQ7",NA,NA,NA,0.00144064136201649,NA,NA,NA,NA,NA,NA,NA,NA,NA,NA,NA,NA,NA,NA,NA,NA,NA,NA,NA,NA,NA,NA,NA,NA,NA,NA,NA,NA,NA
"A0A384MDT2",NA,NA,NA,NA,NA,NA,NA,NA,NA,NA,NA,NA,NA,NA,NA,NA,NA,NA,NA,NA,NA,NA,NA,NA,NA,NA,NA,0.00390408596799981,NA,NA,NA,NA,NA
"A0A384MDX9",NA,NA,NA,NA,NA,NA,NA,NA,0.00121234971973954,NA,NA,NA,NA,NA,NA,NA,NA,NA,NA,NA,NA,NA,NA,NA,NA,NA,NA,NA,NA,NA,NA,NA,NA
"A0A384MR03",NA,NA,0.00535625937953738,0.00250520869983339,0.00282325084773228,0.00406876407024308,NA,0.00429064585160255,0.0038201659759198,0.00577082206060026,0.00213162959996932,NA,0.00157027780479996,0.003146701,NA,0.003759983986671,NA,NA,0.00381207016400831,0.00228063294717462,NA,NA,0.00298763775869847,0.000771074852907782,0.00671434035802543,NA,0.00252437109836593,0.00578423489184766,NA,NA,NA,0.00158122042330399,0.0023762887844583
"A0A384N5Y3",NA,NA,NA,NA,0.0011196692588371,0.000774085638234926,NA,NA,NA,NA,0.000735361777298474,0.000701325862957185,0.00206158832005212,NA,0.00209325442463516,NA,NA,NA,NA,0.000715541905565059,NA,0.00206813486788595,0.000989437641423303,0.00122573975646107,NA,NA,NA,0.000957803650880107,NA,NA,NA,0.00224427441965441,NA
"A0A384N6C7",NA,NA,NA,NA,NA,NA,NA,0.00510227037855769,NA,NA,NA,NA,NA,NA,NA,NA,NA,NA,NA,NA,NA,NA,NA,NA,NA,NA,NA,NA,NA,NA,NA,NA,NA
"A0A384NL58",NA,NA,NA,NA,NA,NA,NA,NA,NA,NA,NA,NA,NA,0.022384939,NA,NA,0.0159958461624939,NA,NA,NA,NA,NA,NA,NA,NA,NA,NA,NA,NA,NA,NA,NA,NA
"A0A384NQ21",NA,NA,NA,NA,NA,NA,NA,NA,NA,NA,NA,NA,0.00137458964846321,NA,NA,NA,NA,NA,NA,NA,NA,NA,NA,NA,NA,NA,NA,NA,NA,NA,NA,NA,NA
"A0A384NYN5",NA,NA,NA,NA,NA,NA,NA,NA,NA,NA,NA,0.00150499290448909,NA,NA,NA,NA,NA,NA,NA,NA,NA,NA,NA,NA,NA,NA,NA,NA,NA,NA,NA,NA,NA
"A0A384P5G6",NA,NA,NA,NA,NA,NA,NA,NA,NA,NA,NA,0.00202193788851604,NA,NA,NA,NA,NA,NA,NA,NA,NA,NA,NA,NA,NA,NA,NA,NA,NA,NA,NA,NA,NA
"A0A385HVY8",NA,NA,NA,NA,NA,NA,NA,NA,NA,NA,NA,NA,NA,NA,0.072194493929752,NA,NA,NA,NA,NA,NA,NA,NA,NA,NA,NA,NA,NA,NA,NA,NA,NA,NA
"A0A385HVZ2",NA,NA,NA,NA,NA,NA,NA,NA,NA,NA,NA,NA,NA,NA,0.058565629802664,NA,NA,NA,NA,NA,NA,NA,NA,NA,NA,NA,NA,NA,NA,NA,NA,NA,NA
"A0A385HW02",NA,NA,NA,NA,NA,NA,NA,NA,NA,NA,NA,0.0194652034733441,NA,NA,NA,NA,NA,NA,NA,NA,NA,NA,NA,NA,NA,NA,NA,NA,NA,0.0365240630447369,NA,NA,NA
"A0A385HW63",NA,NA,NA,NA,NA,NA,NA,NA,NA,NA,NA,NA,NA,NA,NA,NA,NA,0.018901634319773,NA,NA,NA,NA,NA,NA,NA,NA,NA,NA,NA,NA,NA,NA,NA
"A0A3B3IRH9",NA,NA,NA,NA,NA,NA,NA,NA,NA,0.0105314649023892,NA,NA,NA,NA,NA,NA,NA,NA,NA,NA,NA,NA,NA,NA,NA,NA,NA,NA,NA,NA,NA,NA,NA
"A0A3B3IRI2",NA,NA,0.00250399660955545,NA,0.00577131087998435,NA,NA,NA,NA,NA,NA,NA,NA,NA,NA,NA,NA,NA,0.0012836933104408,0.00405706754763695,NA,NA,NA,NA,NA,NA,NA,NA,NA,NA,NA,NA,NA
"A0A3B3IRK6",NA,0.00252999509091515,0.00606700975991883,NA,0.0034390011475,0.00474329961120161,NA,0.00942626685604179,NA,NA,NA,0.0018439605841619,0.00796950482808819,0.007598397,NA,0.00178581779477074,NA,0.00201445954700345,0.00267872669215611,0.00391945512342029,NA,NA,0.00173431975809824,0.00416275551615936,0.000836542036759875,NA,0.00304351170786598,NA,NA,NA,NA,NA,NA
"A0A3B3IRN5",NA,0.017900398093769,0.0257274378983171,0.0458996722238856,0.0130532701621935,0.0202213479698254,NA,NA,0.0121681964376485,NA,0.0141453743441981,0.00749480830509281,NA,NA,NA,NA,NA,NA,0.0112909786509031,0.0351374715180692,NA,NA,0.00939889581772623,NA,NA,NA,NA,NA,NA,NA,NA,0.0196986496976746,NA
"A0A3B3IRQ9",NA,NA,0.000501044499714959,NA,NA,NA,NA,NA,NA,NA,NA,NA,NA,0.000978474,NA,NA,NA,NA,NA,0.00216482757547153,NA,NA,0.000748370784673885,NA,NA,NA,NA,NA,NA,NA,NA,NA,NA
"A0A3B3IRT8",NA,0.00931228353180622,0.0160271439980077,0.00477508253454213,0.0147760017422408,0.00374565328944238,0.0049463441249765,0.00427755761696183,NA,NA,NA,0.00509037122392473,0.0161767070390385,0.002347418,0.00506443017025395,0.00739479649816275,NA,0.00278052226221731,0.00246493216605425,0.0103871074205921,NA,0.00794698224296308,0.00239385035275034,0.00889668394176651,0.00230932783927228,NA,NA,0.00463462983726123,NA,NA,NA,0.00781892594830257,0.00217831204509105
"A0A3B3IRW9",NA,NA,NA,NA,NA,NA,NA,NA,0.00322405229583408,NA,NA,0.00198580420644312,NA,0.001831502,NA,NA,NA,NA,NA,NA,NA,NA,NA,NA,NA,NA,NA,NA,NA,NA,NA,NA,NA
"A0A3B3IS57",NA,NA,NA,NA,NA,NA,NA,0.00132238001424298,NA,NA,NA,NA,NA,NA,NA,NA,NA,NA,NA,NA,NA,NA,NA,NA,NA,NA,NA,NA,NA,NA,NA,NA,NA
"A0A3B3IS75",NA,NA,NA,NA,NA,NA,NA,NA,NA,NA,NA,NA,NA,0.007042254,0.0227899346874192,NA,0.00713511856041013,NA,NA,NA,NA,NA,NA,NA,NA,NA,0.012602708725719,NA,NA,NA,NA,0.00586419508576366,0.0130698713425854
"A0A3B3IS84",NA,NA,0.00135811195470397,NA,0.0012049123069191,NA,NA,0.000420258522046719,NA,NA,NA,0.00200045891588613,0.00254290717232212,0.000461255,NA,NA,NA,NA,NA,0.00257798897262748,NA,NA,0.00036958261449033,0.0008740743958372,NA,NA,NA,NA,NA,NA,NA,NA,0.00057070150165129
"A0A3B3ISS6",NA,NA,NA,NA,NA,NA,NA,NA,NA,NA,NA,NA,0.00131848396962169,NA,NA,0.00267872669215611,NA,NA,NA,NA,NA,NA,NA,0.00604270965079574,NA,NA,NA,NA,NA,NA,NA,NA,NA
"A0A3B3ISV3",NA,NA,0.00293168235366815,NA,NA,NA,NA,NA,NA,NA,NA,NA,NA,NA,NA,NA,NA,NA,NA,NA,NA,NA,NA,NA,NA,NA,NA,NA,NA,NA,NA,NA,NA
"A0A3B3ISW8",NA,NA,NA,NA,NA,NA,NA,NA,NA,NA,NA,NA,NA,NA,NA,NA,NA,NA,0.00681857760733976,NA,NA,NA,NA,NA,NA,NA,NA,NA,NA,NA,NA,NA,NA
"A0A3B3ISX1",NA,NA,NA,NA,0.0018120176348404,NA,NA,NA,NA,NA,NA,NA,NA,NA,NA,NA,NA,NA,NA,NA,NA,NA,NA,NA,NA,NA,NA,NA,NA,NA,NA,NA,NA
"A0A3B3IT11",NA,NA,NA,NA,NA,NA,NA,NA,NA,NA,NA,NA,NA,NA,0.00256838900075029,NA,NA,NA,NA,NA,NA,NA,NA,NA,NA,NA,NA,NA,NA,NA,NA,NA,NA
"A0A3B3ITC2",NA,NA,NA,NA,NA,0.00629861141333423,NA,0.00239768349652401,0.0015441512515627,NA,NA,NA,0.00408036113413271,NA,NA,NA,NA,NA,NA,NA,NA,NA,NA,NA,NA,NA,NA,NA,NA,NA,NA,NA,NA
"A0A3B3ITF0",NA,NA,NA,NA,NA,NA,NA,NA,NA,NA,NA,NA,NA,NA,NA,NA,NA,NA,NA,NA,NA,NA,NA,NA,NA,NA,NA,NA,NA,NA,NA,0.00341276932582742,NA
"A0A3B3ITG6",NA,NA,NA,NA,NA,NA,NA,NA,NA,NA,NA,NA,NA,0.001222494,NA,NA,NA,NA,NA,NA,NA,NA,NA,NA,NA,NA,NA,NA,NA,NA,NA,NA,NA
"A0A3B3ITI4",NA,NA,0.00284481833616268,NA,0.0104909613125259,0.00664853387071853,0.0146329338250794,0.00379633243060961,0.00366735944250295,NA,NA,0.0030118030102971,0.00861409630188662,0.033333333,0.00299645455335771,0.00680595062343795,NA,0.00658056943288113,0.00875050824443766,0.00768213133391851,NA,0.0156732140387844,0.0141636137372894,0.0131596789424547,0.0109308175866184,NA,NA,NA,NA,NA,NA,NA,NA
"A0A3B3ITJ4",NA,NA,0.00430308655029536,NA,0.0102264833359154,0.00111740051645285,NA,NA,NA,NA,0.0057321123776988,0.00658040908199866,0.00144774710389832,0.009803922,NA,NA,NA,NA,0.00294134695609299,0.00420903326695651,NA,NA,0.00357065934527655,NA,NA,NA,0.00751926290356252,NA,NA,NA,NA,0.00349880550632604,0.00519866042170714
"A0A3B3ITK0",NA,NA,0.00290191588387086,0.00250170379904154,NA,0.00404586093390775,NA,0.00299403776948955,0.00103915765706206,0.00272093929300271,NA,NA,NA,NA,NA,NA,NA,NA,NA,NA,NA,NA,NA,0.00316950970070845,NA,NA,NA,NA,NA,NA,NA,NA,0.000867338112554858
"A0A3B3ITK5",NA,NA,NA,NA,0.00726297357951274,NA,NA,NA,NA,NA,NA,NA,NA,NA,NA,NA,NA,NA,NA,NA,NA,NA,NA,NA,NA,NA,NA,0.0101248827028643,NA,NA,NA,NA,NA
"A0A3B3ITK7",NA,NA,0,0.00666072322893049,0.00185498378696396,0.00287362995642987,0.000689961671551569,0.00109390034669117,NA,NA,NA,0.00319523300285699,NA,0.000982318,NA,NA,NA,NA,NA,NA,NA,NA,NA,NA,NA,NA,NA,NA,0.0034798944626498,NA,NA,NA,NA
"A0A3B3ITL1",NA,NA,0.00492372333434228,0.00488986752692915,NA,NA,NA,NA,NA,NA,NA,NA,0.00248483541206201,NA,NA,NA,NA,NA,NA,0.00709119815438632,NA,NA,NA,0.00455527315210078,NA,NA,NA,NA,NA,NA,NA,NA,NA
"A0A3B3ITZ9",NA,NA,NA,NA,NA,NA,NA,NA,NA,NA,NA,NA,0.000600983126371569,NA,NA,NA,NA,NA,NA,NA,NA,NA,NA,NA,NA,NA,NA,NA,NA,NA,NA,NA,NA
"A0A3B3IU42",NA,NA,NA,NA,NA,NA,NA,NA,0.00850402143644187,NA,NA,0.01571375398779,NA,0.003220612,NA,NA,NA,NA,NA,NA,NA,NA,NA,NA,NA,NA,NA,NA,NA,NA,NA,NA,NA
"A0A3B3IU79",NA,NA,NA,NA,NA,NA,NA,NA,NA,NA,NA,NA,NA,0.001676727,NA,NA,0.00977923713135278,0.00476660942315791,0.00690981216004729,NA,NA,0.0102013295622684,NA,NA,0.000659808094616879,NA,0.00318818530969025,0.00320561841137256,NA,0.00283405735096017,0.00386366336518245,0.00279247361244489,0.00435615268606111
"A0A3B3IU96",NA,NA,NA,NA,NA,NA,NA,NA,NA,NA,NA,NA,0.00455370712311063,NA,NA,0.00462581916048546,NA,NA,NA,NA,NA,NA,NA,NA,NA,NA,NA,NA,NA,NA,NA,NA,NA
"A0A3B3IUA7",NA,NA,0.00393897907712763,NA,NA,NA,NA,NA,NA,NA,NA,NA,NA,NA,NA,NA,NA,NA,NA,NA,NA,NA,NA,NA,NA,NA,NA,NA,NA,NA,NA,NA,NA
"A0A3B3IUC7",NA,NA,NA,NA,NA,NA,NA,NA,NA,NA,NA,0.00467348724283188,NA,NA,NA,NA,NA,NA,NA,NA,NA,NA,0.00439560440395604,NA,NA,NA,NA,NA,NA,NA,NA,NA,NA
"A0A3F2YNX0",NA,NA,NA,NA,NA,NA,NA,NA,NA,NA,NA,0.00195064960121446,0.00133897897292679,0.001295337,NA,NA,0.000874945537861976,NA,NA,NA,NA,NA,NA,NA,NA,NA,NA,NA,NA,NA,NA,NA,NA
"A0A3F2YNY6",NA,NA,NA,NA,0.00204369362729658,NA,NA,NA,NA,NA,NA,NA,NA,NA,NA,NA,NA,NA,NA,NA,NA,NA,NA,NA,NA,NA,NA,NA,NA,NA,NA,NA,NA
"A0A3G9CLN8",0.253387094423444,NA,NA,NA,NA,NA,NA,NA,NA,NA,NA,NA,0.0371068779676525,NA,0.156702663601095,NA,NA,0.114274110078667,0.093347809983649,NA,NA,NA,NA,NA,NA,0.129177469347738,NA,0.149399941930635,NA,NA,NA,0.282499599648167,NA
"A0A481SHK9",NA,NA,NA,NA,NA,NA,NA,NA,NA,NA,NA,NA,NA,NA,NA,NA,NA,NA,0.0327073713581105,NA,NA,0.0330242619271405,NA,NA,NA,NA,NA,NA,NA,NA,NA,NA,NA
"A0A494BXC7",NA,NA,NA,NA,0.00659348112678231,NA,NA,NA,NA,NA,NA,NA,NA,0.005586592,NA,NA,NA,NA,NA,NA,NA,NA,NA,NA,NA,NA,NA,NA,NA,NA,NA,NA,NA
"A0A494BZX5",NA,NA,NA,NA,NA,NA,NA,0.000751749384062771,NA,NA,NA,NA,NA,NA,NA,NA,NA,NA,NA,NA,NA,NA,NA,NA,NA,NA,NA,NA,NA,NA,NA,NA,NA
"A0A494BZZ2",NA,0.00867631856404849,0.0117249576619546,0.00394698005162927,0.0064577873599727,0.00862405005053545,0.00209874759841775,0.00750191551581832,NA,NA,0.00673009388943264,0.00664350044688317,0.00914456718962127,0.012835029,0.00849870840947871,NA,NA,NA,0.0038892286485908,0.00330545932374896,NA,0.0142879928236901,NA,NA,0.0018999835824719,NA,0.00534736481759244,0.0119460942527178,NA,0.00935908797267443,NA,0.00945057313295436,0.0102372011956223
"A0A494C028",NA,NA,NA,NA,NA,NA,0.0027725559159173,NA,NA,NA,NA,NA,NA,NA,NA,NA,NA,NA,NA,NA,NA,NA,NA,NA,NA,NA,NA,NA,NA,NA,NA,NA,NA
"A0A494C033",NA,NA,NA,NA,NA,NA,NA,NA,NA,NA,NA,NA,NA,0.005494505,NA,NA,NA,0.00260330175066636,NA,NA,NA,NA,NA,NA,0.00108106978471842,NA,NA,NA,NA,NA,NA,NA,NA
"A0A494C060",NA,0.00075133223612325,0.000620687990772873,NA,NA,0.00344777768481078,NA,NA,NA,NA,NA,NA,NA,NA,NA,NA,NA,NA,NA,NA,0.000926283493013195,NA,NA,0.00068908889570043,NA,NA,NA,NA,NA,NA,NA,NA,NA
"A0A494C0A4",NA,NA,NA,NA,NA,NA,NA,0.0113889963807091,NA,NA,NA,NA,0.0258422899393515,0.051041667,NA,NA,NA,NA,NA,NA,NA,NA,0.0127472522615824,NA,NA,NA,NA,NA,NA,NA,NA,NA,NA
"A0A494C0A9",NA,NA,NA,NA,0.00423402036651118,NA,NA,0.00408573867319967,NA,NA,NA,NA,NA,0.006726457,0.00483732542193607,NA,NA,NA,NA,NA,NA,NA,NA,NA,NA,NA,NA,NA,NA,NA,NA,NA,NA
"A0A494C0B4",NA,NA,NA,NA,NA,NA,NA,NA,0.00523908454064728,NA,NA,0.00645386312881564,NA,NA,NA,NA,NA,NA,NA,NA,NA,NA,NA,NA,NA,NA,NA,NA,NA,NA,NA,NA,NA
"A0A494C0F7",NA,NA,NA,NA,NA,NA,NA,NA,NA,NA,NA,NA,NA,0.002325581,NA,NA,NA,NA,NA,NA,NA,NA,NA,NA,NA,NA,NA,NA,NA,NA,NA,NA,NA
"A0A494C0G5",NA,NA,NA,NA,NA,NA,NA,NA,NA,NA,NA,0.000371097230199932,NA,NA,NA,NA,NA,NA,NA,NA,NA,NA,NA,NA,NA,NA,NA,NA,NA,NA,NA,NA,NA
"A0A494C0L2",NA,NA,NA,NA,0.00431135396405174,NA,0.00481082747233533,NA,NA,NA,NA,NA,NA,0.00456621,NA,NA,NA,NA,NA,NA,NA,NA,NA,NA,NA,NA,NA,NA,NA,NA,NA,NA,NA
"A0A494C0L6",NA,NA,NA,0.00351935164224756,0.00326708177618715,NA,0.00364557558815615,0.0139242635091107,0.00873059909955864,NA,0.00731687325823488,0.0265747304028586,0.0338814562778918,0.026073888,NA,NA,NA,0.00819724819835352,0.00545014332160919,0.00574166207775337,NA,NA,0.0126443329863828,0.00327853627126786,0.00340406125541879,NA,0.00928850176016095,0.00341583459782834,0.00306447416464633,NA,NA,0.00696330812434913,NA
"A0A494C0Q7",NA,NA,NA,NA,0.00491763784969405,NA,NA,NA,NA,NA,NA,NA,NA,NA,NA,NA,NA,NA,NA,NA,NA,0.00587745484136736,NA,NA,NA,NA,NA,NA,NA,NA,NA,NA,NA
"A0A494C0S0",NA,NA,NA,NA,NA,NA,NA,NA,NA,NA,NA,NA,NA,NA,NA,NA,NA,NA,NA,NA,NA,NA,NA,NA,0,NA,NA,NA,NA,NA,NA,NA,NA
"A0A494C0T1",NA,NA,NA,NA,NA,NA,NA,NA,NA,NA,NA,NA,NA,NA,NA,NA,NA,NA,NA,0.00674528650797378,NA,NA,NA,NA,NA,NA,NA,NA,NA,NA,NA,NA,NA
"A0A494C0X0",NA,NA,NA,NA,NA,NA,NA,NA,NA,NA,NA,NA,NA,0.008274232,NA,NA,NA,NA,NA,NA,NA,NA,NA,NA,NA,NA,NA,NA,NA,NA,NA,NA,NA
"A0A494C105",NA,NA,NA,NA,NA,NA,NA,NA,NA,NA,NA,NA,NA,0.004310345,NA,NA,NA,NA,NA,NA,NA,NA,NA,NA,NA,NA,NA,NA,NA,NA,NA,NA,NA
"A0A494C128",NA,NA,0.0035709010344294,NA,0.0018106787783443,NA,NA,NA,NA,NA,NA,NA,0.00216253450670481,NA,NA,NA,NA,NA,NA,NA,NA,NA,NA,NA,NA,NA,NA,NA,NA,NA,NA,NA,NA
"A0A494C165",NA,NA,NA,NA,NA,NA,NA,NA,NA,NA,NA,NA,NA,0.004576659,NA,NA,NA,NA,NA,NA,NA,NA,NA,NA,NA,NA,NA,NA,NA,NA,NA,NA,NA
"A0A494C166",NA,NA,NA,NA,NA,NA,NA,NA,NA,NA,NA,NA,NA,NA,NA,NA,NA,NA,NA,NA,0.0398487331967196,NA,NA,NA,NA,NA,NA,NA,NA,NA,NA,NA,NA
"A0A494C189",0.021391556664191,NA,0.0181441150521272,0.0160172043882956,0.00743453982506429,0.0251283180031069,0.0269614682160913,NA,NA,NA,NA,0.0128060909251536,0.0162786073230358,NA,0.0212347152092694,0.0165363936733549,NA,NA,0.0238211773773868,0.0342610985901438,NA,0.037471466159069,0.0160595299024176,0.0198949472225118,0.00774624900877278,NA,0.0267146001310554,0.0272056401096275,0.0325429417412018,0.007326007,0.0176400053925685,0.0253530220913655,0.00913347340356493
"A0A494C1A0",NA,NA,0.0012489443356418,NA,NA,0.00121619507430996,NA,0.000555560710169254,0.000715582158504733,NA,NA,NA,NA,0.00152439,0.000657758158728733,NA,NA,NA,NA,NA,NA,NA,NA,NA,NA,NA,NA,NA,NA,NA,NA,NA,NA
"A0A494C1A5",NA,NA,NA,NA,0.0014799160749389,NA,NA,0.00142808721193046,NA,NA,NA,0.000212431484730767,0.000270034357109064,NA,NA,NA,NA,NA,NA,0.000494883915516412,NA,NA,NA,NA,NA,NA,NA,NA,NA,NA,NA,NA,NA
"A0A494C1B1",NA,NA,NA,NA,0.00181574339487819,NA,NA,NA,NA,NA,NA,0.00208509430834038,0.00397573707277585,NA,NA,NA,NA,NA,NA,0.00425471933512258,NA,0.00434027479578292,NA,NA,NA,NA,0.00215094294457624,0.00189841563018406,NA,NA,NA,NA,NA
"A0A494C1B7",NA,NA,NA,NA,NA,NA,NA,NA,0.000492262870644767,NA,NA,NA,NA,NA,NA,NA,NA,NA,NA,NA,NA,NA,NA,NA,NA,NA,NA,NA,NA,NA,NA,NA,NA
"A0A494C1N0",NA,NA,NA,NA,0.0165646762535601,NA,NA,NA,NA,NA,NA,NA,0.0181349406710156,NA,NA,NA,NA,NA,NA,0.00646916340323037,NA,NA,NA,NA,NA,NA,NA,NA,NA,NA,NA,NA,NA
"A0A494C1N7",NA,NA,NA,NA,NA,NA,NA,NA,NA,NA,NA,NA,0.0185024676511499,0.007889546,NA,NA,NA,NA,NA,NA,NA,NA,NA,NA,NA,NA,NA,NA,NA,NA,NA,NA,NA
"A0A494C1S7",NA,NA,NA,NA,NA,NA,NA,NA,NA,NA,NA,0.00155188342086092,NA,NA,NA,NA,NA,NA,NA,NA,NA,NA,NA,NA,NA,NA,NA,NA,NA,NA,NA,NA,NA
"A0A494C1T2",NA,NA,NA,NA,NA,NA,NA,0.00287093091869147,NA,NA,NA,NA,NA,NA,NA,0.000671823797542951,NA,NA,NA,NA,NA,NA,NA,NA,NA,NA,NA,NA,NA,NA,NA,NA,NA
"A0A499FHX9",NA,NA,NA,NA,0.000606025178533761,NA,NA,0.0031189377038778,NA,NA,NA,NA,NA,NA,NA,NA,NA,NA,NA,NA,NA,NA,NA,NA,NA,NA,NA,NA,NA,NA,NA,0.00106895457605045,NA
"A0A499FI31",NA,NA,NA,NA,NA,NA,NA,NA,NA,NA,NA,0.00124483277891184,NA,NA,NA,NA,NA,NA,NA,NA,NA,NA,NA,NA,NA,NA,NA,NA,NA,NA,NA,NA,NA
"A0A499FI48",0.00189245778239077,0.00248195432204468,0.0062368225286633,0.00209926165150218,0.00619669995718274,0.00600504884576777,0.0016309156165059,0.00570205410611338,0.00590410731236739,NA,0.00126709886163111,0.00611418635029882,0.0109806556876626,0.007526783,0.00306139263251939,0.00605878914714084,0.00562010241456476,0.00381998945312339,0.00990711056813393,0.00718199505268737,NA,0.00696525613381246,0.00531464356014943,0.0053610699755366,0.00639786432836964,NA,0.00731809032492924,0.00165548146663679,0.00822569315779483,NA,0.00686154111663498,0.00444716536987174,0.00283275644732383
"A0A499FIX8",NA,NA,NA,NA,NA,NA,0.00284749011586482,NA,NA,NA,NA,NA,NA,0.003378378,NA,NA,NA,NA,NA,NA,NA,NA,NA,NA,NA,NA,NA,NA,NA,NA,NA,NA,NA
"A0A499FJ32",NA,NA,NA,NA,NA,NA,NA,NA,NA,NA,NA,NA,NA,0.008928571,NA,NA,NA,NA,NA,NA,NA,NA,NA,NA,NA,NA,NA,NA,NA,NA,NA,NA,NA
"A0A499FJ41",NA,NA,0.0258573647240811,0.0145677316120087,NA,NA,NA,0.0340483540668682,NA,NA,NA,NA,NA,NA,NA,NA,NA,NA,NA,NA,NA,NA,NA,NA,NA,NA,NA,NA,NA,NA,NA,NA,NA
"A0A499FJL1",NA,NA,NA,NA,NA,NA,NA,0.00150349785700583,NA,NA,NA,0.00178918974608011,NA,NA,NA,NA,NA,NA,0.000866387505916943,NA,NA,NA,NA,NA,NA,NA,NA,NA,NA,NA,NA,NA,NA
"A0A4D5RA52",NA,NA,NA,NA,NA,NA,NA,NA,0.00694875104532779,NA,NA,NA,NA,NA,NA,NA,NA,NA,NA,NA,NA,NA,NA,NA,NA,NA,NA,NA,NA,NA,NA,NA,NA
"A0A4D5RAB6",NA,0.00863819537752122,NA,NA,NA,NA,NA,0.0137697467174143,NA,NA,NA,NA,NA,0.020872567,NA,0.00911069912934515,NA,NA,NA,0.0099880802855964,NA,NA,NA,NA,NA,NA,NA,NA,NA,NA,NA,NA,NA
"A0A4D5RAB7",NA,NA,NA,NA,NA,NA,NA,NA,NA,NA,NA,NA,NA,NA,NA,0.00441944856587514,NA,NA,NA,NA,NA,NA,NA,NA,NA,NA,NA,NA,NA,NA,NA,NA,NA
"A0A4D5RAJ5",NA,NA,NA,NA,NA,NA,NA,NA,NA,NA,NA,NA,NA,NA,NA,NA,NA,NA,NA,NA,NA,NA,NA,NA,NA,NA,0.0108998428792052,NA,NA,NA,NA,NA,NA
"A0A4E0VZZ8",NA,NA,NA,NA,NA,NA,NA,NA,0.0305926256371144,NA,NA,0.0195140423851635,0.0081393041783637,0.002624672,NA,NA,NA,NA,NA,NA,NA,NA,NA,NA,NA,NA,NA,NA,NA,NA,NA,NA,NA
"A0A4E0W136",NA,NA,NA,NA,NA,NA,NA,NA,NA,NA,NA,NA,NA,NA,0.00862978842328713,NA,NA,NA,NA,NA,NA,NA,NA,NA,0.00393509437053355,NA,NA,NA,NA,NA,NA,NA,NA
"A0A4P8J2E7",NA,NA,NA,NA,NA,NA,NA,NA,0.0538877264523245,NA,NA,NA,NA,NA,NA,NA,NA,NA,NA,NA,NA,NA,NA,NA,NA,NA,NA,NA,NA,NA,NA,NA,NA
"A0A4P8J3Z7",NA,NA,NA,NA,NA,NA,NA,NA,0.0186851863564637,NA,NA,NA,NA,NA,NA,NA,NA,NA,NA,NA,NA,NA,NA,NA,NA,NA,NA,NA,NA,NA,NA,NA,NA
"A0JLU4",NA,NA,NA,NA,NA,NA,NA,NA,NA,NA,NA,NA,0.0028555017135781,NA,NA,NA,NA,NA,NA,NA,NA,NA,NA,NA,NA,NA,0.00247180204943607,NA,NA,NA,NA,NA,NA
"A0M8Q6",NA,NA,NA,0.00591704756114541,NA,NA,NA,NA,NA,NA,NA,NA,NA,NA,NA,NA,NA,NA,NA,NA,NA,NA,NA,NA,NA,NA,NA,NA,NA,NA,NA,NA,0.00145905792786878
"A0MZ66",NA,NA,NA,NA,NA,NA,NA,NA,NA,NA,NA,NA,NA,NA,NA,NA,NA,NA,NA,0.000928042577841929,NA,NA,NA,NA,NA,NA,NA,NA,NA,NA,NA,NA,NA
"A0N071",NA,NA,NA,NA,NA,0.0139561063471471,NA,NA,NA,NA,NA,NA,NA,0.005102041,NA,NA,NA,NA,NA,NA,NA,NA,NA,NA,NA,NA,NA,NA,NA,NA,NA,NA,NA
"A0N5G3",NA,NA,NA,NA,NA,NA,NA,NA,0.0145482019178717,NA,NA,NA,NA,NA,NA,NA,NA,NA,NA,NA,NA,NA,NA,NA,NA,NA,NA,NA,NA,NA,NA,NA,NA
"A0PJG0",0.00775723969358902,NA,NA,0.00380458506594692,NA,0.0114440686211596,NA,NA,NA,0.00722823531690263,NA,0.0027038632841705,NA,NA,NA,NA,0.00505330040761394,0.00491608533491967,NA,NA,NA,NA,NA,NA,NA,0.00622938228631487,NA,NA,NA,NA,NA,NA,0.00462823359647281
"A1A5C4",NA,NA,NA,NA,NA,NA,NA,NA,NA,NA,NA,NA,NA,NA,NA,NA,NA,NA,NA,0.00394583974318903,NA,NA,NA,NA,NA,NA,NA,NA,NA,NA,NA,NA,NA
"A1E286",NA,NA,NA,NA,NA,NA,NA,NA,NA,NA,NA,NA,NA,NA,NA,NA,NA,NA,NA,NA,NA,0.00376157096305854,NA,NA,NA,NA,NA,NA,NA,NA,NA,NA,NA
"A1JUI8",NA,NA,NA,NA,NA,NA,NA,NA,NA,NA,NA,NA,NA,NA,NA,NA,NA,NA,0.000631046777513121,NA,NA,NA,NA,NA,NA,NA,NA,NA,NA,NA,NA,NA,NA
"A1L2Z2",NA,NA,NA,NA,NA,NA,NA,NA,NA,NA,NA,0.00179511408259954,0.00342281957199988,NA,NA,NA,NA,NA,NA,NA,NA,0.000934165553451847,NA,NA,NA,NA,NA,NA,NA,NA,NA,NA,NA
"A1L306",NA,NA,NA,NA,NA,NA,NA,NA,NA,NA,NA,NA,NA,NA,NA,NA,NA,NA,NA,NA,NA,NA,NA,NA,0.00175464972585858,NA,NA,NA,NA,NA,NA,NA,NA
"A1X283",NA,NA,NA,NA,NA,NA,NA,NA,NA,NA,NA,NA,NA,0.001259446,NA,NA,NA,NA,NA,NA,NA,NA,NA,NA,NA,NA,NA,NA,NA,NA,NA,NA,NA
"A1Z1N9",NA,NA,NA,NA,NA,NA,NA,NA,NA,NA,NA,0.00426277372278077,NA,NA,NA,NA,NA,NA,NA,NA,NA,NA,NA,NA,NA,NA,NA,NA,NA,NA,NA,NA,NA
"A2A274",NA,0.000759386304744163,0.00243405948738146,NA,0.00253036229850726,NA,NA,0.000348820358908938,NA,NA,NA,NA,0.00187320319485223,NA,0.000550650618436658,0.00257572935577556,NA,NA,NA,0.000508220588022047,NA,NA,0.00234252685580467,0.00120915856112623,NA,NA,NA,NA,NA,NA,0.000245053428249292,0.0013356950479281,0.00165791901394334
"A2A299",NA,0.00972312037213154,NA,NA,0.00925673106973924,NA,NA,NA,NA,NA,0.00802495781990571,0.0106298925948431,0.00506711589733573,0.014705882,0.0105757215723012,NA,NA,NA,0.00514735822322376,NA,NA,NA,NA,NA,NA,0.00979600938327365,0.00877247413314988,0.00483909868453145,NA,NA,NA,0.00816387923718887,NA
"A2A2D0",NA,NA,0.00602432076075969,NA,0.0203648070315652,NA,0.0123949557354454,0.0406941286577982,0.0103548965245773,NA,0.0284885993602651,0.0127558706801121,NA,0.01127451,NA,NA,NA,NA,0.0061768296578563,0.00976082586404882,NA,NA,0.0419909490462986,0.0111470221853145,NA,NA,0.0210539372037259,NA,NA,NA,NA,0.00734749064729746,NA
"A2A2G5",NA,NA,NA,NA,NA,NA,NA,NA,NA,NA,NA,NA,NA,0.006369427,NA,NA,NA,NA,NA,NA,NA,NA,NA,NA,NA,NA,NA,NA,NA,NA,NA,NA,NA
"A2A2M0",NA,NA,NA,NA,NA,NA,NA,NA,NA,NA,NA,NA,0.00634166590667732,NA,NA,NA,NA,NA,NA,NA,NA,NA,NA,NA,NA,NA,NA,NA,NA,NA,NA,NA,NA
"A2A2S5",NA,0.0044016888351192,NA,0.00486748437204628,0.0116118353533722,NA,0.00295946998729532,0.0329056076813798,0.0112921370973306,NA,0.00682121357393789,0.0106033501793973,0.016739227534756,0.014518998,0.00785587223365739,0.00360507793326744,0.00964488046059667,NA,0.00293700495372842,0.00414317183107661,NA,0.00316986375437163,0.00750859558205436,NA,0.00347984822167449,NA,0.00354677333281607,0.00699403794429306,NA,NA,NA,0.00345295784831314,NA
"A2A369",0.000653582721436229,NA,NA,NA,NA,NA,NA,NA,NA,NA,NA,NA,NA,NA,NA,NA,NA,0.000633253936766937,NA,NA,NA,NA,NA,NA,NA,NA,NA,NA,0.00213063268710374,NA,NA,NA,NA
"A2A3R5",NA,0.0159606350231524,0.0211403916181833,0.0116639050324762,0.0228518717684777,0.00792944444660791,NA,0.0247284021253608,0.0121123789380102,NA,0.0150191865717934,0.0182366040704148,0.017544306864919,0.028669725,0.00989654643615302,0.0176615771209326,0.0116191143897595,NA,0.0210734721760823,0.0180263282098445,NA,0.0167372666505793,0.0144234965581571,0.0144877199366474,0.0045127229380898,NA,0.0165257082279163,0.0116604518900663,NA,NA,0.0110105541596891,0.0156611654365337,0.0180909803715932
"A2A3R7",NA,0.0276093869028197,0.0307615496200683,0.011176840788047,0.0380441455228067,0.0321467582291763,NA,0.0487265481806285,NA,NA,NA,0.0436876882047527,0.0158218097028434,0.04029304,0.00592705195508665,0.0192318866899984,0.0222678410482357,NA,0.0223089886864054,0.0324169075869798,NA,0.0206679740358057,0.0186772923697138,NA,NA,NA,0.0229433931983979,NA,NA,NA,NA,NA,0.0441886131205303
"A2IDA3",NA,NA,NA,NA,NA,NA,NA,NA,NA,NA,NA,NA,NA,0.002702703,NA,NA,NA,NA,NA,NA,NA,NA,NA,NA,NA,NA,NA,NA,NA,NA,NA,NA,NA
"A2IDB1",NA,NA,NA,NA,NA,NA,0.0903061054704904,NA,NA,NA,NA,NA,NA,0.035714286,0.0308206734026213,NA,NA,NA,NA,0.0632129702924128,NA,NA,NA,NA,NA,NA,NA,NA,NA,NA,NA,NA,NA
"A2IPI2",NA,NA,NA,NA,NA,NA,NA,NA,0.0114804284110968,NA,NA,NA,NA,NA,NA,NA,NA,NA,NA,NA,NA,NA,NA,NA,NA,NA,NA,NA,NA,NA,NA,NA,NA
"A2J1N9",NA,NA,NA,NA,NA,NA,NA,NA,NA,NA,NA,NA,0.00358920670631179,NA,NA,NA,NA,NA,NA,NA,NA,NA,NA,NA,NA,NA,NA,NA,NA,NA,NA,NA,NA
"A2KBB9",NA,NA,NA,NA,NA,NA,NA,NA,0.0366321526798671,NA,NA,NA,NA,NA,NA,NA,NA,NA,NA,NA,NA,NA,NA,NA,NA,NA,NA,NA,NA,NA,NA,NA,NA
"A2MYD3",NA,NA,NA,NA,NA,NA,NA,NA,NA,NA,NA,0.019166017973619,0.00522066458200577,0.02020202,NA,NA,0.0153513144931768,NA,NA,NA,NA,NA,NA,NA,NA,NA,NA,NA,NA,NA,NA,NA,0.0265578029756663
"A2N011",NA,NA,0.0201601279494896,NA,NA,NA,NA,NA,NA,NA,NA,NA,NA,NA,NA,NA,NA,NA,NA,NA,NA,NA,NA,NA,0.0232387460425447,NA,NA,NA,NA,0.0146520130695971,NA,0.00421509584661236,NA
"A2N2F4",NA,NA,0.00948272676307441,NA,NA,NA,NA,NA,NA,NA,NA,NA,NA,NA,NA,NA,NA,NA,NA,NA,NA,NA,NA,NA,NA,NA,NA,NA,NA,NA,NA,NA,NA
"A2NUT2",0.00506222525791755,0.00674798749059888,0.011529464720144,0.0113712203890435,0.0241911144368606,0.0148662872132181,NA,NA,0.0063780160773314,NA,0.00762620166375895,0.00269378627399269,NA,0.00621118,NA,0.00913096530724991,NA,NA,0.0078265416919285,NA,NA,0.00300391639238512,0.0126680765283353,NA,0.0103876712672575,NA,NA,0.0104235982384518,0,0.00481574938251091,NA,NA,0.00576373198477163
"A2NZ55",NA,0.0300532795273476,NA,0.0728496009583662,0.0116333335364184,0.0241764875279075,NA,0.0883510022537169,0.0961941107987066,NA,NA,0.0359851757405559,0.0208826583280231,0.01010101,NA,NA,NA,NA,NA,0.0446960392654756,NA,0.0227974018278785,0.030902429416024,NA,NA,NA,NA,0.0199429510775133,NA,0.0206756188871796,NA,NA,0.0187466840167241
"A2RRP8",NA,NA,NA,NA,NA,0.0130859124247877,NA,NA,NA,NA,NA,NA,NA,NA,NA,NA,NA,NA,NA,NA,NA,NA,NA,NA,NA,NA,NA,NA,NA,NA,NA,NA,NA
"A4D0W6",NA,NA,NA,NA,NA,NA,NA,NA,NA,NA,NA,NA,0.0114854620804127,NA,0.00599290910671542,NA,NA,NA,NA,NA,NA,NA,NA,NA,NA,NA,NA,NA,NA,NA,NA,NA,NA
"A4D111",NA,NA,NA,0.0111542613343096,0.0109554368794061,NA,NA,NA,NA,NA,NA,NA,0.0102175866177166,0.033333333,NA,NA,NA,NA,0.0155564599179366,0.0112196184486462,NA,NA,NA,NA,NA,NA,0.0181227264062589,NA,NA,NA,NA,NA,NA
"A4F255",NA,NA,NA,NA,NA,NA,NA,NA,NA,NA,NA,NA,NA,NA,NA,NA,NA,NA,NA,NA,NA,NA,NA,NA,NA,NA,NA,NA,0.00431594966537445,NA,NA,NA,NA
"A4QPB0",NA,0.00100177598424492,0.00033733045203166,NA,0.000840972777307969,NA,NA,0.0014961669878155,0.000821410701387624,NA,0.000539226777136408,NA,0.00151512725699459,NA,0.000710622085162684,NA,NA,NA,0.00144112476062473,0.00228338413368105,NA,0.000371697038784659,NA,NA,NA,NA,NA,NA,NA,NA,NA,0.000978266845955766,0.000609607189007563
"A4UCT1",NA,NA,NA,NA,NA,NA,NA,NA,NA,0.0160192465110078,NA,NA,NA,NA,NA,NA,NA,NA,NA,NA,NA,NA,NA,NA,NA,NA,NA,NA,NA,NA,NA,NA,NA
"A4UCT3",NA,NA,NA,0.0329970034363783,NA,NA,NA,NA,NA,NA,NA,NA,NA,NA,NA,NA,NA,NA,NA,NA,NA,NA,NA,NA,NA,NA,NA,NA,NA,NA,NA,NA,NA
"A5A3E0",NA,NA,NA,NA,NA,NA,NA,NA,0.00132796483055339,NA,NA,NA,NA,NA,0.00145911707554452,0.00128135587458505,NA,NA,NA,NA,NA,NA,NA,NA,0.00192848547099767,NA,NA,NA,NA,0.00111427465468473,NA,NA,NA
"A5D6X0",NA,NA,NA,NA,0.00321151923159929,NA,NA,NA,NA,NA,NA,NA,NA,NA,NA,NA,NA,NA,NA,NA,NA,NA,NA,NA,NA,NA,NA,NA,NA,NA,NA,0.00283236652087644,NA
"A5D8X1",NA,NA,NA,NA,NA,NA,NA,NA,NA,NA,NA,NA,0.0061897700948718,NA,NA,NA,NA,NA,NA,NA,NA,NA,NA,NA,NA,NA,NA,NA,NA,NA,NA,NA,NA
"A5PKT9",NA,NA,NA,NA,0.00458274527441706,NA,0.00177668035647187,NA,NA,NA,NA,0.00505627592996611,NA,NA,NA,NA,NA,NA,NA,NA,NA,NA,NA,NA,NA,NA,NA,NA,NA,NA,NA,NA,NA
"A5YKK6",NA,NA,NA,NA,NA,NA,NA,NA,NA,NA,NA,NA,NA,0.000814332,NA,NA,NA,NA,NA,NA,NA,NA,NA,NA,NA,NA,NA,NA,NA,NA,NA,NA,NA
"A6MUU8",NA,NA,NA,NA,0.0325581564812154,NA,NA,0.023563440819092,NA,NA,NA,NA,0.0297037813493802,NA,NA,NA,NA,NA,NA,NA,NA,NA,NA,NA,NA,NA,NA,NA,NA,NA,NA,NA,NA
"A6NEL0",NA,NA,NA,NA,NA,NA,NA,0.00589085997699307,NA,NA,0.009408570926648,NA,0.00445556740914535,0.002873563,NA,NA,NA,NA,NA,NA,NA,NA,NA,NA,NA,NA,NA,NA,NA,NA,NA,NA,0.00266655401604145
"A6NGP5",NA,NA,NA,NA,NA,NA,NA,NA,NA,NA,NA,0.0203042885926109,NA,NA,NA,NA,NA,NA,NA,NA,NA,NA,NA,NA,NA,NA,NA,NA,NA,NA,NA,NA,NA
"A6NGQ3",NA,NA,NA,NA,NA,NA,NA,NA,NA,NA,NA,NA,0.000139575241654035,NA,NA,NA,NA,NA,NA,NA,NA,NA,NA,NA,NA,NA,NA,NA,NA,NA,NA,NA,NA
"A6NHL2",NA,NA,NA,0.000563486541497814,NA,NA,NA,NA,NA,NA,NA,NA,NA,NA,NA,NA,NA,NA,NA,0.00153217083282595,NA,NA,NA,NA,NA,NA,NA,NA,NA,NA,NA,NA,0.00192789623706705
"A6NHR9",NA,NA,NA,NA,NA,NA,NA,NA,NA,NA,NA,NA,NA,NA,NA,NA,NA,NA,NA,NA,NA,NA,0.000437798770133053,NA,NA,NA,NA,NA,NA,NA,NA,NA,NA
"A6NIF9",NA,NA,0.00568963667232536,NA,NA,NA,NA,NA,NA,NA,NA,NA,NA,NA,NA,NA,NA,NA,NA,NA,NA,NA,NA,NA,NA,NA,NA,NA,NA,NA,NA,NA,NA
"A6NIW5",0.0119855626950684,0.0124577479148086,0.0198928093814519,0.0152688521291463,0.0167778244737858,0.0175990613254287,NA,0.0207681701922765,NA,0.00782116132536631,0.00300935938710106,0.0146161015047225,NA,NA,NA,0.0147986539729649,0.00372495176528844,0.00653218250971211,0.0128929066076833,0.0251476843242382,NA,0.0136218663114711,0.0104352504859334,0.0174503977017427,NA,0.0226940871056332,NA,NA,NA,NA,NA,NA,NA
"A6NJA2",NA,NA,NA,NA,NA,NA,NA,NA,NA,NA,NA,NA,NA,NA,NA,NA,NA,NA,NA,NA,NA,NA,NA,0.00140996536410307,NA,NA,NA,NA,NA,NA,NA,NA,NA
"A6NJD9",NA,NA,NA,NA,NA,NA,NA,NA,NA,NA,NA,NA,NA,NA,NA,NA,NA,NA,NA,0.00678666824694946,NA,NA,NA,NA,NA,NA,NA,NA,NA,NA,NA,NA,NA
"A6NJH9",NA,NA,NA,NA,NA,NA,NA,NA,NA,NA,NA,NA,0.0081393041783637,NA,NA,NA,NA,NA,NA,NA,NA,NA,NA,NA,NA,NA,NA,NA,NA,NA,NA,NA,NA
"A6NKB8",NA,NA,NA,NA,NA,NA,NA,NA,0.00378566082054635,NA,NA,0.00718946427106495,NA,0.007885305,NA,NA,NA,NA,0.0033872931752465,NA,NA,NA,NA,NA,NA,NA,NA,NA,NA,NA,NA,NA,0.00498903684548428
"A6NL76",NA,0.0121040135383408,0.0105280670115144,NA,NA,0.0188462383028741,NA,NA,NA,NA,NA,NA,NA,NA,NA,0.00597147552232431,0.00398892440591935,NA,0.00772497558873365,NA,0.0121476404023192,NA,NA,0.0167863615709479,NA,NA,NA,NA,NA,NA,NA,NA,NA
"A6NL93",NA,NA,NA,NA,NA,NA,NA,NA,NA,NA,NA,NA,NA,NA,NA,NA,0.00562881582075822,NA,NA,NA,NA,NA,NA,NA,NA,NA,NA,NA,NA,NA,NA,NA,NA
"A6NLM8",NA,0.0135239762831856,0.0279309411503579,NA,0.0138289949295138,0.0187367776346723,NA,0.0331316255034739,0.00266717026359318,0.0193395991843874,0.00744132412208106,0.0098568089647686,0.0375887849904415,0.059090909,0.0294197329670088,0.0190920185606246,NA,NA,0.0190920185606246,0.020113217669464,NA,0.0128235382460638,0.00927072882480719,0.00861360788001631,0.0268301886216996,NA,0.00813447557511366,0.0179486559697619,NA,NA,NA,NA,0.0323380303928294
"A6NM71",NA,NA,NA,NA,0.00948931159288884,NA,NA,0.0183139644733946,NA,NA,NA,0.010896974566017,NA,0.01758794,NA,NA,NA,NA,0.00527668899014813,0.00555892997358587,NA,NA,NA,NA,NA,NA,NA,NA,NA,NA,NA,NA,NA
"A6NNA4",NA,0.00610670173991402,0.0364386816099156,NA,NA,0.00775546613720253,NA,0.00485995991380114,0.0158610305303561,NA,NA,NA,NA,NA,NA,NA,NA,0.00531834827354429,NA,NA,NA,NA,NA,NA,NA,NA,NA,NA,NA,NA,NA,NA,NA
"A6NNB3",NA,NA,NA,NA,NA,NA,NA,NA,NA,NA,NA,NA,NA,NA,NA,NA,NA,NA,NA,NA,NA,NA,NA,0.0323010297869354,NA,NA,NA,NA,NA,NA,NA,NA,NA
"A6NNE9",NA,NA,NA,NA,NA,NA,NA,NA,NA,NA,NA,NA,NA,NA,NA,NA,NA,NA,NA,NA,NA,NA,NA,NA,NA,NA,NA,0.00324729007558412,NA,NA,NA,NA,NA
"A6NP52",NA,0.0139684257935884,NA,0.0286504931730678,0.0265968035137081,0.0337108772115091,NA,NA,0.0247934138914624,NA,NA,0.0305422251750504,0.043677109625619,0.056338028,NA,0.0221843884444272,NA,NA,0.0147895919462645,NA,NA,NA,0.0143631010967219,0.0266900527727964,NA,NA,0.025205417451438,0.0139038885246076,NA,NA,NA,NA,NA
"A6PVH9",NA,NA,NA,NA,0.0126874498130194,0.00323005707367211,NA,0.0100079129235214,NA,NA,NA,NA,0.00920697011767522,0.005060729,NA,0.00722714060371672,NA,NA,NA,NA,NA,NA,0.00550488661224183,NA,NA,NA,NA,0.00599499599950412,NA,NA,NA,NA,NA
"A6PVK5",NA,NA,NA,0.00728458133058564,NA,NA,NA,NA,NA,NA,NA,0.0058608049494506,0.0055875217299848,NA,NA,0.00567600514908315,NA,NA,NA,0.00597960486440956,NA,NA,NA,NA,NA,NA,NA,NA,NA,NA,NA,NA,NA
"A6PVX1",NA,NA,NA,NA,0.00960189733862271,NA,NA,0.00926562460653204,NA,NA,NA,NA,NA,0.006779661,0.0146267600029028,NA,NA,NA,0.00355952943591122,0.00749984393299813,NA,0.00765065355215948,0.00345688247049057,NA,NA,NA,NA,0.0100390793316293,NA,0.0189234479369716,0.0130185805104221,0.0141138248819847,0.00629126010703422
"A6PVX3",NA,NA,NA,NA,NA,NA,NA,NA,NA,NA,NA,NA,0.0140638310766812,NA,NA,NA,NA,NA,NA,NA,NA,NA,NA,NA,NA,NA,NA,NA,NA,NA,NA,NA,0.00631265888465278
"A6QRI9",NA,0.00713495171846588,NA,NA,NA,NA,NA,NA,NA,NA,NA,NA,NA,NA,NA,NA,NA,NA,NA,NA,NA,NA,NA,NA,NA,NA,NA,NA,NA,NA,NA,NA,NA
"A7BI36",NA,NA,NA,NA,NA,0.00210009721029375,NA,NA,NA,NA,NA,NA,NA,NA,NA,NA,NA,NA,NA,NA,NA,NA,NA,NA,NA,NA,NA,NA,NA,NA,NA,NA,0.00416983391907989
"A7E2S2",NA,0.00330586045048077,0.00170689120652451,NA,NA,NA,NA,NA,NA,NA,NA,NA,NA,NA,NA,NA,NA,NA,NA,NA,NA,NA,NA,NA,NA,NA,NA,NA,NA,NA,NA,NA,0.00927960868107449
"A7XZE4",NA,NA,NA,NA,NA,NA,NA,NA,NA,NA,NA,NA,NA,NA,NA,NA,NA,NA,NA,0.00201713963589478,NA,NA,NA,NA,0.00751786596924294,NA,NA,NA,NA,NA,NA,NA,NA
"A8CTZ0",NA,NA,NA,NA,NA,NA,NA,NA,NA,NA,NA,NA,NA,NA,NA,NA,NA,NA,NA,NA,NA,NA,NA,NA,NA,NA,NA,NA,NA,NA,0.000675190209749917,NA,NA
"A8JZY9",NA,NA,0.00610702269557959,NA,NA,NA,NA,NA,NA,NA,NA,NA,NA,NA,NA,NA,NA,NA,NA,NA,NA,NA,NA,NA,NA,NA,NA,NA,NA,NA,NA,NA,NA
"A8K008",NA,0.00133660149821725,NA,0.00274148946099299,0.00636244246023224,0.00215046943026811,NA,0.00736754449203987,NA,NA,NA,NA,NA,NA,NA,0.00141517670247941,NA,NA,0.00849105916481542,NA,NA,NA,0.0013743669278564,0.00127695006763008,0.00132584052475435,NA,NA,NA,NA,NA,NA,0.00224451673990727,NA
"A8K088",NA,NA,NA,NA,NA,NA,NA,NA,NA,NA,NA,NA,NA,NA,NA,NA,NA,NA,0.0018869019199522,NA,NA,NA,NA,NA,NA,NA,NA,NA,NA,NA,NA,NA,NA
"A8K2R3",NA,NA,NA,NA,0.0007565596691837,NA,NA,NA,NA,NA,NA,NA,NA,NA,NA,NA,NA,NA,NA,NA,NA,NA,NA,NA,NA,NA,NA,NA,NA,NA,NA,NA,NA
"A8K3B0",NA,NA,NA,NA,0.00949987987269192,NA,NA,NA,NA,NA,NA,NA,NA,NA,NA,NA,NA,NA,NA,NA,NA,NA,NA,NA,NA,NA,NA,NA,NA,NA,NA,NA,NA
"A8K3B4",NA,NA,NA,NA,NA,NA,NA,NA,NA,NA,NA,NA,NA,NA,NA,0.00352808010802274,NA,NA,NA,NA,NA,NA,NA,NA,NA,NA,NA,NA,NA,NA,NA,NA,NA
"A8K3K1",NA,NA,NA,0.00662561319546129,NA,NA,NA,NA,NA,NA,NA,0.00565318753026637,NA,NA,NA,0.00797413512030985,NA,NA,NA,NA,NA,NA,NA,NA,NA,NA,NA,NA,NA,NA,NA,0.00330502175030228,NA
"A8K3Q9",NA,0.00857074986703805,NA,NA,0.00995669903102003,NA,NA,NA,NA,NA,NA,NA,0.0239280460870007,NA,NA,NA,NA,NA,NA,NA,NA,NA,NA,NA,NA,NA,NA,0.0137107791125844,NA,NA,NA,NA,NA
"A8K486",NA,NA,NA,NA,NA,NA,NA,NA,NA,NA,0.00992176549610808,NA,NA,NA,0.0165258992029152,NA,0.0138405506921912,NA,NA,NA,NA,NA,NA,NA,NA,NA,NA,NA,NA,NA,NA,NA,NA
"A8K4G9",NA,NA,NA,NA,NA,NA,NA,NA,NA,NA,NA,NA,0.00106566161130383,NA,NA,NA,NA,NA,NA,NA,NA,NA,NA,NA,NA,NA,NA,NA,NA,NA,NA,NA,NA
"A8K4Y7",0.00391835687819193,NA,NA,0.0277092513534502,NA,NA,NA,NA,0.0146224192918328,NA,0.0125389956727388,0.0238852561871269,NA,0.029226543,NA,NA,0.0201338397242084,NA,NA,0.0252543367738849,NA,NA,0.0561986692961932,NA,0.0161860180656348,NA,NA,0.0453246718132773,NA,NA,NA,NA,NA
"A8K6V3",NA,NA,NA,NA,NA,NA,NA,NA,NA,NA,0.0014260375098381,NA,0.00125059524025941,NA,NA,NA,NA,NA,NA,NA,NA,NA,NA,NA,NA,NA,NA,NA,NA,NA,NA,NA,NA
"A8K781",NA,NA,NA,NA,0.00484198207161299,NA,NA,NA,NA,NA,NA,NA,NA,NA,NA,NA,NA,NA,NA,NA,NA,NA,NA,NA,NA,NA,NA,NA,NA,NA,NA,NA,NA
"A8K7B7",NA,NA,0.00385012926278965,0.00191182777526123,0.000776468786304024,NA,NA,0.00114175417612377,0.0016544475180554,NA,NA,0.00339676995366623,0.000485757523989989,0.002832975,0.00202767558368305,NA,0.00190448615214452,NA,0.0011513824703095,0.0020793737534978,NA,NA,0.00191687978630754,NA,NA,NA,NA,0.00185559390582974,NA,NA,NA,0.00286963387687755,0.0017442871158207
"A8K7F6",NA,NA,NA,NA,NA,0.00215046943026811,NA,NA,NA,NA,NA,NA,NA,NA,NA,NA,NA,NA,NA,NA,NA,NA,NA,NA,NA,NA,NA,NA,NA,NA,NA,NA,NA
"A8K7N0",NA,NA,NA,NA,NA,NA,NA,0.0511982410201132,0.020187298230017,NA,NA,NA,NA,NA,NA,NA,0.0319138339879022,NA,NA,NA,NA,NA,NA,0.0173852639239768,NA,NA,NA,NA,NA,NA,NA,0.0273752087502038,NA
"A8K7Q2",0.00191206712227554,0.0028555020445178,0.00855624551865066,NA,0.00509452269795539,0.0032036921785825,NA,0.00879899738018075,NA,NA,NA,0.00562290445578108,0.00714979772812794,0.005786726,0.00843576596888991,0.00275001428551241,0.00222841614606734,0.00329993367301669,0.00229418489193197,0.00922794968903228,0.00341486340378266,NA,0.00399389463464579,0.00911428891686285,0.00176303541196218,NA,0.00408363798863446,NA,0.00155829771705058,NA,0.00316755213376772,0.00614565297396084,0.000777512428482925
"A8K9M5",NA,NA,NA,0.000974226129739425,NA,NA,NA,NA,NA,NA,NA,NA,NA,NA,NA,NA,NA,NA,NA,NA,NA,NA,NA,NA,NA,NA,NA,NA,NA,NA,NA,NA,NA
"A8K9P0",NA,NA,NA,NA,NA,NA,NA,NA,0.00376322186355094,NA,NA,NA,NA,NA,NA,NA,NA,NA,NA,NA,NA,NA,NA,NA,NA,NA,NA,NA,NA,NA,NA,NA,NA
"A8KA83",NA,NA,NA,NA,NA,NA,NA,NA,NA,NA,NA,NA,NA,0.00952381,NA,0.00500029087541911,NA,NA,NA,NA,NA,NA,NA,NA,NA,NA,NA,NA,NA,NA,NA,NA,NA
"A8KAM9",NA,0.00123557902095294,NA,NA,0.002352623905625,NA,NA,NA,NA,NA,NA,NA,NA,NA,NA,NA,NA,NA,NA,NA,NA,NA,NA,NA,NA,NA,NA,NA,NA,NA,NA,NA,NA
"A8MTM1",NA,0.00111684473338191,0.00384434904756392,0.00152716643899384,0.00685220428650724,0.00119793447639157,NA,NA,0.00132157130330719,NA,NA,NA,NA,0.001689189,0.00890837741061478,NA,NA,NA,NA,0.00622875594285632,NA,NA,0.00321552293682923,0.00195616888837033,NA,NA,0.00291098580660803,NA,NA,NA,0.00162182467484874,0.00343839032080982,0.00104500086055837
"A8MU27",NA,NA,0.0069669013998235,NA,0.00963455675061133,NA,NA,0.00619809318783792,NA,NA,NA,0.00553188283673469,0.00703191553834059,0.006802721,NA,NA,NA,NA,NA,0.00752535352722341,NA,NA,0.00346864053597666,0.00322277892258961,NA,NA,NA,NA,NA,NA,NA,0.00424854936495683,NA
"A8MU39",NA,NA,NA,NA,NA,NA,NA,0.00157089611534745,NA,NA,NA,NA,0.00178222696365814,NA,NA,NA,NA,NA,NA,NA,NA,NA,NA,NA,NA,NA,NA,NA,NA,NA,NA,NA,NA
"A8MUD9",0.00783671375638386,0.0145028743884812,0.0141415402937678,0.00977973607095081,0.015558110154674,0.00580681269471137,NA,0.00828622467385397,NA,NA,NA,NA,0.0135729216337689,NA,0.00756316599119279,0.00364604501434394,NA,NA,0.00710978788297679,0.0121468435247478,NA,0.01017251855891,0.00878416416642223,0.00284704619381143,0.0047296804311148,NA,0.0112578823946375,0.00984803114327831,NA,NA,0.00490446067005889,0.00971787568789277,NA
"A8MUF7",NA,NA,0.0156955476751484,NA,NA,NA,NA,NA,0.0118029952391938,NA,NA,0.0083084211626739,NA,NA,0.0427357392169402,NA,NA,NA,NA,NA,NA,NA,NA,NA,NA,NA,NA,NA,NA,NA,NA,NA,NA
"A8MUS3",NA,0.0118229314030863,0.0109242339916677,0.00611653601782312,0.0141352512715961,0.00411249520243901,NA,0.00918425341631086,NA,NA,0.00421930739063825,0.012486339390454,0.0174628922810024,0.009219589,0.00620914787268483,0.0171401714159453,0.00565782943700891,NA,0.00996836272821376,0.0214375605327888,NA,0.00533212442187877,0.0139069758569574,NA,0.00633874740564112,NA,0.0246402827269917,0.00848089394024639,NA,NA,0.00439917623162009,0.00811969284688885,0.00850365058704565
"A8MVQ3",NA,NA,NA,NA,NA,0.00238869491850832,NA,NA,NA,NA,NA,NA,NA,NA,NA,NA,NA,NA,NA,NA,NA,NA,NA,NA,NA,NA,NA,NA,NA,NA,NA,NA,NA
"A8MVZ9",NA,NA,0.00152400945718196,0.0030270605594059,NA,NA,NA,0.00244049883395779,NA,NA,NA,0.00322693102228332,NA,0.006696429,NA,NA,NA,NA,NA,NA,NA,NA,NA,NA,NA,NA,NA,NA,NA,NA,NA,NA,NA
"A8MW50",0.00700445457680388,0.00410949504060736,0.00565820188739648,NA,NA,0.00440786803288021,NA,0.00964813726121395,0.00486279676879044,0.00293833698668233,NA,0.00748790706022712,0.00726566525299161,0.007519951,NA,0.00580144228970333,0.0111954341322834,0.00654421231611859,0.00894388958409037,NA,NA,0.00623464876569654,0.00422560806757575,NA,0.00634108190037644,NA,0.00700343928920091,0.0109080233141054,NA,0.0077105211024528,NA,0.00920127805385105,NA
"A8MX49",NA,NA,NA,NA,NA,NA,NA,NA,NA,NA,NA,NA,NA,0.008691712,NA,NA,NA,NA,NA,NA,NA,NA,NA,NA,NA,NA,NA,NA,NA,NA,NA,NA,NA
"A8MX94",NA,NA,0.0330874226092568,NA,0.0493075184521276,NA,NA,0.0261654893777912,NA,NA,NA,0.0132055965633231,0.0463835974595656,NA,0.00829787381584487,NA,NA,NA,0.0107698564623942,0.0127641580053677,NA,NA,NA,NA,NA,NA,NA,NA,NA,NA,NA,0.0181489309072419,0.0190350951824927
"A8MXH2",NA,NA,NA,NA,0.0030262386767348,NA,NA,NA,NA,NA,NA,NA,NA,0.006410256,NA,NA,NA,NA,NA,0.00709119815438632,NA,NA,NA,NA,NA,NA,0.00860377267309729,NA,NA,NA,NA,NA,0.0118969343730628
"A8MXK4",NA,NA,NA,NA,NA,NA,NA,NA,NA,NA,NA,0.0480363474590812,NA,NA,NA,NA,NA,NA,NA,NA,NA,0.0142844482950172,NA,NA,NA,NA,NA,NA,NA,NA,NA,NA,NA
"A8MXP8",NA,NA,NA,NA,NA,0.00565832725865822,NA,0.00646184229938151,NA,NA,NA,NA,0.00733114651462314,0.007092199,NA,NA,NA,NA,NA,NA,NA,NA,NA,NA,NA,NA,NA,NA,NA,NA,NA,NA,NA
"A8MYV2",NA,NA,0.00125506661179691,NA,NA,NA,NA,NA,NA,NA,NA,NA,NA,NA,NA,NA,NA,NA,NA,NA,NA,NA,NA,NA,NA,NA,NA,NA,NA,NA,NA,NA,NA
"A8MZG1",NA,0.0293658909033822,0.0358542193053519,0.0216402664446871,0.0749274665844126,0.0561588947910497,NA,0.0274628281779119,0.0291458278081354,0.0541268753975159,0.0210441704944895,0.0173018459039046,NA,0.008865248,NA,0.0127534007493653,0.0305393174641793,0.0534646220118277,0.0288580607796259,NA,NA,0.0488203935848907,0.0334502359826888,0.015119631185852,0.0269698825043064,0.0106297119693589,NA,0.0490087418977937,0.0455378638990539,0.0305185330939035,NA,0.031743592558281,0.0557763713474788
"A8WDG6",NA,NA,NA,NA,NA,NA,NA,NA,NA,NA,NA,NA,NA,NA,NA,NA,NA,NA,NA,NA,NA,NA,NA,NA,NA,NA,NA,NA,0,NA,NA,NA,NA
"A9X7H1",NA,NA,NA,NA,NA,NA,NA,NA,NA,NA,NA,NA,NA,NA,NA,NA,NA,NA,NA,NA,NA,NA,NA,NA,NA,NA,NA,NA,NA,NA,0.00882869226519557,NA,NA
"B0AZS6",NA,0.00992831614257059,0.0243841554114495,0.0173389517041819,0.0220290113213281,0.0260420994493249,NA,0.0433615445890044,0.0383465263133627,0.00970817177480916,0.0209508710228874,0.0571689333905746,0.0366089787021574,0.053820746,0.0127835741935799,0.0174088641828264,0.00674774686390478,NA,0.0257641462560461,0.0305554682926988,NA,0.0167927287630332,0.0690438418705284,0.0228469722802272,0.013273135289546,NA,0.0237901136978899,0.0285214332971356,NA,NA,0.0311943848852821,0.0327837301767014,0.0155186199514299
"B0BCZ1",NA,0.00140874794273109,NA,NA,NA,NA,NA,NA,NA,NA,NA,NA,NA,NA,NA,NA,NA,NA,NA,NA,NA,NA,NA,NA,NA,NA,NA,NA,NA,NA,NA,NA,NA
"B0QY01",NA,NA,NA,NA,0.00251113393987332,NA,NA,NA,NA,NA,NA,NA,0.00458196618400511,0.009456265,NA,NA,NA,NA,0.00186181071160845,NA,NA,NA,NA,NA,NA,NA,NA,NA,NA,NA,NA,NA,NA
"B0QY60",NA,NA,NA,NA,NA,NA,NA,NA,NA,NA,NA,NA,NA,0.002525253,NA,NA,NA,NA,NA,NA,NA,NA,NA,NA,NA,NA,NA,NA,NA,NA,NA,NA,NA
"B0QY89",NA,NA,0.00100013187836394,NA,NA,NA,NA,NA,NA,NA,NA,0.00423534764440248,0.00252366086846689,NA,NA,NA,NA,NA,NA,NA,NA,NA,NA,NA,NA,NA,NA,0.00192807829728255,NA,NA,NA,NA,NA
"B0QY90",NA,NA,NA,NA,NA,NA,NA,NA,NA,NA,NA,NA,NA,NA,NA,NA,NA,NA,NA,0.00396971433393361,NA,NA,NA,NA,NA,NA,NA,NA,NA,NA,NA,NA,NA
"B0QYF8",NA,NA,NA,NA,NA,0.0111583789817764,NA,NA,NA,NA,NA,NA,NA,NA,NA,NA,NA,NA,NA,NA,NA,NA,NA,NA,NA,NA,NA,NA,NA,NA,NA,NA,NA
"B0QYN7",NA,NA,NA,NA,NA,NA,NA,NA,NA,NA,NA,NA,NA,NA,NA,NA,NA,NA,NA,0.0161492988586938,NA,NA,NA,NA,NA,NA,NA,NA,NA,NA,NA,NA,NA
"B0QYT2",NA,NA,0.00412957460766795,NA,NA,NA,NA,NA,NA,NA,NA,NA,NA,NA,NA,NA,NA,NA,NA,NA,NA,NA,NA,NA,NA,NA,NA,NA,NA,NA,NA,NA,NA
"B0QZ18",NA,NA,0.00373771718557101,NA,0.0157938744747946,0.00800735835221406,NA,0.015082404173227,NA,NA,NA,0.00522851864137529,0.0122609406179875,0.012408759,NA,NA,NA,NA,NA,NA,NA,0.0123555261731386,0.00372182544061603,NA,NA,NA,NA,0.00360283240268944,NA,NA,NA,NA,NA
"B0QZ43",NA,NA,0.00124137495741123,NA,NA,NA,NA,NA,NA,NA,NA,NA,NA,NA,NA,NA,NA,NA,NA,NA,NA,NA,NA,NA,NA,NA,NA,NA,NA,NA,NA,NA,NA
"B0QZK4",0.00644283199825538,NA,0.0123125527940122,0.00150754774155504,0.00435395660436219,NA,NA,NA,NA,NA,NA,NA,0.00510717144674172,0.001976285,NA,0.00944239765822839,NA,0.00351137090548768,0.00190228426400023,0.0036436992860352,NA,0.00223018110423655,0.00322460101999984,0.00561757064490099,0.00777686601052271,NA,NA,NA,NA,NA,NA,NA,NA
"B0QZK8",NA,NA,NA,NA,0.0492948786270831,NA,0.0444277026597507,0.0329320374419407,0.0212088243978451,NA,0.0345169859772765,0.0261264823510305,NA,0.036144578,0.0129966695591161,NA,0.0427247434784946,NA,NA,NA,NA,NA,NA,NA,NA,NA,NA,0.00594684352427348,NA,NA,NA,NA,0.0223605032708122
"B0YIW2",NA,NA,NA,NA,NA,NA,NA,NA,NA,NA,NA,NA,NA,NA,NA,NA,NA,NA,NA,NA,NA,0.00964505522712552,NA,NA,NA,NA,NA,NA,NA,NA,NA,NA,NA
"B0YIW6",NA,NA,0.00433784362760416,NA,0.0022321192674844,NA,NA,NA,NA,NA,NA,NA,NA,NA,NA,NA,NA,NA,NA,0.00610211839653685,NA,NA,0.0018081212497919,NA,NA,NA,NA,NA,NA,NA,NA,NA,NA
"B0YJC4",0.0153636732942338,0.0131932100356663,0.028532324205446,0.0141168361943524,0.0138268648447076,0.0176174902642314,NA,0.0101779260392532,NA,0.00888836963831281,0.0115946346316603,0.0125799393536152,0.0157569838016848,0.013259955,0.0165995555258315,0.0272060911143363,0.0107679453057513,NA,NA,0.0146580562117805,NA,0.0229962057631988,0.0121550006445868,0.0286251559631165,0.0127767300211183,0.0100192140921731,0.0113253407878089,0.0136405642389584,0.0325305712203742,0.00351537647832644,0.00737927063459738,0.00922446835186408,0.010460757176319
"B0ZBE2",NA,NA,NA,NA,NA,NA,NA,NA,NA,NA,NA,NA,NA,NA,NA,NA,NA,NA,NA,NA,NA,NA,NA,NA,0.00655849094548045,NA,NA,NA,NA,NA,NA,NA,NA
"B1AH49",NA,NA,0.00457202939568041,NA,NA,NA,NA,NA,NA,NA,NA,NA,NA,NA,NA,NA,NA,NA,NA,NA,NA,NA,NA,NA,NA,NA,NA,NA,NA,NA,NA,NA,NA
"B1AHA8",NA,NA,NA,NA,NA,NA,NA,NA,NA,NA,NA,NA,NA,NA,NA,0.00280765003540032,NA,NA,NA,NA,NA,NA,NA,NA,NA,NA,NA,0.0192307025426946,NA,NA,NA,0.00568997598383219,NA
"B1AHB1",NA,NA,NA,NA,NA,NA,NA,0.00334123269083503,NA,NA,NA,NA,NA,NA,NA,NA,NA,NA,NA,NA,NA,NA,NA,NA,NA,NA,NA,NA,NA,NA,NA,NA,NA
"B1AHC9",0.000971995694206901,0.00088708211972051,0.00139441854754015,NA,0.00239681277930176,0.00178404318362569,NA,0.00328698553439415,0.00548463770677903,NA,0.00219645514218653,0.00539861562401948,0.00616393297339044,0.001416219,0.0029750127652965,0.00363169593035075,NA,NA,0.00221241243917779,NA,NA,0.000560758880493514,NA,NA,0.0017598814338242,NA,0.0056024566867698,NA,NA,NA,NA,0.00177930682106832,0.00152170085423124
"B1AHF3",NA,NA,NA,0.0138379931628977,NA,0.0162821242046423,NA,NA,0.00598752506357314,NA,NA,NA,NA,0.017006803,NA,0.0250014533270345,NA,NA,NA,NA,NA,NA,NA,NA,NA,NA,NA,NA,NA,NA,NA,NA,0.00631265888465278
"B1AHL2",NA,NA,NA,NA,NA,NA,NA,NA,0.00456916892504478,NA,NA,NA,NA,NA,NA,NA,NA,NA,NA,NA,NA,NA,NA,NA,NA,NA,NA,NA,NA,NA,NA,NA,NA
"B1AJZ9-3",NA,NA,0.000740516850178741,NA,NA,NA,NA,0.00230579798484416,0.00127283650104644,NA,NA,NA,NA,NA,NA,NA,NA,NA,NA,NA,NA,NA,NA,NA,NA,NA,NA,NA,NA,NA,NA,NA,NA
"B1AK85",NA,NA,NA,NA,0.00363148678975637,NA,NA,NA,NA,NA,NA,NA,0.00397573707277585,0.007692308,NA,NA,NA,NA,NA,NA,NA,NA,NA,NA,NA,NA,NA,0.00379683126036812,NA,NA,NA,NA,0.00356908040471494
"B1AKG0",NA,NA,0.00346576850537244,NA,NA,NA,NA,NA,0.00446784859341671,NA,NA,NA,NA,NA,NA,0.00177675261788723,NA,NA,0.00266512945186136,NA,NA,NA,NA,NA,NA,NA,NA,NA,NA,NA,NA,NA,NA
"B1AKJ5",NA,NA,NA,NA,NA,NA,NA,NA,NA,NA,NA,NA,0.00122620632070625,NA,NA,NA,NA,NA,NA,NA,NA,NA,NA,NA,NA,NA,NA,NA,NA,NA,NA,NA,NA
"B1AKQ8",NA,0.00926876815575896,NA,0.00316851270033083,NA,NA,NA,NA,NA,NA,NA,0.00506658388518027,0.00483033436522902,NA,NA,NA,NA,NA,NA,NA,NA,0.00966758967254736,NA,NA,NA,0.00466912556618375,NA,NA,NA,NA,NA,NA,NA
"B1AKR6",NA,NA,NA,NA,NA,NA,0.00711872476287645,0.012312428962933,NA,NA,NA,0.00549450552106225,0.0122227043657933,NA,NA,NA,NA,NA,NA,0.00149490093954564,NA,NA,NA,NA,NA,NA,NA,NA,NA,NA,NA,NA,NA
"B1AKY9",NA,NA,0.00108167961358083,NA,NA,NA,NA,0.000769851510470125,NA,NA,NA,NA,NA,NA,NA,0.000332719188205702,NA,NA,NA,NA,NA,0.000715128125897916,NA,0.000600442035452852,NA,NA,NA,NA,NA,NA,NA,0.000263851781303233,NA
"B1AKZ5",NA,NA,NA,NA,0.00874246760307382,NA,NA,NA,NA,NA,NA,NA,NA,NA,NA,NA,NA,NA,NA,NA,NA,NA,NA,NA,NA,NA,NA,NA,NA,NA,NA,NA,NA
"B1AL79",NA,NA,NA,NA,NA,NA,NA,NA,NA,NA,NA,NA,NA,0.001655629,NA,NA,NA,NA,NA,NA,NA,NA,NA,NA,NA,NA,NA,NA,NA,NA,NA,NA,NA
"B1ALA9",NA,NA,0.00269509089360656,NA,NA,NA,NA,NA,NA,NA,NA,NA,NA,NA,NA,NA,NA,NA,NA,NA,NA,NA,NA,NA,NA,NA,NA,NA,NA,NA,NA,NA,NA
"B1ALD9",0.00458165787763256,0.00519089036766173,0.00352535367582749,0.00246525222055073,0.00460565312794895,0.0021463047884849,0.00271754474787192,0.0113574479496149,0.00727735845402644,0.00472436185005422,0.0107703378682275,0.0228763527372081,NA,NA,NA,0.00235124520837471,NA,0.00505847081529614,0.00436313484282568,0.00383042597583789,NA,0.00468893973325756,0.00258946968595658,0.00151333727330486,0.00149882432196223,0.0027678473023803,NA,0.00419299193479887,0.00387778808488166,NA,0.00332451644335237,0.00337731562450232,NA
"B1ANL0",NA,NA,NA,NA,NA,NA,0.0308380003136268,NA,NA,NA,NA,NA,NA,NA,NA,NA,0.00837344454532921,NA,NA,NA,NA,NA,NA,NA,NA,NA,NA,NA,0.00731927973223036,NA,NA,NA,NA
"B1ANM7",NA,NA,NA,NA,NA,NA,NA,0.00500615180470306,NA,NA,NA,NA,NA,NA,NA,NA,NA,NA,NA,NA,NA,NA,NA,NA,NA,NA,NA,NA,NA,NA,NA,NA,NA
"B1ANR0",NA,NA,NA,NA,NA,NA,NA,NA,NA,NA,NA,NA,NA,NA,NA,NA,NA,NA,0.000988758468325626,NA,NA,NA,NA,NA,NA,NA,0.00168510779808724,NA,NA,NA,NA,NA,NA
"B1AR63",NA,NA,NA,NA,NA,NA,NA,0.00223313618793524,NA,NA,NA,NA,0.00253355743182207,NA,NA,NA,NA,NA,NA,NA,NA,NA,NA,NA,NA,NA,NA,NA,NA,NA,NA,NA,NA
"B1N7B6",NA,NA,NA,NA,NA,NA,NA,NA,NA,NA,NA,NA,NA,NA,NA,NA,NA,NA,NA,NA,NA,NA,NA,NA,NA,NA,NA,NA,NA,NA,0.00381000128065433,NA,NA
"B1N7B9",NA,NA,NA,NA,NA,NA,NA,NA,NA,NA,NA,NA,NA,NA,NA,NA,NA,NA,NA,0.0167610147245534,NA,NA,NA,NA,NA,NA,NA,NA,NA,NA,NA,NA,NA
"B1PS43",NA,NA,NA,NA,NA,NA,NA,NA,NA,NA,NA,0.00034203393583623,0.000342172592628965,NA,NA,NA,NA,NA,NA,0.000348967045339257,NA,NA,NA,NA,NA,NA,NA,NA,NA,NA,NA,NA,0.000325257707958606
"B1Q387",NA,NA,NA,NA,NA,NA,NA,NA,NA,NA,NA,NA,NA,NA,NA,0.128578902224714,NA,NA,NA,NA,NA,NA,NA,0.0580100130266379,NA,NA,NA,NA,NA,NA,NA,NA,NA
"B2M0Y1",NA,NA,0.0434774086359662,NA,NA,NA,NA,NA,NA,NA,0.0154442581524154,NA,0.0487590372898564,NA,NA,NA,NA,0.0893964076514459,NA,NA,NA,NA,NA,NA,NA,0.136824873243,NA,NA,NA,NA,NA,NA,0.0622531401116564
"B2M1S6",NA,NA,NA,NA,NA,NA,NA,NA,NA,NA,NA,NA,NA,NA,NA,NA,NA,NA,NA,NA,NA,NA,NA,NA,NA,NA,NA,NA,NA,NA,0.0393220299405233,NA,NA
"B2M1S8",NA,NA,NA,NA,NA,NA,NA,NA,NA,NA,NA,NA,NA,NA,0.0422476060220125,NA,NA,NA,NA,NA,NA,NA,NA,NA,NA,NA,NA,NA,NA,0.0467494230683576,NA,NA,NA
"B2R582",NA,NA,0.00887245217209162,0.00503511138873395,NA,NA,NA,NA,0.00435725835141461,0.0105314649023892,NA,NA,NA,NA,NA,0.0103966437706371,NA,NA,NA,0.00547637114762635,NA,NA,NA,NA,NA,NA,NA,NA,NA,NA,NA,NA,NA
"B2R5B6",NA,NA,0.0284095417420871,0.0536040951035911,NA,0.0561033997425523,NA,0.0420516788039845,NA,NA,0.0660008657392628,NA,0.035097105506312,0.031514042,NA,0.0519540607584676,0.0619602674988807,0.0482659416470697,NA,0.0520875216281385,NA,NA,0.0744865045554706,0.0553565584470905,0.0435321723261044,NA,NA,0.0305197254808681,NA,NA,NA,NA,NA
"B2R5M8",NA,NA,NA,NA,NA,NA,NA,NA,NA,NA,NA,NA,NA,NA,NA,NA,NA,NA,NA,0.00144416052029478,NA,NA,NA,NA,NA,NA,NA,NA,NA,NA,NA,NA,NA
"B2R5W2",NA,0.00444445543369955,0.00605601362758738,0.0081835029479257,0.017926043100657,0.00584788866831448,0.0072746585723252,0.00388067387108688,0.0055642689830105,0.0018339276005607,0.012270344075323,0.00790933838161325,0.0106933617819488,0.015210728,0.0082247503823637,0.0149599979505516,0.0110635334262497,0.000765842397766877,0.00758174936418163,0.00756721979361759,NA,0.00564948443419706,0.0084720145519415,0.00889715295272026,0.00327924498085343,0.00516823941257142,0.00432194355384715,0.00766280926983481,NA,NA,0.00331075983947842,0.00814800268069074,0.00770824614506474
"B2R6N6",NA,NA,NA,0.00532867886846595,NA,NA,NA,NA,NA,NA,NA,NA,NA,NA,NA,NA,NA,NA,NA,NA,NA,NA,NA,NA,NA,NA,NA,NA,NA,NA,NA,NA,NA
"B2R7B5",NA,NA,NA,NA,NA,NA,NA,NA,NA,NA,NA,NA,0.00456547156718262,NA,NA,NA,NA,NA,NA,NA,NA,NA,NA,NA,NA,NA,0.00447396161105213,NA,NA,NA,NA,NA,NA
"B2RBR9",NA,NA,NA,NA,NA,NA,NA,NA,NA,NA,NA,NA,NA,NA,NA,NA,NA,NA,NA,NA,NA,NA,NA,NA,NA,NA,NA,NA,NA,NA,0.0024083283535639,NA,NA
"B2RCM2",NA,NA,NA,NA,NA,NA,NA,NA,NA,NA,NA,NA,NA,NA,NA,NA,NA,NA,NA,NA,NA,NA,NA,NA,NA,NA,NA,NA,NA,NA,NA,0.000810034969515828,NA
"B2RDX5",NA,NA,NA,NA,0.00144622089032954,0.000891755916388746,NA,0.00377935918152351,NA,NA,NA,0.00161587037541693,0.00147205642919847,0.001987084,NA,NA,NA,0.000882639072727909,NA,0.001648624453541,NA,NA,NA,0.00141206691217465,NA,NA,NA,NA,NA,NA,NA,0.00124100695187218,NA
"B2RDY9",NA,0.00227467486755532,NA,NA,NA,NA,NA,NA,NA,NA,NA,NA,NA,0.003849107,NA,0.00240839688012718,NA,NA,0.00481679376025435,NA,NA,NA,0.00350841808171388,NA,NA,NA,NA,NA,NA,NA,NA,NA,NA
"B2RE46",NA,NA,NA,NA,NA,NA,NA,NA,NA,NA,NA,NA,NA,0.002222222,NA,NA,NA,NA,NA,NA,NA,NA,NA,NA,NA,NA,NA,NA,NA,NA,NA,NA,NA
"B2RMN7",NA,NA,NA,NA,NA,NA,NA,NA,NA,NA,NA,NA,NA,NA,0.00293102781242656,NA,NA,NA,NA,NA,NA,0.00251521492477989,NA,NA,NA,NA,NA,NA,NA,NA,NA,NA,NA
"B3GQS7",NA,NA,NA,NA,0.00789076792262614,NA,NA,NA,NA,NA,NA,NA,NA,NA,NA,NA,NA,NA,0.0137191796820812,0.00804690857529713,NA,NA,NA,NA,NA,NA,NA,NA,NA,NA,NA,NA,NA
"B3KM46",NA,NA,NA,NA,NA,NA,NA,NA,NA,NA,NA,0.00166551271574307,NA,NA,NA,NA,NA,NA,NA,NA,NA,NA,NA,NA,NA,NA,NA,NA,NA,NA,NA,NA,NA
"B3KM80",NA,NA,NA,NA,NA,NA,NA,0.00994861269716635,NA,NA,NA,NA,NA,NA,NA,NA,NA,NA,NA,NA,NA,NA,NA,NA,NA,NA,NA,0.00322856926824733,NA,NA,NA,NA,NA
"B3KM81",NA,NA,0.00244423528796312,NA,NA,NA,NA,NA,NA,NA,NA,NA,NA,NA,NA,NA,NA,NA,NA,NA,NA,NA,NA,NA,NA,NA,NA,NA,NA,NA,NA,NA,NA
"B3KMG3",NA,NA,NA,NA,NA,NA,NA,NA,NA,NA,NA,NA,NA,0.00214676,NA,NA,NA,NA,NA,NA,NA,NA,NA,NA,NA,NA,NA,NA,NA,NA,NA,NA,NA
"B3KML9",NA,NA,NA,NA,NA,NA,NA,NA,NA,NA,NA,0.00356660888504914,NA,NA,NA,NA,NA,NA,NA,NA,NA,NA,NA,NA,NA,NA,NA,NA,NA,NA,NA,NA,NA
"B3KNJ4",NA,NA,NA,NA,NA,NA,NA,0.00761805776754966,NA,NA,NA,NA,NA,NA,NA,NA,NA,NA,NA,NA,NA,NA,NA,NA,NA,NA,NA,NA,NA,NA,NA,NA,NA
"B3KNQ8",NA,NA,0.00939319487514671,NA,NA,NA,NA,NA,0.00130588498136587,NA,NA,NA,NA,NA,NA,NA,NA,NA,NA,NA,NA,NA,NA,NA,NA,NA,NA,NA,NA,NA,NA,NA,NA
"B3KP79",NA,NA,NA,NA,NA,NA,NA,NA,0.0137525968091783,NA,NA,NA,NA,NA,NA,NA,NA,NA,NA,NA,NA,NA,NA,NA,NA,NA,NA,NA,NA,NA,NA,NA,NA
"B3KQ10",NA,NA,NA,NA,0.00421511869641577,NA,NA,NA,NA,NA,NA,NA,NA,NA,NA,NA,NA,NA,NA,NA,NA,NA,NA,NA,NA,NA,NA,NA,NA,NA,NA,NA,NA
"B3KQH1",NA,NA,NA,NA,NA,NA,NA,0.00327783789250116,NA,NA,NA,NA,NA,NA,NA,NA,NA,0.00371900233173732,NA,NA,NA,NA,NA,NA,NA,NA,NA,NA,NA,NA,NA,NA,NA
"B3KRY3",NA,NA,NA,NA,NA,NA,NA,NA,NA,NA,NA,0.00383126864396381,NA,NA,NA,NA,NA,NA,NA,NA,NA,NA,NA,NA,NA,NA,NA,NA,NA,NA,NA,NA,NA
"B3KS35",NA,NA,NA,NA,NA,NA,NA,NA,NA,NA,NA,NA,NA,0.004424779,NA,NA,NA,NA,NA,NA,NA,NA,NA,NA,NA,NA,NA,NA,NA,NA,NA,NA,NA
"B3KS36",NA,NA,NA,NA,NA,NA,NA,NA,NA,NA,NA,NA,NA,NA,NA,NA,NA,NA,NA,NA,NA,NA,NA,NA,NA,NA,0.00863617847183847,NA,NA,NA,NA,NA,NA
"B3KS49",NA,NA,NA,NA,NA,NA,0.00770905757849138,NA,NA,NA,NA,NA,NA,NA,NA,NA,NA,NA,NA,NA,NA,NA,NA,NA,0.00246609904767356,NA,NA,NA,NA,NA,NA,NA,NA
"B3KSM6",NA,NA,0.00361987309886314,NA,NA,NA,NA,NA,NA,NA,NA,NA,NA,NA,NA,NA,NA,NA,NA,NA,NA,NA,NA,NA,NA,NA,NA,NA,NA,NA,NA,NA,NA
"B3KT32",NA,NA,NA,NA,NA,NA,NA,NA,NA,NA,NA,NA,0.00159520321029226,NA,NA,NA,NA,NA,NA,NA,NA,NA,NA,NA,NA,NA,NA,NA,NA,NA,NA,NA,NA
"B3KT93",NA,NA,NA,NA,NA,NA,NA,NA,NA,NA,NA,0.000975044522241513,NA,NA,NA,NA,NA,NA,NA,NA,NA,NA,NA,NA,NA,NA,NA,NA,NA,NA,NA,NA,NA
"B3KTA8",NA,NA,NA,NA,NA,NA,NA,NA,NA,NA,NA,NA,0.000867190757186414,NA,NA,NA,NA,NA,NA,NA,NA,NA,NA,NA,NA,NA,NA,NA,NA,NA,NA,NA,NA
"B3KTP9",NA,NA,NA,NA,NA,NA,NA,NA,NA,NA,NA,NA,NA,NA,NA,NA,NA,NA,NA,NA,NA,NA,NA,NA,NA,NA,NA,NA,NA,NA,0.00280119998527673,NA,NA
"B3KTQ8",NA,NA,NA,NA,0,NA,NA,NA,NA,NA,NA,NA,NA,NA,NA,NA,NA,NA,0,NA,NA,NA,NA,NA,NA,NA,NA,NA,NA,NA,NA,NA,NA
"B3KU02",NA,NA,NA,NA,NA,NA,NA,NA,NA,NA,NA,NA,NA,NA,NA,NA,NA,NA,NA,NA,NA,NA,NA,NA,0.00107281789182341,NA,NA,NA,NA,NA,NA,NA,NA
"B3KUD3",NA,NA,NA,NA,NA,NA,NA,NA,NA,NA,0.00915415220119634,NA,NA,NA,NA,NA,NA,NA,NA,NA,NA,NA,NA,NA,NA,NA,NA,NA,NA,NA,NA,NA,NA
"B3KUD7",NA,NA,NA,NA,NA,NA,NA,NA,NA,NA,NA,NA,NA,NA,NA,NA,NA,NA,NA,0.00193058843675403,NA,NA,NA,NA,NA,NA,NA,NA,NA,NA,NA,NA,NA
"B3KUI1",NA,NA,NA,NA,NA,NA,NA,NA,NA,NA,NA,NA,NA,0.006218112,NA,NA,NA,NA,NA,0.0123462829750377,NA,NA,0.00531135476906595,NA,NA,NA,NA,NA,NA,NA,NA,NA,NA
"B3KUZ8",NA,NA,NA,NA,NA,NA,NA,NA,NA,NA,NA,NA,NA,NA,NA,NA,NA,NA,NA,0.00298174412174797,NA,NA,NA,NA,NA,NA,NA,NA,NA,NA,NA,0.0033667751098609,NA
"B3KVE3",NA,0.0151799725290073,NA,NA,NA,NA,NA,NA,0.013471931172998,NA,NA,NA,NA,0.006377551,NA,NA,NA,NA,NA,NA,NA,NA,NA,0.0209480606280902,NA,NA,0.0136958004484161,NA,NA,NA,NA,NA,NA
"B3KVK2",NA,0.00307999445492202,NA,NA,0.00879676871446086,0.0148662872132181,NA,0.00565912852319464,NA,NA,NA,0.00673446568498171,0.0128408891540401,0.00621118,NA,0.0130442361532142,NA,NA,NA,0.00687097491154194,NA,0.0140182780024258,NA,NA,NA,NA,NA,NA,NA,NA,NA,NA,NA
"B3KVX6",NA,NA,NA,NA,NA,NA,NA,NA,NA,NA,NA,NA,NA,NA,NA,NA,NA,NA,NA,NA,NA,0.00153938733564629,NA,NA,NA,NA,NA,NA,NA,NA,NA,NA,NA
"B3KW21",NA,NA,NA,NA,NA,0.00155031502981688,NA,NA,NA,NA,NA,0.00208509430834038,NA,NA,NA,NA,NA,NA,NA,NA,NA,NA,NA,NA,NA,NA,NA,NA,NA,NA,NA,NA,NA
"B3KW54",NA,NA,NA,NA,NA,NA,NA,NA,NA,NA,NA,NA,NA,NA,NA,NA,NA,NA,NA,0.00237601183763877,NA,NA,NA,NA,NA,NA,NA,NA,NA,NA,NA,NA,NA
"B3KW67",NA,NA,NA,NA,0.0032282464401217,NA,NA,NA,NA,NA,NA,NA,NA,NA,NA,NA,NA,NA,NA,NA,NA,NA,NA,NA,NA,NA,NA,NA,NA,NA,NA,NA,NA
"B3KWE1",NA,NA,NA,NA,0.00467419068379867,NA,NA,NA,NA,NA,NA,0.00113857529296007,NA,0.007449316,NA,NA,NA,NA,NA,NA,NA,NA,NA,NA,NA,NA,NA,NA,NA,NA,NA,NA,NA
"B3KWI4",NA,0.00466343961887035,NA,NA,0.00678294914889656,0.00500203157219158,NA,NA,NA,NA,NA,0.00169944970934814,0.00864110046118165,0.008881923,NA,NA,NA,NA,NA,0.00346779592103305,NA,NA,NA,NA,NA,NA,NA,NA,NA,NA,NA,NA,NA
"B3KXA2",NA,NA,NA,NA,NA,NA,NA,NA,NA,NA,NA,NA,NA,NA,NA,NA,NA,NA,NA,NA,NA,NA,NA,NA,NA,NA,NA,NA,NA,NA,NA,NA,0.00119146742009784
"B3KXA9",NA,0.00180977827763545,NA,NA,0.00172296857086576,NA,NA,NA,NA,NA,NA,NA,NA,NA,NA,NA,NA,NA,NA,NA,NA,NA,NA,NA,NA,NA,NA,NA,NA,NA,NA,NA,NA
"B3KXN4",NA,NA,NA,NA,NA,NA,NA,NA,NA,NA,NA,0.00214702769529613,NA,NA,NA,NA,NA,NA,NA,NA,NA,NA,NA,NA,NA,NA,NA,NA,NA,NA,NA,NA,NA
"B3KXV3",NA,NA,NA,NA,NA,NA,NA,NA,NA,NA,NA,NA,0.00397573707277585,NA,NA,NA,NA,NA,NA,NA,NA,NA,NA,NA,NA,NA,NA,NA,NA,NA,NA,NA,NA
"B3KYB3",NA,NA,NA,NA,NA,NA,NA,NA,NA,NA,NA,0.0132225487963906,NA,NA,NA,NA,NA,NA,NA,NA,NA,NA,NA,NA,NA,NA,NA,NA,NA,NA,NA,NA,NA
"B3VL05",NA,NA,NA,0.0401312645964383,NA,NA,NA,NA,NA,NA,NA,NA,NA,NA,NA,NA,NA,NA,NA,NA,NA,NA,NA,NA,NA,NA,NA,NA,NA,NA,NA,NA,NA
"B4DDB6",NA,NA,0.00959936646758784,NA,NA,NA,NA,NA,NA,NA,NA,NA,NA,NA,NA,NA,NA,NA,NA,NA,NA,NA,NA,NA,NA,NA,NA,NA,NA,NA,NA,NA,NA
"B4DDD6",NA,NA,NA,NA,0.00266573598608402,NA,NA,NA,NA,NA,NA,0.00355491525961685,0.00338915327035849,NA,NA,NA,NA,NA,NA,NA,NA,NA,0.00167177052092092,NA,NA,NA,NA,NA,NA,NA,NA,NA,NA
"B4DDD8",NA,NA,NA,NA,NA,NA,NA,NA,NA,NA,NA,NA,NA,0.006265664,NA,NA,NA,NA,NA,NA,NA,NA,NA,NA,NA,NA,NA,NA,NA,NA,NA,NA,NA
"B4DDI8",NA,NA,NA,NA,NA,NA,NA,NA,NA,NA,NA,NA,NA,NA,NA,NA,NA,NA,NA,NA,NA,NA,NA,NA,NA,NA,0.0131587103049325,NA,NA,NA,NA,NA,NA
"B4DDQ3",NA,NA,NA,NA,0.00786822074834779,NA,NA,NA,NA,NA,NA,NA,NA,NA,NA,NA,NA,NA,NA,NA,NA,NA,NA,NA,NA,NA,NA,NA,NA,NA,NA,0.00925239596918466,NA
"B4DDT3",NA,NA,NA,NA,NA,NA,NA,NA,NA,NA,NA,NA,NA,0.002352941,NA,NA,NA,NA,NA,NA,NA,NA,NA,NA,NA,NA,NA,NA,NA,NA,NA,NA,NA
"B4DE00",NA,NA,0.00758618120563262,NA,NA,0.00886471209356608,NA,NA,NA,NA,NA,NA,NA,NA,NA,NA,NA,NA,NA,NA,NA,NA,NA,NA,NA,NA,NA,NA,NA,NA,NA,NA,NA
"B4DE22",NA,NA,NA,NA,0.00234872252689308,NA,NA,NA,NA,NA,NA,NA,NA,NA,NA,NA,NA,NA,NA,NA,NA,NA,NA,NA,NA,NA,NA,NA,NA,NA,NA,NA,NA
"B4DE30",NA,NA,NA,NA,NA,NA,0.00113044083726863,NA,NA,NA,NA,NA,NA,NA,NA,0.00112667453424219,NA,NA,NA,NA,NA,NA,NA,NA,NA,NA,NA,NA,NA,NA,NA,NA,NA
"B4DE78",NA,NA,NA,NA,NA,NA,NA,NA,NA,NA,NA,NA,NA,NA,NA,NA,NA,NA,NA,NA,NA,NA,NA,NA,NA,NA,0.00216133416781407,NA,NA,NA,NA,NA,NA
"B4DE89",NA,NA,0.00822598057066619,NA,NA,NA,NA,NA,NA,NA,NA,NA,NA,NA,NA,NA,NA,NA,NA,NA,NA,NA,NA,NA,NA,NA,NA,NA,NA,NA,NA,NA,NA
"B4DEA3",NA,0.00247939558580014,NA,NA,NA,NA,NA,NA,NA,NA,NA,NA,NA,NA,NA,NA,NA,NA,NA,NA,NA,NA,NA,NA,NA,NA,NA,NA,NA,NA,NA,NA,NA
"B4DEB1",NA,NA,NA,NA,NA,0.00992611892146134,NA,NA,0.0103029517562006,NA,0.0106106567991054,NA,0.0267383568713161,NA,NA,0.0166337584823634,0.0146852586841884,NA,NA,NA,0.0284016708422347,NA,NA,NA,0.00940933695881778,NA,NA,NA,NA,NA,NA,NA,NA
"B4DEC0",NA,NA,NA,NA,NA,NA,NA,NA,NA,NA,NA,NA,NA,NA,NA,NA,NA,NA,NA,0.00133280328728986,NA,NA,NA,NA,NA,NA,NA,NA,NA,NA,NA,NA,NA
"B4DEC3",NA,NA,NA,NA,NA,NA,NA,NA,NA,NA,NA,NA,NA,NA,NA,NA,NA,NA,0.000764236518727647,NA,NA,NA,NA,NA,NA,NA,NA,NA,NA,NA,NA,NA,NA
"B4DEH8",NA,NA,NA,NA,0.00562015794715886,NA,NA,NA,NA,NA,NA,NA,NA,NA,NA,NA,NA,NA,NA,NA,NA,NA,NA,NA,NA,NA,NA,NA,NA,NA,NA,NA,NA
"B4DF68",NA,NA,NA,NA,NA,NA,NA,NA,NA,NA,NA,NA,NA,NA,NA,NA,NA,NA,NA,NA,NA,NA,NA,0.00241708348131955,NA,NA,NA,NA,NA,NA,NA,NA,NA
"B4DF77",NA,NA,NA,NA,NA,NA,NA,NA,NA,NA,NA,0.0043139882241525,NA,0.00265252,NA,NA,NA,NA,NA,NA,NA,NA,NA,NA,NA,NA,NA,NA,NA,NA,NA,NA,NA
"B4DHM5",NA,NA,NA,NA,NA,NA,0.00870720042321726,NA,NA,NA,NA,NA,NA,NA,NA,NA,NA,NA,NA,NA,NA,NA,NA,NA,NA,NA,NA,NA,NA,NA,NA,NA,NA
"B4DHW0",NA,NA,NA,NA,NA,NA,NA,NA,NA,NA,NA,NA,NA,NA,NA,NA,NA,NA,NA,NA,NA,NA,NA,NA,NA,0.0128928119757073,NA,NA,NA,NA,NA,NA,NA
"B4DHY1",NA,NA,NA,NA,0.00723126118661128,NA,NA,NA,NA,NA,NA,NA,NA,NA,NA,NA,NA,NA,NA,NA,NA,NA,NA,NA,NA,NA,NA,NA,NA,NA,NA,NA,NA
"B4DI38",NA,NA,NA,NA,0.00571541503755226,NA,NA,NA,NA,NA,NA,NA,NA,NA,NA,NA,NA,NA,NA,NA,NA,NA,NA,NA,NA,NA,NA,NA,NA,NA,NA,0.00302439074874114,NA
"B4DIT7",NA,NA,NA,NA,NA,NA,NA,NA,NA,NA,NA,NA,NA,NA,NA,NA,NA,NA,NA,NA,NA,NA,NA,NA,NA,NA,NA,NA,NA,NA,NA,NA,0.00259206938104107
"B4DJ81",NA,NA,0.00282390038861031,NA,0.00173563672150616,0.00146658817784436,NA,0.00488498655000797,NA,NA,NA,0.00298965722453405,0.00538381005946769,0.004656863,NA,NA,NA,NA,0.00193025893993602,0.00532100599278839,NA,NA,0.0018745956208856,NA,NA,NA,NA,0.00181466163650826,NA,NA,NA,NA,NA
"B4DJC3",NA,NA,0.00896117704201827,0.0063568281918449,NA,NA,NA,NA,NA,NA,NA,NA,0.0155053739636109,0.01,NA,0.0210012206266992,NA,NA,NA,0.00829670237162094,NA,NA,NA,NA,NA,NA,NA,NA,NA,NA,NA,0.00832715645553776,NA
"B4DJF2",NA,0.0105506196406506,0.0108950482061427,0.00563548584140966,0.0134764215173215,0.00636561746789442,0.0280205116920214,0.0282705585792246,0.0205996340885885,NA,0.0228583230668734,0.0163406320618684,0.0357393370621931,0.046099291,0.0229515652309696,0.0156392068273279,NA,NA,0.0251344393564089,0.0166718605733219,NA,0.0300125376411266,0.0122048158866448,NA,NA,NA,0.0285572021153596,0.0210037468096762,NA,NA,0.0306421380818736,0.0188246888134809,0.00987192424726574
"B4DJI1",NA,NA,NA,NA,NA,NA,NA,0.00965486952475452,NA,NA,NA,NA,NA,NA,NA,NA,NA,NA,NA,NA,NA,NA,NA,NA,NA,NA,NA,NA,NA,NA,NA,NA,NA
"B4DJK0",NA,NA,NA,0.00410117941299074,NA,NA,NA,NA,NA,NA,NA,NA,NA,NA,NA,NA,NA,NA,NA,NA,NA,NA,0.0041120167927827,NA,NA,NA,NA,NA,NA,NA,NA,NA,0.00498903684548428
"B4DJL0",NA,0.00477955764821925,NA,NA,NA,NA,NA,NA,NA,NA,NA,NA,NA,NA,NA,NA,NA,NA,NA,NA,NA,NA,NA,NA,NA,NA,NA,NA,NA,NA,NA,NA,NA
"B4DKR8",NA,NA,0.00129488291363001,NA,NA,NA,NA,NA,NA,NA,NA,NA,NA,NA,NA,NA,NA,NA,NA,NA,NA,NA,NA,NA,NA,NA,NA,NA,NA,NA,NA,NA,NA
"B4DKW1",NA,NA,NA,NA,NA,NA,NA,NA,NA,NA,NA,NA,NA,NA,NA,NA,NA,NA,NA,NA,NA,NA,NA,NA,NA,NA,NA,0.016272132844805,NA,NA,NA,NA,0.0237938687461257
"B4DKX5",NA,NA,NA,NA,NA,NA,NA,NA,NA,NA,NA,NA,NA,NA,NA,NA,NA,NA,0.00133159919481236,NA,NA,NA,NA,NA,NA,NA,NA,NA,NA,NA,NA,NA,NA
"B4DKY1",NA,NA,NA,NA,NA,NA,NA,NA,0.00131564426414476,NA,NA,NA,0.000944246263635975,0.000747384,NA,NA,NA,NA,NA,NA,NA,NA,NA,NA,NA,NA,NA,NA,NA,NA,NA,NA,NA
"B4DL19",NA,0.0139345879943917,NA,NA,0.0501827821957439,0.0159704598061527,NA,NA,NA,NA,NA,NA,NA,NA,NA,0.0138380140389364,NA,NA,NA,NA,NA,0.0158554610416979,NA,NA,NA,NA,NA,NA,0.0240287997079414,NA,NA,0.0167430712390195,NA
"B4DL39",NA,NA,NA,NA,NA,NA,NA,NA,NA,NA,NA,NA,NA,NA,NA,NA,NA,NA,NA,NA,NA,NA,NA,NA,NA,NA,0.00170436641323817,NA,NA,NA,NA,NA,NA
"B4DL61",NA,NA,NA,NA,0.00151798473154396,NA,NA,NA,NA,NA,NA,NA,NA,NA,NA,NA,NA,NA,NA,NA,NA,NA,NA,NA,NA,NA,NA,NA,NA,NA,NA,NA,NA
"B4DLN6",NA,NA,NA,NA,NA,NA,NA,NA,NA,NA,NA,NA,NA,0.003597122,NA,NA,NA,NA,NA,NA,NA,NA,NA,NA,NA,NA,NA,NA,NA,NA,NA,NA,NA
"B4DM10",NA,NA,NA,NA,NA,0.0023762935407539,NA,NA,NA,NA,0.000877514509622735,NA,NA,NA,NA,NA,NA,NA,NA,NA,NA,NA,NA,NA,NA,NA,NA,NA,NA,NA,NA,NA,NA
"B4DM82",0.0236338920151792,0.0288301807920154,0.0525298975117064,0.0315377523326936,0.0559924572627164,0.0127129591792126,NA,0.0323325853619596,NA,NA,NA,0.0588352170073546,NA,NA,NA,0.0176366843741238,NA,0.0290769328302617,NA,0.0400185476331698,NA,0.0454887702259045,0.0338169999247591,0.0495783245468667,NA,NA,0.0569360748052796,0.0286969788721974,NA,NA,NA,0.0435723299613914,0.0521528391269842
"B4DMG8",NA,NA,NA,NA,NA,NA,NA,NA,NA,NA,NA,NA,NA,NA,NA,NA,NA,NA,NA,NA,NA,0.00162136739757029,NA,NA,NA,NA,NA,NA,NA,NA,NA,NA,NA
"B4DMT8",NA,NA,NA,NA,NA,0.00719892558880506,NA,NA,NA,NA,NA,0.00651674740214174,NA,NA,NA,NA,NA,NA,NA,NA,NA,NA,NA,NA,NA,NA,NA,NA,NA,NA,NA,NA,NA
"B4DMU8",NA,NA,NA,NA,NA,NA,NA,0.00997992332601619,0.00555660449577758,NA,NA,0.00640008112581909,NA,NA,NA,NA,NA,NA,NA,NA,NA,NA,NA,NA,NA,NA,NA,NA,NA,NA,NA,NA,0.00723504827570811
"B4DMV6",NA,NA,NA,NA,NA,NA,NA,NA,NA,NA,NA,NA,NA,NA,NA,NA,NA,NA,NA,NA,NA,NA,NA,NA,NA,NA,NA,NA,NA,NA,NA,NA,0.00987192424726574
"B4DN38",NA,NA,NA,NA,NA,NA,NA,NA,NA,NA,NA,NA,NA,NA,NA,NA,NA,NA,NA,NA,NA,NA,NA,NA,NA,NA,0.000517819896032462,NA,NA,NA,NA,NA,NA
"B4DN58",NA,NA,NA,NA,0.0483021344747741,0.0272405221940635,NA,NA,0.015280663023513,NA,NA,NA,NA,NA,NA,NA,NA,NA,0.0204178529203749,0.0432211366973266,NA,NA,NA,NA,NA,NA,0.0267832244386227,NA,NA,NA,NA,NA,0.0354429494111214
"B4DN60",NA,NA,NA,NA,NA,NA,NA,NA,NA,NA,NA,NA,0.00786077287632257,NA,NA,NA,NA,NA,NA,NA,NA,NA,NA,NA,NA,NA,NA,NA,NA,NA,NA,NA,NA
"B4DN66",NA,NA,0.0276295281200452,NA,NA,NA,NA,NA,NA,NA,NA,NA,NA,NA,NA,NA,NA,NA,NA,0.0159169347747122,NA,NA,NA,NA,NA,NA,NA,0.0177549660981989,NA,NA,NA,NA,NA
"B4DNA0",NA,NA,NA,NA,NA,0.00461170012214876,NA,NA,NA,NA,NA,NA,NA,NA,NA,NA,NA,NA,NA,NA,NA,NA,NA,NA,NA,NA,NA,NA,NA,NA,NA,NA,NA
"B4DNE0",NA,NA,NA,NA,NA,NA,NA,NA,NA,NA,NA,NA,NA,NA,NA,NA,NA,NA,NA,NA,NA,NA,NA,NA,NA,NA,NA,NA,NA,NA,0.00245389950419715,NA,NA
"B4DNG0",0.00268098145087778,0.00434981690418956,0.0103873294217669,0.00780663152319773,NA,0.00910892924077025,NA,NA,0.00442737151040484,NA,0.0139373295046596,0.0106998255708984,NA,NA,NA,0.00345414846098954,NA,NA,NA,NA,NA,NA,NA,0.01506436937804,NA,NA,NA,NA,NA,NA,NA,NA,NA
"B4DNK4",NA,0.00643838437204178,0.0143343080136231,0.0112203103048616,0.0119206712130478,0.00672315675192704,0.00872480033056391,0.0067960546759727,0.00714900645819335,0.00353727064829673,0.00470759852688938,0.00982075009587647,0.00878834259341489,0.014154775,0.00570753171206929,0.00560203569985282,0.00454650033417277,0.0101867656782537,0.0093234477946598,0.00966734968399523,NA,0.00452536441815756,0.00826543054222994,0.00716851122673465,0.00496730897486821,NA,0.00662795490265479,0.00520338344307394,0.00747542213236126,NA,NA,0.00985103274862634,0.00639882654698263
"B4DNL3",NA,NA,NA,NA,NA,NA,NA,NA,NA,NA,NA,NA,NA,NA,0.00172595768465742,NA,NA,NA,NA,NA,NA,NA,NA,NA,NA,NA,NA,NA,NA,NA,NA,NA,NA
"B4DNP4",NA,NA,NA,NA,NA,0.00430480591393146,NA,NA,NA,NA,NA,NA,NA,NA,NA,NA,NA,NA,NA,NA,NA,NA,NA,NA,NA,NA,NA,NA,NA,NA,NA,NA,NA
"B4DNV4",NA,NA,0.00708975043192615,NA,NA,NA,NA,NA,NA,NA,NA,NA,NA,NA,NA,NA,NA,NA,NA,NA,NA,NA,NA,NA,NA,NA,NA,NA,NA,NA,NA,NA,NA
"B4DNX1",NA,NA,NA,NA,NA,NA,NA,NA,NA,NA,NA,0.00409636427097526,NA,NA,NA,NA,NA,NA,NA,NA,NA,NA,NA,NA,NA,NA,NA,NA,NA,NA,NA,NA,NA
"B4DP35",NA,NA,NA,NA,0.0158877539970442,NA,NA,NA,NA,NA,NA,NA,NA,NA,NA,NA,NA,NA,NA,NA,NA,NA,NA,NA,NA,NA,NA,NA,NA,NA,NA,NA,NA
"B4DP50",NA,NA,0.0023597564797526,NA,NA,NA,NA,NA,NA,NA,NA,NA,NA,NA,NA,NA,NA,NA,NA,NA,NA,NA,NA,NA,NA,NA,NA,NA,NA,NA,NA,NA,NA
"B4DPF1",NA,NA,NA,NA,0.00621175312299178,0.00104976816997699,NA,NA,0.00347433987593297,NA,NA,NA,NA,0.002302632,NA,NA,NA,NA,NA,NA,NA,NA,NA,0.00623353173169038,NA,NA,0.00470943336898038,NA,NA,NA,NA,NA,0.00122100070268623
"B4DPH4",NA,NA,NA,NA,NA,NA,NA,NA,NA,NA,NA,NA,NA,NA,0.0063083246374159,NA,NA,NA,NA,NA,NA,NA,NA,NA,NA,NA,NA,NA,NA,NA,NA,NA,NA
"B4DPP8",0.00438181865475698,NA,NA,NA,NA,0.00428937679373119,NA,NA,0.00410113262893906,NA,NA,NA,NA,NA,NA,NA,NA,0.00993655849762489,NA,NA,NA,NA,NA,0.0123663492829169,NA,0.00402900361750943,NA,NA,0.0182522907761558,NA,NA,NA,NA
"B4DPR2",NA,NA,NA,NA,0.0165008199745141,NA,NA,NA,0.00414089149633517,0.00867620949493668,NA,NA,NA,NA,NA,NA,NA,NA,NA,NA,NA,NA,NA,NA,NA,NA,NA,NA,NA,NA,NA,NA,NA
"B4DPW5",NA,NA,NA,NA,NA,NA,NA,NA,NA,NA,NA,NA,NA,NA,NA,NA,NA,NA,NA,NA,NA,0.00075685561292097,NA,NA,NA,NA,NA,NA,NA,NA,NA,NA,NA
"B4DQ75",NA,NA,NA,NA,NA,NA,NA,0.00397290560825671,NA,NA,NA,NA,NA,0.004360465,NA,NA,NA,NA,NA,NA,NA,NA,NA,NA,NA,NA,NA,NA,NA,NA,NA,NA,NA
"B4DQU5",NA,NA,NA,NA,NA,NA,NA,NA,NA,NA,NA,NA,0.00354004019916478,NA,NA,NA,NA,NA,NA,NA,NA,NA,NA,NA,NA,NA,NA,NA,NA,NA,NA,NA,NA
"B4DQV1",NA,NA,NA,NA,NA,NA,NA,NA,NA,NA,NA,NA,NA,NA,NA,NA,NA,NA,NA,NA,NA,0.00256047565576187,NA,NA,NA,NA,NA,NA,NA,NA,NA,NA,NA
"B4DQZ0",NA,NA,NA,NA,NA,NA,NA,NA,0.00102823127390755,NA,NA,NA,NA,NA,NA,NA,NA,NA,NA,NA,NA,NA,NA,NA,NA,NA,NA,NA,NA,NA,NA,NA,NA
"B4DR61",NA,NA,NA,NA,NA,NA,NA,NA,NA,NA,NA,NA,NA,NA,NA,NA,NA,NA,NA,0.007326007,NA,0.00560498993529687,NA,NA,NA,NA,NA,NA,NA,NA,NA,NA,NA
"B4DRK5",NA,NA,NA,NA,NA,NA,NA,NA,NA,NA,NA,NA,NA,0.008888889,NA,NA,NA,NA,NA,NA,NA,NA,NA,NA,NA,NA,NA,NA,NA,NA,NA,NA,NA
"B4DRV9",NA,NA,NA,NA,NA,NA,NA,NA,NA,0.00494733959834231,NA,NA,NA,NA,NA,NA,NA,NA,NA,NA,NA,NA,NA,NA,NA,NA,NA,0.0158789949035563,NA,NA,NA,NA,NA
"B4DSR6",NA,NA,NA,NA,NA,NA,NA,NA,NA,NA,NA,NA,NA,0.00388601,NA,NA,NA,NA,NA,NA,NA,NA,NA,NA,NA,NA,NA,NA,NA,NA,NA,NA,NA
"B4DSU6",NA,NA,NA,NA,NA,NA,NA,NA,NA,NA,NA,NA,0.0331129654955165,NA,NA,NA,NA,NA,NA,NA,NA,NA,NA,NA,NA,NA,NA,NA,NA,NA,NA,NA,NA
"B4DSU9",NA,NA,NA,NA,NA,NA,NA,0.00400366500968173,NA,NA,NA,NA,NA,NA,NA,NA,NA,NA,NA,0.0062498704972786,NA,NA,NA,NA,NA,NA,NA,NA,NA,NA,NA,0.00470460857156679,NA
"B4DT28",NA,0.00276370787762384,0.00688879680485978,0.00114023800352011,0.0137689663826505,0.00551559971910879,NA,0.0052214767258753,0.00973577001913657,NA,0.00613515935020374,0.00266541798323604,0.00607429020435722,0.005074152,0.00601210391361591,0.00229133292617086,0.00292238930322496,NA,0.00679904332197383,0.00213583889738509,NA,0.00200307849157421,0.00503946199700748,0.00303490355698019,NA,NA,0.00423543950609746,0.00339387881445049,NA,NA,NA,0.00280061340788018,0.00433464533702098
"B4DTM7",NA,NA,NA,NA,NA,NA,NA,NA,NA,NA,NA,NA,NA,NA,NA,NA,NA,NA,NA,NA,NA,NA,NA,NA,NA,NA,NA,NA,NA,NA,NA,NA,0.00662153529940668
"B4DUC8",NA,NA,0.0034137813889145,NA,0.00236046631892299,NA,NA,0.00164507765993341,0.00176033239157483,NA,NA,0.00722832700786324,0.00344563831401633,0.006666667,NA,0.00350020308776286,NA,NA,NA,NA,NA,NA,NA,0.00157916177629356,NA,NA,NA,NA,NA,NA,NA,NA,NA
"B4DUI5",NA,NA,NA,0.0092773025415925,NA,NA,NA,NA,NA,NA,NA,NA,NA,NA,NA,NA,NA,NA,NA,NA,NA,NA,NA,NA,NA,NA,NA,NA,0.00415790138316873,NA,NA,NA,NA
"B4DUK1",NA,NA,NA,0.00503511138873395,NA,NA,NA,NA,NA,NA,NA,NA,NA,NA,NA,NA,NA,NA,NA,NA,NA,NA,NA,NA,NA,NA,NA,NA,NA,NA,NA,NA,NA
"B4DUR2",NA,NA,NA,NA,NA,NA,NA,0,NA,NA,NA,NA,NA,NA,NA,NA,NA,NA,NA,NA,NA,NA,NA,NA,NA,NA,NA,NA,NA,NA,NA,NA,NA
"B4DUR8",0.00533854742649,0.00324811631904572,0.0103233353522072,NA,0.00594017391950747,0.00609690871657898,NA,0.00563647535383355,0.000960880076439706,NA,0.00536165252652838,0.00572111030868137,0.0109086818091067,0.004366812,NA,0.00420330085300206,NA,NA,0.00878871996536794,NA,NA,0.00307988960103753,0.00204104516179662,0.00999905770994259,NA,NA,0.00366317776080475,0.00215540619405133,NA,NA,NA,0.00636354717878596,0.00303917299078652
"B4DUT2",NA,NA,0.00591985289500562,NA,NA,NA,0,NA,0.00127191672737184,NA,NA,NA,NA,NA,NA,NA,NA,NA,NA,NA,NA,NA,NA,NA,NA,NA,NA,NA,0.00255963328052318,NA,NA,NA,NA
"B4DV12",0.00288541411679537,0.00972312037213154,0.0145029942343966,0.000969811948243008,0.00396474969908678,0.00604017145596355,0.00106009494001459,0.00354425202919784,0.00214017339436406,0.00347607193653568,0.00450289253510455,0.0147342120007091,0.00195459607124521,0.006708336,0.00343384567108004,0.00231631072792323,0.00136518912634881,0.0116127691693776,0.0122964666915799,0.00332373751218713,NA,0.00270798153810074,0.00231551797771283,0.00191521144089952,0.00162697657278021,0.00145126076039531,0.00404877240579953,0.00175779437077091,0.0115769016125458,0.00166455584335744,0.0128120634312577,0.0107717847576593,0.00465195320422251
"B4DV51",NA,NA,NA,NA,NA,NA,NA,NA,0.0169262727927965,NA,NA,0.0474938131144768,NA,NA,NA,NA,NA,NA,NA,NA,NA,NA,NA,NA,NA,NA,NA,NA,NA,NA,NA,0.0266896039814561,0.0535362042148023
"B4DV79",NA,NA,NA,NA,NA,NA,NA,NA,NA,NA,NA,NA,NA,NA,NA,NA,NA,NA,0.00165624761393123,0.00174483743915025,NA,NA,NA,NA,NA,NA,NA,NA,NA,NA,NA,NA,NA
"B4DVF4",NA,NA,NA,NA,NA,NA,NA,NA,NA,NA,NA,NA,NA,0.011111111,NA,NA,NA,NA,NA,NA,NA,NA,NA,NA,NA,NA,NA,NA,NA,NA,NA,NA,NA
"B4DVQ0",NA,NA,NA,NA,NA,NA,NA,NA,0.0142433898022761,NA,NA,NA,0.0129299148091895,0.010726049,NA,NA,NA,NA,NA,NA,NA,NA,NA,NA,NA,NA,NA,NA,NA,NA,NA,NA,NA
"B4DVR4",NA,NA,NA,NA,NA,NA,NA,NA,NA,NA,NA,NA,NA,0.002180233,NA,NA,NA,NA,NA,NA,NA,NA,NA,NA,NA,NA,NA,NA,NA,NA,NA,NA,NA
"B4DW52",NA,NA,NA,NA,NA,NA,NA,NA,NA,NA,NA,0.0126520072159456,NA,NA,0.0165420034668366,NA,NA,NA,0.0124108918421645,0.0154290245140959,NA,NA,NA,NA,NA,NA,NA,0.0185829936061709,NA,NA,NA,NA,0.0108872182965534
"B4DWL1",NA,NA,NA,NA,NA,NA,NA,NA,NA,NA,NA,NA,NA,NA,NA,NA,NA,NA,0.0016422124981864,NA,NA,NA,NA,NA,NA,NA,NA,NA,NA,NA,NA,NA,NA
"B4DWQ5",NA,NA,NA,NA,NA,NA,NA,NA,NA,NA,NA,NA,NA,NA,NA,NA,NA,NA,NA,NA,NA,NA,NA,NA,NA,NA,0.00141357411998926,NA,NA,NA,NA,NA,NA
"B4DXN0",NA,NA,NA,NA,NA,0.00178344960249797,NA,NA,NA,NA,NA,NA,NA,NA,NA,NA,NA,NA,NA,NA,NA,NA,NA,NA,NA,NA,NA,NA,NA,NA,NA,NA,NA
"B4DXW1",NA,0.00640023539980043,0.00402297551797965,0.00513683081072858,0.00794769764930593,NA,NA,0.0122709721049875,NA,NA,NA,0.008214008012765,0.00333542508219138,0.005331089,0.00181603325877259,0.00510691827278498,0.00511710483105894,NA,0.00353555864268791,0.00900128599269356,NA,0.00379956659515596,0.00915627583576126,0.00372192975198097,0.00331236863771739,NA,0.00652766568438912,0.00830956261990516,NA,NA,NA,NA,0.0078111180309814
"B4DXZ6",NA,NA,NA,NA,NA,NA,NA,NA,NA,NA,NA,NA,NA,0.002302026,NA,NA,NA,NA,0.00354532526034035,0.00203725084244359,NA,0.00207821663138931,NA,0.00174493014478569,NA,NA,NA,NA,NA,NA,NA,NA,NA
"B4DY09",NA,NA,0.015759646206429,NA,0.00762233946958433,0.0082189261439213,0.00299309998086043,0.0116622174927626,0.00250047206710822,NA,NA,0.0124236860621643,0.00458847430630344,0.002840909,0.00612911089995305,0.00683633518944066,NA,NA,NA,0.00419025395769509,NA,NA,0.00531135476906595,0.00403762907867825,NA,NA,NA,NA,NA,NA,NA,0.00354850447419962,NA
"B4DY23",NA,NA,0.00522517630590125,NA,NA,NA,NA,NA,NA,NA,NA,NA,NA,NA,NA,NA,NA,NA,NA,NA,NA,NA,NA,NA,NA,NA,NA,NA,NA,NA,NA,NA,NA
"B4DYN5",NA,NA,NA,NA,NA,NA,NA,NA,NA,NA,NA,NA,NA,NA,NA,NA,NA,NA,0.00296069853083946,NA,NA,NA,NA,NA,NA,NA,NA,NA,NA,NA,NA,NA,NA
"B4DYR6",NA,NA,NA,NA,NA,NA,NA,NA,NA,NA,NA,NA,0.000564488644519218,NA,NA,NA,NA,NA,NA,NA,NA,NA,NA,NA,NA,NA,NA,NA,NA,NA,NA,NA,NA
"B4DYV8",NA,NA,NA,NA,NA,NA,NA,NA,NA,NA,NA,NA,NA,NA,NA,NA,NA,NA,NA,0.00212735966756129,NA,NA,NA,NA,NA,NA,NA,NA,NA,NA,NA,NA,NA
"B4DZB4",NA,NA,NA,NA,NA,NA,NA,NA,NA,NA,NA,NA,0.000906747033550781,NA,NA,NA,NA,NA,NA,NA,NA,NA,NA,NA,NA,NA,NA,NA,NA,NA,NA,NA,NA
"B4DZX4",NA,NA,NA,NA,NA,NA,NA,0.0167038610546668,NA,NA,NA,NA,NA,NA,NA,NA,NA,NA,NA,NA,NA,NA,NA,NA,NA,NA,NA,NA,NA,NA,NA,NA,NA
"B4DZY4",NA,NA,NA,NA,NA,NA,NA,NA,0.00412255851464311,NA,NA,NA,NA,NA,NA,NA,NA,NA,NA,NA,NA,NA,NA,NA,NA,NA,NA,NA,NA,NA,NA,NA,NA
"B4DZY9",NA,NA,NA,NA,NA,NA,NA,NA,NA,0.00187928921108927,NA,NA,NA,NA,NA,NA,NA,NA,NA,NA,NA,NA,NA,NA,NA,NA,NA,NA,NA,NA,NA,NA,NA
"B4E0A4",NA,0.00430887811603506,NA,0.00818568359426864,NA,NA,NA,NA,NA,NA,NA,NA,NA,NA,NA,NA,NA,0.00608657744365353,NA,NA,NA,NA,NA,NA,NA,NA,NA,NA,NA,NA,NA,NA,NA
"B4E0P5",NA,NA,0.00390349281604124,NA,0.00196296567918941,NA,NA,NA,NA,NA,NA,NA,NA,NA,NA,NA,NA,NA,NA,NA,NA,NA,NA,NA,NA,NA,NA,NA,NA,NA,NA,NA,NA
"B4E0P8",NA,NA,NA,NA,NA,NA,NA,NA,NA,NA,NA,NA,NA,NA,NA,NA,NA,NA,NA,NA,NA,NA,NA,0.00473748438138381,NA,NA,NA,NA,NA,NA,NA,NA,NA
"B4E108",NA,NA,NA,NA,NA,NA,NA,NA,NA,NA,NA,0.0049284050245088,NA,NA,NA,NA,NA,NA,NA,NA,NA,NA,0.00927072882480719,NA,NA,NA,NA,NA,NA,NA,NA,NA,NA
"B4E1G1",NA,NA,0.00999530711401237,NA,NA,NA,NA,NA,NA,NA,NA,NA,NA,0.018018018,NA,NA,NA,NA,NA,NA,NA,NA,NA,NA,NA,NA,NA,NA,NA,NA,NA,NA,NA
"B4E1L5",NA,NA,NA,NA,NA,NA,NA,0.00193033830784089,NA,NA,NA,NA,NA,0.004237288,NA,NA,NA,NA,NA,NA,NA,NA,NA,NA,NA,NA,NA,NA,NA,NA,NA,NA,NA
"B4E1Q1",NA,NA,NA,NA,NA,NA,NA,NA,NA,NA,NA,NA,NA,0.010631172,NA,NA,NA,NA,NA,NA,NA,NA,NA,NA,NA,NA,NA,NA,NA,NA,NA,NA,NA
"B4E1R7",NA,NA,NA,0.00175025449319721,NA,NA,NA,NA,NA,NA,NA,NA,NA,NA,NA,NA,NA,NA,NA,NA,NA,NA,NA,NA,NA,NA,NA,NA,NA,NA,NA,NA,NA
"B4E1S2",NA,0.00698421339267334,0.0111188318399086,0.0143934619641337,0.00886560085650718,0.0168554390046666,NA,0.0272694275303324,0.0136363779043542,NA,0.0076858744610363,NA,0.014559036541873,0.033450704,NA,NA,NA,NA,NA,0.00779033139511427,NA,NA,NA,0.0161252399405446,NA,NA,NA,NA,NA,NA,NA,0.00586419508576366,0.00326746806763658
"B4E1W2",NA,NA,0.00575356519727585,NA,NA,NA,NA,NA,NA,NA,NA,NA,NA,NA,NA,NA,NA,NA,NA,NA,NA,NA,NA,NA,NA,NA,NA,NA,NA,NA,NA,NA,NA
"B4E1W8",NA,NA,NA,NA,NA,NA,NA,NA,NA,NA,NA,NA,NA,NA,NA,NA,NA,NA,NA,NA,NA,0.00258188162978194,NA,NA,NA,NA,NA,NA,NA,NA,NA,NA,NA
"B4E1Z4",0.00291338065415223,NA,0.00163214782105244,NA,0.00126566598903554,NA,0.0028245875845328,NA,0.00517821928787619,NA,NA,NA,NA,NA,NA,NA,NA,NA,NA,NA,NA,NA,NA,NA,NA,NA,NA,NA,NA,NA,NA,NA,NA
"B4E352",NA,NA,0.00145473699831086,NA,NA,0.00226654565587732,NA,NA,NA,NA,NA,NA,NA,NA,NA,NA,NA,NA,NA,0.00419025395769509,NA,NA,NA,NA,NA,NA,NA,NA,NA,NA,NA,NA,NA
"B4E356",NA,NA,NA,NA,NA,NA,NA,NA,NA,NA,NA,NA,NA,NA,NA,NA,NA,NA,NA,NA,NA,NA,0.00160679624647337,NA,NA,NA,NA,NA,NA,NA,NA,NA,NA
"B4E3A4",NA,NA,NA,0.0107288237421959,NA,NA,NA,NA,NA,NA,NA,NA,NA,NA,NA,NA,NA,NA,NA,NA,NA,NA,NA,NA,NA,NA,NA,NA,NA,NA,NA,NA,NA
"B4E3A7",NA,NA,NA,NA,NA,NA,NA,NA,NA,NA,NA,NA,NA,NA,NA,NA,NA,NA,NA,NA,NA,NA,NA,NA,NA,NA,NA,NA,NA,NA,NA,NA,0.00348857423164141
"B4E3J5",NA,NA,NA,NA,NA,NA,NA,NA,NA,NA,NA,NA,0.00765697437571126,NA,NA,NA,NA,NA,NA,0.00819427349659487,NA,NA,NA,NA,NA,NA,NA,NA,NA,NA,NA,NA,NA
"B4E3S0",NA,NA,NA,NA,0.00856405034007824,0.00135684348426417,0.00358357608216223,NA,NA,NA,0.000928056430044776,NA,NA,0.008503401,NA,0.00625036333175863,0.00861553336498656,NA,NA,NA,NA,NA,NA,NA,NA,NA,NA,0.00335774224656552,NA,NA,NA,0.00424854936495683,0.00315632990630682
"B4E3S1",NA,NA,NA,NA,NA,NA,NA,NA,NA,NA,NA,NA,NA,NA,NA,NA,NA,0.00878960126713939,NA,NA,NA,NA,NA,NA,NA,0.00112395114106985,NA,NA,NA,NA,0.00245907743305618,NA,NA
"B4E3V2",NA,NA,NA,NA,NA,NA,NA,NA,NA,NA,NA,NA,NA,NA,NA,NA,NA,NA,NA,NA,NA,0.00987412476544114,NA,NA,NA,NA,NA,NA,NA,NA,NA,NA,NA
"B5MBZ0",NA,NA,NA,NA,0.00322247934881131,NA,NA,0.00103654080531936,NA,NA,NA,NA,NA,0.002275313,NA,NA,NA,NA,NA,NA,NA,NA,NA,NA,NA,NA,NA,NA,NA,NA,NA,0.000947343950458127,0.00316710167606381
"B5MBZ8",NA,NA,NA,NA,0.00172296857086576,NA,NA,NA,NA,NA,NA,NA,NA,NA,NA,NA,NA,NA,NA,0.00403732471467344,NA,NA,NA,0.00259351308466354,NA,NA,NA,NA,NA,NA,NA,NA,NA
"B5MC47",NA,NA,NA,NA,NA,NA,NA,NA,NA,NA,NA,NA,NA,NA,0.00170145663660016,NA,NA,NA,NA,NA,NA,NA,NA,NA,NA,NA,NA,NA,NA,NA,NA,0.00262686312485716,NA
"B5MC59",NA,NA,NA,NA,NA,NA,NA,NA,NA,NA,NA,NA,NA,0.006097561,NA,NA,NA,NA,NA,NA,NA,NA,NA,NA,NA,NA,NA,NA,NA,NA,NA,NA,NA
"B5MCB4",NA,NA,NA,NA,NA,NA,NA,NA,0.00956702367591401,NA,NA,NA,NA,NA,NA,NA,NA,NA,NA,NA,NA,NA,NA,NA,NA,NA,NA,NA,NA,NA,NA,NA,NA
"B5MCP9",NA,NA,NA,NA,NA,NA,NA,NA,NA,NA,NA,NA,NA,NA,NA,0.00935883275129373,NA,NA,NA,0.00669544323880603,NA,NA,NA,NA,NA,NA,NA,NA,NA,NA,0.00513433363600702,NA,NA
"B5MCT7",NA,NA,NA,NA,0.00882417278423702,NA,NA,NA,NA,NA,NA,NA,0.0144910041293787,0.01018024,NA,NA,NA,NA,NA,NA,NA,NA,NA,NA,NA,NA,NA,NA,NA,NA,NA,NA,NA
"B5MCW2",NA,0.0010938508187192,0.00432325687964879,NA,0.00425231020373672,NA,NA,NA,0.00161795230691327,NA,NA,NA,NA,NA,NA,NA,NA,NA,0.00128683929329068,0.00679101461276521,NA,0.00103719837784717,NA,NA,NA,NA,NA,NA,NA,NA,NA,NA,NA
"B5MCX3",NA,NA,0.00398806277222395,NA,NA,NA,NA,NA,NA,NA,NA,NA,0.00161011111051248,0.002855659,NA,NA,NA,NA,NA,0.00344619020183036,NA,NA,NA,0.00885511062132611,NA,NA,NA,NA,NA,NA,NA,0.00129706453641522,NA
"B5MD17",NA,NA,0.00609603885286237,NA,NA,NA,NA,NA,NA,NA,NA,NA,NA,NA,NA,NA,NA,NA,NA,0.00658468447459886,NA,0.00671709173090758,NA,NA,NA,NA,NA,NA,NA,NA,NA,NA,NA
"B5MD38",NA,NA,NA,NA,NA,NA,NA,NA,NA,NA,NA,NA,NA,NA,0.00340291327320032,0.00607290826776817,NA,NA,NA,NA,NA,NA,NA,0.00523066124297025,NA,NA,NA,NA,NA,NA,NA,NA,NA
"B5MDF5",NA,NA,0.0104503526118025,NA,0.0230158845218087,0.00542737473488078,NA,0.0139457094448554,NA,NA,NA,NA,0.0210957466150218,0.017006803,NA,NA,NA,NA,0.007143272229144,0.0150507070544468,NA,0.00767667610268418,NA,0.0161138927179543,NA,0.00339861580619481,NA,NA,NA,NA,NA,NA,NA
"B5MEG9",NA,NA,NA,NA,0.00178540196081475,0.00131871786416954,0.00108840018459856,NA,0.00148512906680558,NA,NA,0.00206594755530294,0.0016315354025638,0.00186886,NA,NA,NA,NA,0.000361591666323288,NA,NA,NA,NA,NA,NA,NA,NA,NA,NA,NA,NA,NA,NA
"B6E315",NA,NA,NA,NA,NA,NA,NA,NA,NA,NA,NA,NA,0.00580725665395591,NA,NA,NA,NA,NA,NA,NA,NA,NA,NA,NA,NA,NA,NA,NA,NA,NA,NA,NA,NA
"B7UCU6",NA,NA,NA,NA,NA,NA,NA,NA,NA,NA,NA,NA,NA,NA,NA,NA,NA,NA,NA,NA,NA,NA,NA,NA,NA,NA,NA,NA,NA,0.0364551453137454,0.0252330170515807,NA,NA
"B7WNR0",NA,NA,NA,0.0118668241421925,NA,NA,NA,NA,NA,NA,NA,NA,NA,NA,NA,NA,NA,NA,NA,NA,NA,NA,0.00724741764035689,NA,NA,NA,NA,NA,NA,NA,0.0050304764614084,NA,NA
"B7Z1C7",NA,NA,NA,NA,NA,NA,NA,NA,NA,NA,NA,NA,NA,0.002725857,NA,NA,NA,NA,NA,NA,NA,NA,NA,NA,NA,NA,NA,NA,NA,NA,NA,NA,NA
"B7Z1C9",NA,NA,0.00534796081752921,NA,0.00595766119818458,NA,NA,NA,NA,NA,NA,NA,NA,NA,NA,NA,NA,NA,NA,NA,NA,NA,NA,NA,NA,NA,0.00233627233035247,NA,NA,NA,NA,NA,NA
"B7Z1D1",NA,NA,NA,NA,NA,NA,NA,NA,0.000778219185827944,NA,NA,NA,NA,NA,NA,NA,NA,NA,NA,NA,NA,NA,NA,NA,NA,NA,NA,NA,NA,NA,NA,NA,NA
"B7Z1E1",NA,0.00313847546272517,NA,NA,NA,NA,NA,NA,NA,NA,NA,NA,NA,NA,NA,NA,NA,NA,NA,NA,NA,NA,NA,NA,NA,NA,NA,NA,NA,NA,NA,NA,NA
"B7Z1G8",NA,NA,NA,NA,0.00396717059334346,NA,NA,NA,NA,NA,NA,NA,NA,NA,NA,NA,NA,NA,NA,NA,NA,NA,NA,NA,NA,NA,NA,NA,NA,NA,NA,NA,NA
"B7Z2C8",NA,NA,NA,NA,NA,NA,NA,NA,NA,NA,NA,0.00217284366391392,NA,NA,NA,NA,NA,NA,NA,NA,NA,NA,NA,NA,NA,NA,NA,NA,NA,NA,NA,NA,NA
"B7Z2F4",NA,NA,NA,0.00143252496378114,NA,NA,NA,NA,NA,NA,NA,NA,NA,NA,NA,NA,NA,NA,NA,NA,NA,0.0010595974067008,NA,NA,NA,NA,NA,NA,NA,NA,NA,NA,NA
"B7Z2V6",NA,0.00417406643572747,NA,NA,NA,NA,NA,NA,NA,NA,NA,0.007301340335319,NA,NA,NA,NA,NA,NA,NA,NA,NA,NA,NA,NA,NA,NA,NA,NA,NA,NA,NA,NA,NA
"B7Z2Z8",NA,NA,NA,NA,NA,NA,NA,NA,0.00147021112995318,NA,NA,NA,NA,NA,NA,NA,NA,NA,NA,NA,NA,NA,NA,NA,NA,NA,NA,NA,NA,NA,NA,NA,NA
"B7Z3V1",NA,NA,NA,NA,NA,NA,NA,NA,NA,NA,NA,NA,NA,NA,NA,NA,NA,NA,NA,NA,NA,NA,0.00172727001770749,NA,NA,NA,NA,NA,NA,NA,NA,NA,0.00201183957719605
"B7Z3Y2",NA,NA,NA,NA,NA,NA,NA,NA,NA,NA,NA,NA,NA,NA,NA,NA,NA,NA,NA,NA,NA,NA,0.00311859385041234,NA,NA,NA,NA,NA,NA,NA,NA,NA,NA
"B7Z4C7",0.00235554465054573,NA,NA,NA,NA,NA,0.00609000728114369,NA,NA,NA,NA,NA,NA,NA,NA,NA,NA,0.00513512588831653,NA,NA,NA,NA,NA,NA,NA,NA,NA,NA,0.00767889807030366,NA,NA,NA,NA
"B7Z4C8",NA,NA,0.0223208807543002,0.0195594711248091,0.0214862957378409,0.0204570283991981,NA,0.029202554775607,0.013541018058204,NA,NA,NA,0.0129211449696757,0.016666667,0.024893620368811,0.0181741329115479,0.0311749776701674,NA,NA,0.0152460766956668,NA,0.0217013728504432,0.0228796831019104,0.0127547652048809,0.0189187227082328,NA,NA,0.0303746490957689,NA,NA,0.0110783117705624,0.00480412891651386,0.0175479775738941
"B7Z4E3",NA,0.0427007021962282,NA,NA,NA,NA,NA,NA,NA,NA,NA,0.0240944219138788,NA,NA,NA,NA,NA,NA,NA,NA,NA,NA,NA,NA,NA,NA,NA,NA,NA,NA,NA,NA,NA
"B7Z4F6",NA,NA,NA,NA,NA,0.00481112104198831,NA,NA,NA,NA,NA,NA,NA,NA,NA,NA,NA,NA,NA,NA,NA,NA,NA,NA,NA,NA,NA,NA,NA,NA,NA,NA,NA
"B7Z4L4",0.00187360477947246,0.00645972800100259,0.00867418177746526,NA,0.00275021707563828,0.00438868754377868,NA,0.00148362360276164,0.00708179696748302,NA,NA,0.00872384249186984,0.00426885789802514,0.009578544,NA,0.00394213177341049,NA,NA,0.00198143681448122,0.00476792126324855,NA,0.00709077826477355,0.00234432268870328,0.00691823087436302,0.0039577103416546,NA,0.00239982584982978,0.00208025642716036,NA,NA,NA,0.00287143337538759,0.00177770298668125
"B7Z551",NA,NA,0.00156436035723402,NA,NA,NA,NA,NA,NA,NA,NA,NA,NA,NA,NA,NA,NA,NA,NA,NA,NA,NA,NA,NA,NA,NA,NA,NA,NA,NA,NA,NA,NA
"B7Z553",NA,0.0421335196290535,0.0992897299948999,0.0232668221467336,0.0586259606091223,0.134708861668935,NA,0.100243017804252,0.0852361384794348,NA,NA,0.0909446330306051,NA,NA,NA,NA,0.0231774750614286,0.0219352302584347,0.0657717970688278,0.0723024170445072,NA,NA,NA,NA,0.0771587135913793,NA,NA,0.0451649190812747,NA,NA,NA,0.046261980678639,NA
"B7Z596",NA,NA,NA,NA,NA,NA,NA,NA,NA,NA,NA,0.00312914585799386,0.00892733690039108,NA,NA,NA,NA,NA,NA,NA,NA,0.00957490831632043,0.00185414596891747,NA,NA,NA,NA,NA,NA,NA,NA,NA,NA
"B7Z5N5",NA,NA,NA,NA,0.0064012645776863,NA,NA,0.00154427046404877,NA,NA,NA,0.00367542086163776,NA,NA,NA,NA,NA,NA,NA,NA,NA,NA,NA,NA,NA,NA,NA,NA,NA,NA,NA,NA,NA
"B7Z5V6",NA,NA,NA,NA,NA,NA,NA,0.00305062377022717,0.00392931362552701,NA,NA,0.00363029767113099,0.00230734746368375,0.006138393,NA,NA,NA,NA,NA,NA,NA,NA,NA,NA,NA,NA,0.00266307196143945,NA,NA,NA,NA,NA,NA
"B7Z638",NA,NA,NA,NA,NA,NA,NA,NA,NA,NA,NA,NA,NA,0.003144654,NA,NA,NA,NA,NA,NA,NA,NA,NA,NA,NA,NA,NA,NA,NA,NA,NA,NA,NA
"B7Z645",NA,0.00474979994239848,0.00608027332607554,0.00219200930045996,0.00680394408052359,0.00286574745435745,0.00340594186615142,NA,0.00392555003487382,NA,0.00352821419981121,0.00299174006685722,0.00413731237270106,0.00152658,0.0024539925254112,0.00301741652738598,NA,0.00127640320660986,0.00664774632833496,0.00726847877198216,NA,0.00242678677726621,0.00365777100789167,0.00170168259736491,0.00424040358613936,NA,0.00394639742663079,0.00323562560292584,NA,NA,NA,0.00370394916918644,0.00271099684589772
"B7Z6G1",NA,NA,NA,NA,NA,NA,NA,NA,NA,NA,NA,NA,0.039962304221744,NA,NA,NA,0.0121860947175813,NA,NA,NA,NA,NA,NA,NA,NA,NA,NA,NA,NA,NA,NA,NA,0.0337037994866665
"B7Z6I1",NA,NA,NA,NA,NA,NA,NA,NA,NA,NA,NA,NA,NA,NA,NA,NA,NA,NA,NA,NA,NA,NA,NA,NA,NA,NA,NA,NA,NA,NA,0.00963757154785283,NA,0.0179552104169804
"B7Z6P1",NA,NA,NA,NA,0.0106824810519646,0.0108752623251041,NA,0.0202630199134474,NA,NA,0.0104075166851712,NA,0.0115431782507632,0.014468776,NA,NA,NA,NA,NA,NA,0.0101848564682609,NA,NA,NA,NA,NA,0.00834358406685262,NA,NA,NA,NA,NA,0.00745935590470791
"B7Z6Z4",NA,0.00729233978321954,0.00944770545905968,0.0113603822512495,0.0143998831506106,0.0103927159725271,NA,0.00984407628830681,0.00739635428319831,NA,0.0149034925094351,0.0115470143671686,0.0112240631829098,0.015493697,0.00383999371853941,0.00933013038306322,NA,NA,0.0071934178936954,0.0088183127310438,0,0.00578196697676423,0.00749838350332256,0.00895742891400149,0.00305091801641837,0.00314871765862114,0.00495059332170092,0.012759418760032,0.00930286724070527,0.00293194224457088,0.00705970802941942,0.0097841590205632,0.0143227595645825
"B7Z766",NA,NA,NA,NA,NA,NA,NA,NA,NA,NA,NA,NA,NA,NA,NA,NA,NA,NA,NA,0.00195676951075792,NA,NA,NA,NA,NA,NA,NA,NA,NA,NA,NA,NA,NA
"B7Z792",NA,NA,NA,NA,NA,NA,NA,NA,NA,NA,NA,NA,NA,NA,NA,0.000862119007824567,NA,NA,NA,NA,NA,NA,NA,NA,NA,NA,NA,NA,NA,NA,NA,NA,NA
"B7Z7C7",NA,NA,NA,NA,NA,NA,NA,NA,NA,NA,NA,NA,NA,0.008130081,NA,NA,NA,NA,NA,NA,NA,NA,NA,NA,NA,NA,NA,NA,NA,NA,NA,NA,NA
"B7Z7P8",NA,NA,0.00121056079800091,NA,0.0022321192674844,NA,NA,NA,NA,NA,NA,NA,NA,NA,NA,NA,NA,NA,NA,NA,NA,NA,NA,NA,NA,NA,NA,NA,NA,NA,NA,NA,NA
"B7Z7V0",NA,NA,NA,NA,NA,NA,NA,NA,NA,NA,NA,NA,NA,NA,NA,NA,NA,NA,NA,NA,NA,NA,NA,0.00245465552245143,NA,NA,NA,NA,NA,NA,NA,NA,NA
"B7Z8B3",NA,NA,NA,NA,0.010152543144755,NA,NA,NA,NA,NA,NA,NA,0.0055574816184677,0.005376344,NA,NA,NA,NA,NA,NA,NA,NA,NA,NA,NA,NA,NA,NA,NA,NA,NA,NA,NA
"B7Z8F0",NA,NA,NA,NA,NA,NA,NA,NA,0.00730428361812177,NA,NA,NA,NA,NA,NA,NA,NA,NA,NA,NA,NA,NA,NA,NA,NA,NA,NA,NA,NA,NA,NA,NA,NA
"B7Z8Q4",NA,NA,NA,NA,NA,NA,NA,NA,NA,NA,NA,NA,NA,NA,NA,NA,NA,NA,0.00546906752151591,NA,NA,NA,NA,NA,NA,NA,NA,NA,NA,NA,NA,NA,NA
"B7Z8Y3",NA,NA,NA,NA,NA,NA,NA,0.000968064692360276,NA,NA,NA,NA,0.00172281967385396,NA,NA,NA,NA,NA,NA,NA,NA,NA,NA,NA,NA,NA,NA,NA,NA,NA,NA,NA,NA
"B7Z938",NA,NA,NA,NA,NA,0.00175600844270232,NA,NA,NA,NA,NA,NA,NA,NA,NA,NA,NA,NA,NA,NA,NA,NA,NA,NA,NA,NA,NA,NA,NA,NA,NA,NA,NA
"B7Z9C2",NA,NA,0.00289849425044259,NA,0.00890741982199974,NA,NA,0.0042977343629499,0.00664276390786089,NA,NA,NA,0.007801446214463,0.011320755,NA,NA,NA,NA,0.0092458199327963,0.0100882336517187,NA,NA,NA,0.00715091999972969,NA,NA,0.00675314977041686,NA,NA,NA,NA,0.00314232326932705,NA
"B7ZAP6",NA,NA,NA,NA,NA,NA,NA,NA,NA,NA,NA,NA,NA,NA,NA,NA,NA,NA,NA,NA,NA,0.0141832323095787,NA,NA,NA,NA,NA,NA,NA,NA,NA,NA,NA
"B7ZAR1",NA,0.00180737921446663,0.00489871909005875,NA,0.00300625213631922,0.000528710848266874,NA,0.00216933229685137,NA,NA,NA,0.00245494898918978,0.00202080195068664,0.000898455,0.00244243831743597,NA,NA,NA,0.00194842289565605,0.00753507836862993,NA,NA,NA,0.00282553706722307,NA,NA,0.00103769781440601,NA,NA,NA,NA,0.00255222682154617,0.00169111495807815
"B7ZAY6",NA,NA,NA,NA,NA,NA,NA,NA,NA,NA,NA,NA,NA,NA,NA,NA,NA,NA,NA,NA,NA,0.00591855602676243,NA,NA,NA,NA,NA,NA,NA,NA,NA,NA,NA
"B7ZAY8",NA,NA,NA,NA,0.00188084977688672,NA,NA,NA,NA,NA,NA,NA,NA,NA,NA,NA,NA,NA,NA,NA,NA,NA,NA,NA,NA,NA,NA,NA,NA,NA,NA,NA,NA
"B7ZB78",NA,NA,0.00867910581623303,NA,NA,NA,NA,NA,NA,NA,NA,NA,0.00438004900210139,NA,NA,NA,NA,NA,NA,NA,NA,NA,NA,NA,NA,NA,NA,NA,NA,NA,NA,NA,NA
"B7ZBH1",NA,NA,NA,NA,0.0136838630741746,NA,NA,0.0330115836593818,NA,NA,NA,NA,0.0599241500746481,0.072463768,NA,NA,NA,NA,NA,NA,NA,NA,NA,NA,NA,NA,NA,NA,NA,NA,NA,NA,NA
"B7ZBK6",NA,NA,NA,NA,0.00575723494723135,NA,NA,NA,NA,NA,NA,NA,NA,NA,NA,NA,NA,0.007222575657905,NA,NA,NA,NA,NA,NA,NA,0.0121852794771487,NA,0.0120387328311875,NA,NA,NA,0.0114244522917628,NA
"B7ZC06",NA,NA,NA,NA,NA,NA,NA,NA,NA,NA,NA,0.000848395565403788,NA,NA,NA,NA,NA,NA,NA,NA,NA,NA,NA,NA,NA,NA,NA,NA,NA,NA,NA,NA,NA
"B7ZKJ8",NA,NA,0.00201843087896198,0.00239674798867788,0.00141081861647833,NA,NA,0.000878328512077393,0.00489068219420537,NA,NA,NA,NA,NA,NA,NA,NA,NA,0.00101226933481722,NA,NA,0.000543928858007595,NA,NA,0.00252898087194109,NA,NA,0.000581562215557225,NA,NA,NA,NA,NA
"B8YAC7",NA,NA,NA,NA,NA,NA,NA,0.00213376947231283,NA,NA,NA,NA,NA,NA,NA,NA,NA,NA,NA,0.0120899126593007,NA,NA,NA,NA,NA,NA,NA,NA,NA,NA,NA,NA,NA
"B8ZZ51",NA,NA,0.027362372389396,NA,0.0312326328430781,0.0152256503231351,NA,0.010432668732459,0.00671882611016844,NA,NA,0.0165534202645192,0.0144664219094968,0.019083969,0.00823453116881794,NA,NA,NA,0.0160314665761324,0.00844448102181029,NA,NA,0.00778458175175907,0.00663006675438721,NA,NA,0.00683047593331764,NA,NA,NA,NA,0.019069823645219,NA
"B8ZZ54",NA,NA,0.108950481037293,NA,0.0401781496472787,NA,NA,0.0290782889805372,0.0187269405606257,NA,NA,NA,0.0219934385101778,NA,NA,0.0558543097975822,NA,NA,0.0446834476280536,NA,NA,NA,NA,0.110877294415418,NA,NA,NA,NA,NA,NA,NA,NA,NA
"B8ZZA1",NA,NA,0.0138396561615763,NA,0.0340247396981985,0.0161721098465176,0.0198307327412273,0.01983669060077,0.00892060321674186,NA,NA,0.0109890099578755,0.0139688058754994,0.043018018,0.0145773458343911,0.0283800278455378,NA,NA,0.0141900144477994,0.0448470403548661,NA,0.0152496140863469,NA,NA,0.0265884754499896,NA,NA,NA,NA,NA,NA,NA,NA
"B8ZZA8",NA,NA,0.0121199356219312,NA,NA,NA,NA,NA,NA,NA,NA,NA,NA,NA,NA,NA,NA,NA,NA,NA,NA,NA,NA,NA,NA,NA,NA,NA,NA,NA,NA,NA,NA
"B8ZZB2",NA,NA,NA,NA,NA,NA,NA,NA,NA,NA,NA,NA,NA,0.002512563,NA,NA,NA,NA,NA,NA,NA,NA,NA,NA,NA,NA,NA,NA,NA,NA,NA,NA,NA
"B8ZZJ2",NA,NA,NA,0.0126201733768468,0.0285062640307532,0.0421713765135791,NA,0.0472574232258194,NA,NA,NA,NA,NA,NA,0.0555225355577726,NA,NA,NA,NA,NA,0.148108182817344,NA,0.0187459592681965,NA,0.0162756664018107,NA,NA,0.0435518861864308,NA,NA,NA,NA,NA
"B8ZZK4",NA,NA,NA,NA,NA,NA,NA,NA,NA,NA,NA,NA,NA,NA,0.0204820930225742,NA,NA,NA,0.0398757358456592,NA,NA,NA,NA,NA,NA,NA,0.0320917078454381,NA,NA,NA,NA,0.0158110567508803,NA
"B8ZZL6",NA,NA,0.00585219754454016,0.00484329791214195,NA,0.00455899506451653,NA,NA,NA,NA,NA,0.00877725368170943,0.00590680942433507,0.02,NA,NA,NA,NA,NA,0.00632129736110938,NA,NA,NA,NA,NA,NA,0.00511309923971452,NA,NA,NA,NA,NA,NA
"B8ZZL8",NA,NA,0.0101399456321431,NA,NA,NA,NA,NA,NA,NA,NA,NA,NA,NA,NA,NA,NA,NA,NA,NA,NA,NA,NA,0.00938115709704746,NA,NA,NA,NA,NA,NA,NA,NA,NA
"B8ZZP4",NA,NA,NA,0.00959521209638296,NA,NA,NA,NA,NA,NA,NA,0.0102287638359251,0.00975180725123296,0.018867925,NA,NA,NA,NA,NA,NA,NA,NA,0.0048102837376073,NA,NA,NA,NA,NA,NA,NA,NA,NA,NA
"B8ZZQ6",NA,0.0467810484705707,0.0676315250000073,NA,NA,0.11289963631301,0.0861410434103061,0.219184458888283,0.243568004087125,NA,NA,0.0995599703883524,0.214539765729275,0.305031447,0.0407065491053889,0.0297187086519455,NA,NA,0.272091286258816,0.170456358649793,NA,0.0745216965132873,NA,NA,0.0897152022832204,NA,0.092855807106251,0.0186259643941145,NA,NA,NA,0.0602278611354564,0.0758710141050984
"B8ZZT4",NA,NA,NA,NA,NA,NA,NA,NA,NA,NA,NA,NA,0.0104413291640115,NA,NA,NA,NA,NA,NA,NA,NA,NA,NA,NA,NA,NA,NA,NA,NA,NA,NA,NA,NA
"B9A025",NA,NA,0.00237618257330425,NA,NA,NA,NA,NA,NA,NA,NA,NA,NA,NA,NA,NA,NA,NA,NA,NA,NA,NA,NA,NA,NA,NA,NA,NA,NA,NA,NA,NA,NA
"B9A067",NA,NA,0.000506495967760064,NA,NA,NA,NA,NA,NA,NA,NA,NA,NA,NA,NA,NA,NA,NA,NA,NA,NA,0.00153476624525607,NA,NA,NA,NA,NA,NA,NA,NA,NA,NA,NA
"B9EJB8",NA,0.00902136613014195,0.00587489953442478,NA,0.00745269464361639,0.00642794348630512,NA,NA,0.00587626853576083,NA,NA,NA,0.00320145038161301,NA,NA,NA,NA,NA,NA,NA,NA,NA,0.00443587960242155,NA,NA,NA,NA,NA,NA,NA,NA,NA,NA
"B9VP19",NA,NA,NA,NA,NA,NA,NA,NA,NA,NA,NA,NA,NA,0.010869565,NA,NA,NA,NA,NA,NA,NA,NA,NA,NA,NA,NA,NA,NA,NA,NA,NA,NA,NA
"B9ZVP7",NA,0.0361034798088942,0.0489608173884519,0.0267655919049347,0.0706759504415456,0.0454899705207009,0.0277255581056018,0.0575444030054566,0.00386037812890674,NA,NA,0.0497740039345844,0.0405121609616996,0.04371345,0.037849948903219,0.00921106186259808,0.0251815422749364,NA,0.0260980079106539,0.0633978042278478,NA,NA,0.0401053897686879,0.00831137627391842,0.0172591861808572,NA,0.0150440225163604,0.0346377571865849,NA,NA,NA,0.0328703542544458,0.040700037960928
"B9ZVT1",NA,NA,NA,NA,NA,NA,NA,NA,NA,NA,NA,0.00104121190153042,NA,0.000320102,NA,NA,NA,NA,NA,NA,NA,NA,NA,NA,NA,NA,NA,NA,NA,NA,NA,NA,NA
"C1KH65",NA,NA,NA,NA,NA,NA,NA,NA,NA,NA,NA,NA,NA,NA,NA,NA,NA,NA,NA,NA,NA,NA,NA,NA,NA,NA,NA,NA,NA,NA,NA,NA,0.021090019982795
"C6GLT6",NA,NA,NA,NA,NA,NA,NA,NA,NA,NA,NA,0.0394272358590744,NA,NA,NA,NA,NA,NA,NA,NA,NA,NA,NA,NA,NA,NA,NA,NA,NA,NA,NA,NA,NA
"C7FFS5",NA,NA,NA,NA,NA,NA,NA,NA,NA,NA,NA,NA,NA,NA,NA,NA,NA,NA,NA,NA,NA,NA,NA,NA,NA,NA,NA,NA,NA,NA,NA,NA,0.037765848894994
"C8C504",NA,0.0289944347990252,NA,NA,NA,NA,NA,0.017315015556209,NA,NA,NA,NA,NA,NA,0.0542824252528343,NA,NA,NA,0.0300759751168807,NA,NA,NA,NA,0.0852859751277988,NA,NA,0.0260983477108259,0.0708716399031509,NA,0.0325070877769439,0.0301564977050806,0.049819749947111,NA
"C9IY88",NA,NA,NA,NA,NA,NA,NA,NA,NA,NA,NA,NA,NA,0.011363636,NA,NA,NA,NA,NA,NA,NA,NA,NA,NA,NA,NA,NA,NA,NA,NA,NA,NA,NA
"C9IYT0",NA,NA,0.00347332456985427,NA,NA,NA,NA,0.00117715755471299,NA,NA,NA,NA,NA,NA,NA,NA,NA,NA,NA,NA,NA,NA,NA,NA,NA,NA,NA,NA,NA,NA,NA,0.00161378959763289,NA
"C9IZ01",NA,NA,NA,NA,NA,NA,NA,0.0016357623720137,NA,NA,NA,NA,NA,NA,NA,NA,NA,NA,NA,NA,NA,NA,NA,NA,NA,NA,NA,NA,NA,NA,NA,NA,NA
"C9IZA5",NA,NA,NA,NA,NA,NA,NA,NA,NA,NA,0.0162409854794194,0.0258154525152626,NA,NA,NA,NA,NA,NA,NA,NA,NA,NA,0.00809349356416535,NA,NA,NA,NA,0.0156694618429536,NA,NA,NA,NA,0.0147295377068434
"C9IZG3",NA,NA,NA,NA,0.00221640045017343,NA,NA,NA,NA,NA,NA,NA,NA,NA,NA,NA,NA,NA,NA,NA,NA,NA,NA,NA,NA,NA,0.00315067740512783,NA,NA,NA,NA,NA,NA
"C9IZG4",NA,NA,NA,NA,NA,NA,NA,NA,NA,NA,NA,0.00570657378237903,NA,NA,NA,NA,NA,NA,NA,NA,NA,NA,NA,NA,NA,NA,NA,NA,NA,NA,NA,NA,NA
"C9IZL7",NA,0.0212376506676407,0.00822411050103434,NA,0.0209819226250518,NA,NA,NA,NA,NA,NA,0.016428014941281,NA,0.024242424,NA,0.0254560247474994,NA,NA,0.00636400618687485,0.021023101531382,NA,0.0152783302981076,0.0231768225719081,0.00502460435980196,NA,NA,0.00987757754798032,0.011965770646508,NA,NA,NA,0.00958884723132986,NA
"C9IZQ1",NA,NA,NA,NA,NA,NA,NA,NA,NA,NA,NA,NA,NA,NA,NA,NA,NA,NA,NA,NA,NA,NA,NA,NA,NA,NA,0.00401252168444982,NA,NA,NA,NA,NA,NA
"C9J013",NA,NA,NA,NA,NA,NA,NA,0.0401964577606722,NA,NA,NA,NA,NA,NA,NA,NA,NA,NA,NA,NA,NA,NA,NA,NA,NA,NA,NA,NA,NA,NA,NA,NA,NA
"C9J035",NA,NA,NA,NA,NA,NA,NA,NA,NA,NA,NA,NA,NA,0.02,NA,NA,NA,NA,NA,NA,NA,NA,NA,NA,NA,NA,NA,NA,NA,NA,NA,NA,NA
"C9J066",NA,NA,NA,NA,NA,NA,NA,NA,NA,NA,NA,NA,NA,NA,NA,NA,NA,NA,NA,0.000420219125306738,NA,NA,NA,NA,NA,NA,NA,NA,NA,NA,NA,NA,NA
"C9J0J7",NA,NA,0.0196948943615036,NA,0.0311270284125291,NA,NA,0.0200246090410517,NA,NA,NA,NA,NA,0.032967033,NA,NA,NA,NA,NA,NA,NA,NA,NA,NA,NA,NA,NA,NA,NA,NA,NA,0.00457536027807345,NA
"C9J0K6",NA,NA,0.0137652486922265,NA,NA,NA,NA,NA,NA,NA,NA,NA,NA,NA,NA,NA,NA,NA,NA,NA,NA,0.00364022981864099,NA,0.0056034756813695,NA,NA,NA,NA,NA,NA,NA,NA,NA
"C9J0S9",NA,0.0313486794214783,NA,0.0160747382603481,NA,0.0103166905165572,NA,NA,0.0113814590033777,NA,NA,NA,0.0267334034211805,0.031609195,NA,NA,0.017468737042141,0.0153168408483231,NA,NA,NA,NA,NA,NA,0.0127212097746445,0.0172274637093785,0.011570589941442,0.00567342536312232,NA,NA,NA,NA,NA
"C9J164",NA,NA,0.0011717788720321,NA,NA,NA,NA,NA,NA,NA,NA,NA,NA,NA,NA,NA,NA,NA,NA,NA,NA,NA,NA,NA,NA,NA,NA,NA,NA,NA,NA,NA,NA
"C9J1B1",NA,NA,NA,NA,0.0218128898577271,NA,NA,NA,0.0174290334056584,NA,NA,0.0107351384764807,NA,0.014851485,NA,NA,NA,NA,NA,NA,NA,NA,NA,NA,NA,NA,NA,NA,NA,NA,NA,NA,NA
"C9J1E1",NA,NA,NA,NA,NA,NA,NA,NA,NA,NA,NA,NA,NA,NA,NA,NA,NA,NA,NA,NA,NA,NA,0.00809349356416535,NA,NA,NA,NA,NA,NA,NA,NA,NA,NA
"C9J1G2",NA,NA,NA,NA,NA,NA,NA,NA,NA,NA,NA,NA,NA,0.008196721,NA,NA,NA,NA,NA,NA,NA,NA,NA,NA,NA,NA,NA,NA,NA,NA,NA,NA,NA
"C9J1H7",NA,NA,NA,NA,NA,NA,0.00798160065134196,0.00690242243545026,NA,NA,NA,NA,NA,NA,NA,NA,NA,NA,NA,NA,NA,NA,NA,NA,NA,NA,NA,NA,NA,NA,NA,NA,NA
"C9J1K7",NA,NA,NA,0.0175360774549572,NA,NA,NA,NA,NA,NA,NA,NA,NA,NA,NA,NA,NA,NA,NA,NA,NA,NA,NA,NA,NA,NA,NA,NA,NA,NA,NA,NA,NA
"C9J1Z8",NA,NA,NA,NA,NA,NA,NA,NA,NA,NA,NA,NA,NA,NA,NA,0.00233346872517524,NA,NA,NA,NA,NA,NA,NA,0.00947496876276763,NA,NA,NA,NA,NA,NA,NA,NA,NA
"C9J2C0",NA,0.00587496850264103,0.012434123706235,0.00152661619194555,0.0184902946346515,0.00603541243522853,0.00320490783318946,0.0038291536959394,0.00412181565437387,0.00306535396360979,NA,NA,0.00612337298248483,0.00520333,0.00854896182491462,0.0035304647966249,NA,NA,0.00268987729024786,0.00451629666126806,NA,NA,0.00710221521951548,0.00394411113698973,0.0025200728020598,NA,0.0109969180034495,0.00553172610742085,NA,NA,NA,0.00859912887981643,0.00217125583064996
"C9J2Z7",NA,0.00298722340616725,0.00231355674746203,NA,0.00236994595165978,0.00120154223695549,NA,NA,0.00265110282968909,NA,NA,0.0136075428459847,0.00259460725757479,0.004607717,NA,NA,NA,NA,0.00395354278663801,NA,NA,NA,NA,NA,NA,NA,NA,NA,NA,NA,NA,NA,0.00279506267686131
"C9J3C1",NA,NA,NA,NA,NA,NA,NA,NA,NA,NA,NA,NA,NA,NA,NA,NA,NA,NA,NA,NA,NA,NA,NA,0.00509406914578931,NA,NA,NA,NA,NA,NA,NA,NA,NA
"C9J3E3",NA,NA,NA,NA,NA,NA,NA,NA,NA,NA,NA,NA,NA,NA,NA,NA,NA,NA,NA,NA,NA,0.00335854530121809,NA,NA,NA,NA,NA,NA,NA,NA,NA,NA,NA
"C9J3N8",NA,0.0469074837608312,0.0645850596977088,NA,0.039341105630112,0.037734923241149,0.129798076628234,0.100551499249101,0.0257706316128283,NA,0.0811171375563433,0.0598290548174605,0.0349220136550569,NA,0.0728867270145082,0.0354750350694375,0.118661513096293,NA,NA,0.0610418040363294,NA,0.0609984540884449,0.0137808137518741,0.0490820455805073,0.0199413563415488,NA,0.0846425173286047,0.0844880439945265,NA,NA,0.0389237969969713,0.0450116564714087,0.0407550382015807
"C9J3R0",NA,NA,NA,NA,0.00327842523312937,0.00226654565587732,NA,0.00345121121772513,NA,NA,NA,NA,NA,NA,NA,NA,NA,NA,NA,NA,NA,NA,NA,NA,NA,NA,NA,NA,NA,NA,NA,NA,NA
"C9J4G9",NA,NA,0.00245595855580312,NA,0.00679270920503205,NA,NA,0.00327740875511754,NA,NA,NA,0.00780035292518511,NA,NA,NA,NA,NA,NA,NA,NA,NA,NA,NA,NA,NA,NA,NA,NA,NA,NA,NA,NA,NA
"C9J4L5",NA,NA,NA,NA,0.0116566237854939,NA,NA,0.0112483914758717,NA,NA,NA,0.013385790072627,NA,NA,NA,NA,NA,NA,NA,NA,NA,NA,NA,NA,NA,NA,NA,NA,NA,NA,NA,NA,NA
"C9J4P8",NA,NA,NA,NA,NA,0.00433600083610067,NA,NA,NA,NA,NA,NA,NA,NA,NA,NA,NA,NA,NA,NA,NA,NA,NA,NA,NA,NA,NA,NA,NA,NA,NA,NA,NA
"C9J4S4",NA,0.0101199823471771,NA,NA,0.0192691125570361,NA,NA,0.0278914198008305,NA,NA,NA,NA,0.0158218097028434,0.010204082,NA,NA,NA,NA,0.0107149088687465,0.0112880308439486,NA,NA,NA,NA,NA,NA,NA,NA,NA,NA,NA,NA,0.0094689887909596
"C9J4W5",NA,NA,0.00556594887405157,NA,0.022519728664369,NA,NA,0.0121482625023832,NA,NA,NA,NA,NA,0.011594203,0.00312673523301341,NA,NA,NA,0.00608730985481293,0.010274016729905,NA,NA,0.00842427150321107,0.00823910310718978,NA,NA,0.00466848140876977,0.00343365608774877,NA,NA,NA,NA,NA
"C9J4Z3",NA,NA,NA,NA,0.0138850956604223,NA,NA,0.00669940947492542,NA,NA,NA,0.0159448378080156,0.0304026943503228,NA,0.0158635812797283,NA,NA,NA,NA,0.0244020663194625,NA,NA,NA,NA,NA,NA,NA,NA,NA,NA,NA,NA,NA
"C9J544",NA,NA,NA,NA,NA,NA,NA,NA,NA,NA,NA,NA,NA,NA,NA,NA,NA,NA,NA,0,NA,NA,NA,NA,NA,NA,NA,0,NA,NA,NA,NA,NA
"C9J592",NA,0.0132234427936813,0.0360722933891738,NA,0.0188837305513839,NA,NA,0.0111359073697779,NA,NA,0.00545697135027771,0.00722832700786324,0.0172281936374648,0.026666667,NA,NA,NA,NA,NA,0.0184371167501222,NA,0.0150462849807056,0.00679853487943735,0.0184235499509384,NA,NA,0.0149132056684379,NA,NA,NA,NA,0.0166543129110755,NA
"C9J5S7",NA,NA,0.0324450332080245,0.0147100157346074,0.0280914998845495,0.0230775566392863,0.0130608001080403,NA,0.0442507797333185,0.00439536306420516,NA,0.0224018387534285,0.0720451722653712,0.037419651,NA,0.0332663965496064,NA,NA,0.0412214037581694,0.0350457586638263,NA,0.0264242615173514,0.037925709570415,0.0156611057532098,0.00858204731269662,0.00825779286042034,0.0295799112635762,0.0190364539294656,NA,0.0346017595580935,0.0555441507744819,0.0298217722834856,0.0345109417056681
"C9J5V9",NA,NA,NA,NA,0.0200281988693676,0.00846177103367967,NA,0.00644226051456438,0.00933509636265924,NA,0.00992176549610808,0.0120472109569394,0.0187943924952208,0.018181818,NA,NA,NA,NA,0.0111370113520615,0.00446960392654757,NA,0.00341961027418178,NA,NA,NA,NA,0.0108459674334849,0.0104700498092825,NA,NA,NA,NA,0.00421800436774335
"C9J5W6",NA,NA,NA,NA,0.0246309533446769,0.0104064010492527,0.0137422331205095,0.00726254796772655,0.0267876671727254,NA,0.0328604566502214,0.0188565039179488,NA,0.021014493,NA,0.00913096530724991,0.0308361193824243,NA,0.00913096530724991,NA,NA,NA,NA,NA,NA,NA,NA,0.00429206986289194,NA,NA,NA,0.0217230172387886,0.00806922477868028
"C9J6B6",NA,NA,NA,NA,NA,NA,NA,0.00250002319576164,NA,NA,NA,NA,NA,NA,NA,NA,NA,NA,NA,NA,NA,NA,NA,NA,NA,NA,NA,NA,NA,NA,NA,NA,NA
"C9J6D1",NA,NA,NA,NA,NA,NA,NA,0.0102373000663049,NA,NA,NA,NA,NA,NA,NA,NA,NA,NA,NA,NA,NA,NA,NA,NA,NA,NA,NA,NA,NA,NA,NA,NA,NA
"C9J6I8",NA,NA,NA,NA,NA,NA,NA,NA,NA,NA,NA,NA,NA,NA,0,NA,NA,NA,NA,NA,NA,NA,NA,NA,NA,NA,NA,NA,NA,NA,NA,NA,NA
"C9J6K0",NA,NA,NA,NA,NA,NA,NA,NA,NA,0.00405983967771402,NA,NA,NA,NA,NA,0.0120235999320993,NA,NA,NA,NA,NA,NA,NA,NA,NA,NA,NA,NA,NA,NA,NA,NA,NA
"C9J6P4",NA,NA,NA,NA,NA,NA,NA,NA,NA,NA,0.00127631895996354,NA,NA,0.001386001,NA,NA,NA,NA,NA,NA,NA,NA,NA,NA,NA,NA,NA,NA,NA,NA,NA,NA,NA
"C9J719",NA,NA,NA,NA,NA,NA,NA,NA,NA,NA,NA,NA,NA,NA,NA,NA,NA,NA,NA,0.0283647948299992,NA,NA,NA,NA,NA,NA,NA,NA,NA,NA,NA,NA,NA
"C9J792",NA,NA,0.00825914921533589,NA,0.0203050862895099,NA,NA,0.0293909588426944,NA,NA,NA,0.0080152814353559,0.0166724448554031,0.032258065,NA,NA,NA,NA,NA,0.02676355560927,NA,NA,NA,NA,NA,NA,NA,NA,NA,NA,NA,NA,NA
"C9J7B1",NA,NA,0.015755915284376,NA,NA,NA,NA,NA,NA,NA,NA,NA,0.0318058955485152,NA,NA,NA,NA,NA,NA,0.0170188762342633,NA,0.0347221972377919,NA,NA,NA,NA,NA,NA,NA,NA,NA,0.0256220200553583,NA
"C9J7B7",NA,NA,NA,NA,NA,NA,NA,NA,NA,NA,NA,NA,NA,0.006944444,NA,NA,NA,NA,NA,NA,NA,NA,NA,NA,NA,NA,NA,NA,NA,NA,NA,NA,NA
"C9J7H8",NA,NA,NA,0.00249287340186368,NA,NA,NA,NA,NA,NA,NA,NA,NA,NA,NA,NA,NA,NA,NA,NA,NA,NA,NA,0.00812803657585574,NA,NA,NA,NA,NA,NA,NA,NA,0.00739184489563135
"C9J7S3",NA,NA,NA,NA,NA,NA,NA,NA,NA,NA,NA,NA,NA,NA,NA,NA,NA,NA,NA,0.00632129736110938,NA,NA,0.0058273156109463,NA,NA,NA,NA,NA,NA,NA,NA,NA,NA
"C9J813",NA,0.000960308588951531,0.00251013322359382,0.00110794429921303,0.00201705340442121,0.00203219440144922,0.0028692031652816,0.00148875776233006,0.00134230097755038,NA,0.00297220641806604,0.00232938970259401,0.00980893525106449,NA,NA,0.00152514329392493,NA,NA,NA,NA,NA,NA,0.00222174307139554,0.000344043695751103,NA,NA,NA,0.00107535559228791,NA,NA,NA,0.000863902511911056,0.00241320492371335
"C9J830",NA,NA,NA,NA,0.0151842859363057,NA,0.00924185305305767,0.0269739386525554,NA,NA,0.0143604504909699,0.0380438241316112,0.0362698803083396,0.043859649,0.00709686508225244,NA,NA,NA,NA,0.0145556184869386,NA,NA,NA,NA,NA,NA,NA,NA,NA,NA,NA,NA,NA
"C9J8H1",NA,NA,NA,NA,NA,NA,NA,NA,NA,NA,NA,NA,NA,0.007389163,NA,NA,NA,NA,NA,NA,NA,NA,0.00502354730750394,NA,NA,NA,NA,NA,NA,NA,NA,NA,0.0123423370305371
"C9J8M6",NA,NA,0.00355602240813609,NA,NA,NA,NA,NA,NA,NA,NA,NA,NA,NA,NA,NA,NA,NA,NA,NA,NA,NA,NA,NA,NA,NA,NA,NA,NA,NA,NA,NA,NA
"C9J8P9",NA,NA,0.0177339307428112,NA,0.0294291903102811,NA,NA,NA,NA,NA,NA,NA,NA,NA,NA,0.0136371562647405,NA,NA,NA,NA,NA,0.0146554727648464,NA,NA,NA,NA,NA,NA,NA,NA,NA,0.0144193182745752,NA
"C9J8U2",NA,NA,NA,NA,NA,NA,NA,NA,NA,NA,0.00362188365405239,NA,NA,0.006882989,NA,NA,NA,NA,NA,NA,NA,NA,NA,NA,NA,NA,NA,NA,NA,NA,NA,NA,NA
"C9J8Z4",NA,NA,NA,NA,NA,NA,NA,0.00817147734639934,NA,NA,NA,NA,NA,0.00896861,NA,NA,NA,NA,NA,NA,NA,NA,NA,NA,NA,NA,NA,NA,NA,NA,NA,NA,NA
"C9J958",NA,NA,NA,NA,NA,NA,NA,NA,NA,NA,NA,0.013553112462088,NA,NA,NA,NA,NA,NA,NA,NA,NA,NA,NA,NA,NA,NA,NA,NA,NA,NA,NA,NA,NA
"C9J9E8",NA,NA,NA,NA,0.00452847248862586,0.00286987060928764,NA,NA,NA,NA,NA,NA,NA,NA,NA,NA,NA,NA,NA,NA,NA,NA,NA,NA,NA,NA,NA,NA,NA,NA,NA,NA,NA
"C9J9J4",NA,NA,NA,NA,NA,NA,NA,NA,NA,NA,NA,NA,NA,NA,NA,NA,NA,NA,NA,NA,NA,NA,NA,NA,NA,NA,NA,NA,NA,0.0031769852368141,NA,NA,NA
"C9J9K3",0.00487305462436415,NA,NA,NA,NA,NA,NA,NA,NA,NA,NA,NA,NA,NA,NA,NA,NA,NA,NA,NA,NA,NA,NA,NA,NA,NA,NA,NA,NA,NA,0.00400050163272314,NA,NA
"C9J9S3",NA,0.0119010988118407,0.0122896142290536,NA,NA,NA,0.0084285698158172,0.0109334365254808,NA,NA,0.019645095878745,0.0325274699090111,0.0165390655611849,0.030666667,NA,NA,NA,NA,0.0126007323760195,NA,NA,NA,NA,NA,NA,NA,NA,NA,NA,NA,NA,NA,NA
"C9J9W2",NA,NA,0.00775859527605557,NA,NA,NA,NA,NA,NA,NA,NA,NA,NA,NA,NA,NA,NA,NA,NA,NA,NA,NA,NA,0.00717800704042869,NA,NA,NA,NA,NA,NA,NA,0.0126169035943427,0.00878750824883451
"C9JA05",NA,0.0141679744926413,NA,0.0290597864557592,NA,0.0341924613882258,NA,0.0238626589098439,0.0188607038182305,NA,NA,NA,NA,NA,NA,NA,NA,NA,NA,0.0316064856993199,NA,NA,NA,NA,NA,0.0142741841877938,NA,0.0141025152637878,NA,NA,0.0274320094127352,NA,0.0132565835649747
"C9JA17",NA,NA,NA,NA,NA,NA,NA,NA,NA,NA,NA,0.0186939478870785,NA,0.048275862,NA,NA,0.0139749894310754,0.00816898241750695,NA,NA,NA,NA,0.00586080519208793,NA,NA,NA,NA,NA,NA,NA,NA,0.0134000218633317,0.0165326361986022
"C9JA28",NA,NA,NA,NA,NA,NA,NA,NA,NA,NA,NA,NA,NA,NA,NA,NA,NA,NA,NA,0.00784558190177436,NA,NA,NA,NA,NA,NA,NA,NA,NA,NA,NA,NA,NA
"C9JAB2",NA,NA,NA,NA,NA,0.00509249445300999,NA,NA,NA,NA,NA,NA,NA,NA,NA,NA,NA,NA,NA,NA,NA,NA,NA,NA,NA,NA,NA,NA,NA,NA,NA,NA,NA
"C9JAK5",NA,NA,0.0167342238802727,NA,0.00925673106973924,NA,NA,NA,NA,NA,NA,0.0141731890422084,0.00675615452978097,NA,NA,NA,NA,NA,NA,NA,NA,NA,NA,0.0087731189791375,NA,NA,NA,NA,NA,NA,NA,NA,NA
"C9JB34",NA,NA,NA,NA,NA,NA,NA,NA,NA,NA,NA,NA,NA,NA,NA,NA,NA,NA,NA,NA,NA,NA,NA,NA,NA,NA,NA,NA,NA,0.0109342218668287,NA,NA,NA
"C9JBD8",NA,NA,NA,NA,NA,NA,NA,NA,NA,NA,NA,NA,NA,0.001633987,NA,NA,NA,NA,NA,NA,NA,NA,NA,NA,NA,NA,NA,NA,NA,NA,NA,NA,NA
"C9JC84",NA,0.00788731736666929,0.0117274913707548,NA,0.0120156780940114,0.00360549554130745,NA,0.00550097545273385,0.0151331128426174,0.00880629943750727,NA,0.00542908518933225,0.00635312954649442,0.005422993,NA,0.00904963808037302,0.007326007,NA,0.0225756999881204,0.0111582549316787,NA,0.0212738808001411,0.00792670749579463,0.0197264396405503,NA,NA,NA,0.0243974084453873,NA,0.0155536757845027,0.0111090144979969,0.0214174072660078,0.00949116241590302
"C9JCF5",NA,NA,NA,NA,NA,NA,NA,NA,NA,NA,NA,NA,NA,NA,NA,NA,0.00278348038432616,NA,NA,NA,NA,NA,NA,NA,NA,NA,NA,NA,NA,NA,NA,NA,NA
"C9JCK5",NA,NA,NA,NA,NA,NA,NA,NA,NA,NA,NA,NA,NA,NA,NA,NA,NA,NA,NA,NA,NA,NA,NA,NA,NA,NA,0.00758298553878874,NA,NA,NA,NA,NA,NA
"C9JCQ4",NA,NA,0.0539304874938586,NA,NA,NA,NA,NA,NA,NA,NA,NA,NA,NA,0.021038934435481,0.0093090514579202,NA,NA,NA,NA,NA,NA,NA,0.00503987706195066,NA,NA,NA,NA,NA,NA,NA,NA,NA
"C9JD14",NA,NA,0.0194455923679256,NA,0.00398390913210421,NA,NA,NA,NA,NA,NA,NA,NA,NA,NA,NA,NA,NA,NA,NA,NA,0.0321400086637887,NA,NA,NA,NA,NA,NA,NA,NA,NA,NA,NA
"C9JD32",NA,NA,NA,NA,NA,NA,NA,NA,0.00644810371150196,NA,0.00899500727948263,NA,NA,NA,NA,NA,NA,NA,NA,NA,NA,NA,NA,NA,NA,NA,NA,NA,NA,NA,NA,NA,NA
"C9JD84",NA,NA,NA,NA,0.000512587535578985,NA,NA,NA,NA,NA,NA,NA,NA,NA,NA,NA,NA,NA,NA,NA,NA,NA,NA,NA,NA,NA,NA,NA,NA,NA,NA,NA,NA
"C9JDL2",NA,0.0281385097559941,NA,NA,NA,NA,NA,0.0139355076374574,NA,NA,NA,NA,0.0425387484842578,NA,NA,NA,NA,NA,NA,NA,NA,0.024148359265801,NA,0.0160840522513328,NA,NA,NA,NA,NA,NA,NA,0.0233515134274376,NA
"C9JDM3",NA,NA,0.00533403361220413,NA,NA,NA,NA,NA,NA,NA,NA,NA,0.00807571560604733,0.0078125,NA,NA,NA,NA,NA,NA,NA,NA,NA,NA,NA,NA,NA,NA,NA,NA,NA,NA,NA
"C9JDS9",NA,NA,NA,NA,NA,NA,NA,NA,NA,NA,NA,NA,NA,NA,NA,NA,NA,NA,NA,NA,NA,0.0124805224364264,NA,NA,NA,NA,NA,NA,NA,NA,NA,NA,NA
"C9JDU5",NA,NA,0.00581894594497442,NA,NA,NA,NA,NA,NA,NA,NA,NA,NA,NA,NA,NA,NA,NA,NA,NA,NA,NA,NA,NA,NA,NA,NA,NA,NA,NA,NA,NA,NA
"C9JDV8",NA,NA,0.0204826903817561,NA,NA,NA,NA,NA,NA,NA,NA,NA,NA,NA,NA,NA,NA,NA,NA,NA,NA,NA,NA,NA,NA,NA,NA,NA,NA,NA,NA,NA,NA
"C9JDW2",NA,NA,NA,NA,NA,NA,NA,NA,NA,NA,NA,NA,NA,NA,NA,NA,NA,NA,NA,NA,NA,NA,NA,NA,NA,NA,NA,0.00288648017687211,NA,NA,NA,NA,NA
"C9JEH7",NA,0.0126177889328391,0.0156356419505888,NA,NA,0.0041109258824414,NA,NA,0.00419926587877218,NA,0.002343164718209,NA,0.00944074980938257,0.008206107,NA,NA,0.00483390595834349,NA,0.00200393332201655,0.00402118154431223,NA,NA,0.00480217648516894,NA,NA,NA,NA,NA,NA,NA,0.00274843561324317,0.00476745611948367,0.00757559228304705
"C9JEV0",NA,0.00436897866503486,NA,0.00448058339807034,0.00255011562485054,NA,NA,NA,0.00193869190998777,NA,NA,NA,NA,NA,NA,NA,NA,NA,NA,NA,NA,NA,NA,NA,NA,NA,NA,NA,NA,NA,NA,0.00183417528766951,NA
"C9JEV6",NA,NA,NA,NA,0.00425309293436808,NA,NA,NA,NA,NA,NA,0.004884005028083,0.00931253690576907,0.004504505,NA,NA,NA,NA,NA,NA,NA,NA,NA,NA,NA,NA,NA,NA,NA,NA,NA,NA,NA
"C9JEV8",NA,NA,NA,NA,NA,NA,NA,NA,NA,NA,NA,0.0172885627694428,NA,NA,NA,NA,NA,NA,NA,NA,NA,NA,NA,NA,NA,NA,NA,NA,NA,NA,NA,NA,NA
"C9JEY1",NA,NA,NA,NA,NA,NA,NA,NA,NA,NA,NA,NA,NA,NA,NA,0.00369739824908138,NA,NA,NA,NA,NA,NA,NA,NA,NA,NA,NA,NA,NA,NA,NA,NA,NA
"C9JF17",NA,NA,NA,NA,NA,NA,NA,NA,NA,NA,NA,NA,NA,NA,NA,NA,NA,NA,NA,0.00643155168581236,NA,NA,NA,NA,NA,NA,NA,NA,NA,NA,NA,NA,NA
"C9JF98",NA,NA,NA,NA,NA,NA,NA,0.001874731760792,NA,NA,NA,NA,NA,NA,NA,NA,NA,NA,NA,NA,NA,NA,NA,NA,NA,NA,NA,NA,NA,NA,NA,NA,NA
"C9JFK9",NA,NA,NA,NA,NA,NA,NA,NA,NA,NA,NA,NA,NA,0.003436426,NA,NA,NA,NA,NA,NA,NA,NA,NA,NA,NA,NA,NA,NA,NA,NA,NA,NA,NA
"C9JFL5",NA,NA,NA,0.0176578559754478,NA,NA,NA,0.0107158374495112,NA,NA,NA,NA,NA,NA,NA,NA,NA,NA,NA,0.0179249745874458,NA,0.0127226122777756,0.00708180635875459,NA,NA,NA,NA,0.0205661681752885,NA,NA,NA,NA,NA
"C9JFR7",NA,NA,NA,NA,0.014022572051396,NA,NA,NA,NA,NA,NA,NA,NA,NA,NA,0.0311899313119114,NA,NA,NA,0.016429113442879,NA,NA,NA,0.0234528927426187,NA,NA,NA,NA,NA,NA,NA,NA,NA
"C9JFV4",NA,NA,NA,NA,NA,NA,NA,NA,NA,NA,NA,0.00149345541091236,NA,0.002754821,NA,NA,NA,NA,NA,NA,NA,NA,NA,NA,NA,NA,NA,NA,NA,NA,NA,NA,NA
"C9JG32",NA,NA,NA,NA,NA,NA,NA,NA,NA,NA,NA,NA,NA,NA,NA,NA,NA,NA,0.00250014491267904,NA,NA,NA,NA,NA,NA,NA,NA,NA,NA,NA,NA,NA,NA
"C9JGM8",NA,NA,NA,NA,NA,NA,NA,NA,NA,NA,NA,NA,0.00535591485801555,NA,NA,NA,NA,NA,NA,NA,NA,NA,NA,NA,NA,NA,NA,NA,NA,NA,NA,NA,NA
"C9JH44",NA,NA,NA,NA,NA,NA,0.00450244085277176,NA,NA,NA,NA,0.0332070565795791,NA,NA,NA,NA,NA,NA,NA,NA,NA,NA,NA,NA,NA,NA,0.00892243058884448,NA,NA,NA,NA,NA,NA
"C9JI87",NA,NA,0.00979363659278264,NA,NA,NA,0.021589574029684,NA,0.0096193029074452,NA,NA,0.00592485804319543,0.0112971761896062,NA,NA,0.0105197371750354,NA,NA,0.0172141156637109,0.00906743394136202,NA,0.00924976523674417,NA,0.00690343760563371,NA,NA,NA,NA,NA,NA,NA,0.00910071764706269,NA
"C9JIF9",NA,NA,NA,NA,NA,NA,NA,NA,NA,NA,NA,NA,0.00147790919102394,NA,NA,NA,NA,NA,NA,NA,NA,NA,NA,NA,NA,NA,NA,NA,NA,0.00228039879990846,NA,NA,NA
"C9JIK8",NA,NA,NA,NA,NA,NA,NA,NA,NA,NA,NA,NA,NA,0.00456621,NA,NA,NA,NA,NA,NA,NA,NA,NA,NA,NA,NA,NA,NA,NA,NA,NA,NA,NA
"C9JIS1",NA,NA,NA,NA,NA,NA,NA,NA,NA,NA,NA,NA,NA,NA,NA,NA,NA,NA,NA,0.00718329155071131,NA,NA,NA,NA,NA,NA,NA,NA,NA,NA,NA,NA,NA
"C9JIZ0",NA,NA,NA,NA,NA,NA,NA,NA,NA,NA,0.0218278845825652,NA,NA,0.053333333,NA,NA,NA,NA,NA,NA,NA,NA,NA,NA,NA,NA,NA,NA,NA,NA,NA,NA,NA
"C9JJK5",NA,NA,NA,NA,NA,NA,NA,NA,NA,NA,NA,NA,NA,NA,NA,NA,NA,NA,NA,NA,NA,0.00444280093651885,NA,NA,NA,NA,NA,NA,NA,NA,NA,0.00655681631654076,NA
"C9JJP5",NA,NA,NA,NA,NA,NA,NA,NA,NA,NA,NA,NA,NA,NA,NA,NA,NA,NA,NA,0.00611175142110379,NA,NA,NA,NA,NA,NA,NA,NA,NA,NA,NA,NA,NA
"C9JKG1",NA,0.0482251238333665,0.0860254838128731,0.0308824630211805,0.0487578593209167,0.0860065689064011,NA,0.0246357722288775,0.104904391261635,0.050920753228237,0.0130618990122913,0.014418204377796,0.0192442581795598,NA,NA,0.0246689872035374,NA,0.0577549927677765,0.0111708621695286,0.0524673258568526,NA,NA,0.00994466483429507,0.0650984114974896,0.0508021381715132,NA,NA,0.0183782779648786,NA,NA,NA,0.0206702464913095,0.0148078863708986
"C9JKR2",0.0282985888455757,NA,NA,NA,NA,NA,NA,NA,NA,NA,NA,NA,0.010753616698863,NA,NA,NA,NA,NA,NA,NA,NA,NA,NA,NA,NA,NA,NA,NA,NA,NA,NA,NA,NA
"C9JKZ2",NA,NA,0.0076714199216563,NA,NA,0.00896431564505694,NA,NA,NA,NA,NA,NA,0.00709775755833967,0.007490637,NA,NA,NA,NA,NA,NA,NA,NA,NA,NA,NA,NA,NA,NA,NA,NA,NA,NA,NA
"C9JL25",NA,NA,NA,NA,NA,NA,NA,0.00953370062558059,NA,NA,NA,NA,NA,NA,NA,NA,NA,NA,NA,NA,NA,0.00752314305458848,NA,NA,NA,NA,NA,NA,NA,NA,NA,0.0047583753553689,NA
"C9JL41",NA,NA,0.0129637282452838,NA,0.0239034566809983,NA,NA,0.0230663220605106,NA,NA,NA,NA,NA,0.012658228,0.00682736434085806,NA,NA,NA,0.0132919119485531,0.0140028733690825,NA,NA,NA,NA,NA,NA,0.011326485227189,NA,NA,NA,NA,0.0105407045005869,NA
"C9JL73",NA,NA,NA,NA,0.0014277016157778,NA,NA,NA,NA,NA,NA,0.00218598584600615,NA,NA,NA,NA,NA,0.00358216506061725,NA,NA,NA,0.00113757252361993,0.00385501587070631,NA,NA,0.000671500602918238,NA,NA,NA,NA,NA,NA,0.00280633368956534
"C9JL85",NA,NA,0.0196948943615036,NA,NA,NA,NA,NA,NA,NA,NA,NA,NA,NA,NA,NA,NA,NA,NA,NA,NA,NA,NA,NA,NA,NA,NA,NA,NA,NA,NA,NA,NA
"C9JLI6",NA,NA,0.0158371322241432,NA,NA,0.00102812400006578,NA,0.00704474024534331,NA,NA,NA,NA,NA,0.006872852,NA,NA,NA,NA,NA,0.0228088041015069,NA,NA,NA,NA,NA,NA,NA,NA,NA,NA,NA,NA,NA
"C9JLK0",NA,NA,NA,NA,NA,NA,NA,0.00535952776216428,NA,NA,NA,0.00637793534005603,0.00608053887006455,0.017647059,NA,NA,NA,NA,NA,NA,NA,NA,NA,NA,NA,NA,NA,NA,NA,NA,NA,NA,NA
"C9JLM5",NA,NA,NA,NA,NA,NA,NA,NA,NA,NA,NA,0.00840503100105065,NA,NA,NA,NA,NA,NA,NA,NA,NA,NA,NA,NA,NA,NA,NA,NA,NA,NA,NA,NA,NA
"C9JLU1",NA,NA,NA,NA,NA,NA,NA,NA,NA,NA,NA,NA,0.0069844029377497,0.006756757,NA,0.00709500722389972,NA,NA,0.00709500722389972,0.00747450691018219,NA,0.00762480704317346,NA,NA,NA,NA,NA,NA,NA,NA,NA,NA,NA
"C9JLV5",NA,0.0031187364985875,0.0048308230679813,0.00479760604819148,NA,0.00376332110405714,NA,0.0085954687258998,0.00830345444474301,NA,0.00514808577795657,NA,0.00650120483415531,NA,0.00339221233555544,NA,NA,NA,0.00660415724486322,0.0034787011066303,NA,0.00177432605372249,NA,0.00595909968394245,0.00618725512633791,NA,0.00562762451041661,0.00620865446897948,NA,0.00292579507287996,NA,NA,NA
"C9JLW8",NA,NA,NA,NA,0.0097338813965655,NA,NA,NA,NA,NA,NA,NA,NA,NA,NA,NA,NA,NA,NA,NA,NA,NA,NA,NA,NA,NA,NA,NA,NA,NA,NA,NA,NA
"C9JM50",NA,NA,NA,0.0077838710269934,NA,NA,NA,NA,NA,NA,NA,NA,NA,NA,NA,NA,NA,NA,NA,NA,NA,NA,NA,NA,NA,NA,NA,NA,NA,NA,NA,NA,NA
"C9JM55",NA,NA,NA,NA,NA,NA,NA,NA,NA,NA,NA,NA,NA,NA,NA,NA,NA,NA,NA,0.00937480463969092,NA,NA,NA,NA,NA,NA,NA,NA,NA,NA,NA,NA,NA
"C9JMM3",NA,NA,NA,NA,0.013113701876704,NA,NA,NA,NA,NA,NA,NA,NA,NA,NA,NA,NA,NA,NA,NA,NA,NA,NA,NA,NA,NA,NA,NA,NA,NA,NA,NA,NA
"C9JMN2",NA,NA,0.0073981982422505,NA,NA,NA,NA,NA,NA,NA,NA,NA,NA,NA,NA,NA,NA,NA,NA,NA,NA,NA,NA,NA,NA,NA,NA,NA,NA,NA,NA,NA,NA
"C9JNG9",0.00950854608961388,0.0033326607332468,0.0140183399835251,0.0151567837908554,0.0108618915991871,0.0119453167683802,0.00175595239615233,NA,0.0109263637908486,0.00827305108131357,0.00469608077088481,0.00359262652398036,0.0113993214585121,0.0025,NA,0.00160426014233086,0.00197008492935332,0.00881391317896422,0.00309184590334804,0.00417532542456108,NA,0.000940392458646784,0.00651526238033992,0.00236874219069191,0.00556906754110457,0.000832660427876883,0.001367044024442,0.00356480243106729,0.0163350070629471,NA,NA,0.00161916894070317,0.000515534228042302
"C9JNQ3",NA,NA,0.00984744769281907,NA,NA,NA,NA,NA,NA,NA,NA,NA,NA,NA,NA,NA,NA,NA,NA,NA,NA,NA,NA,NA,NA,NA,NA,NA,NA,NA,NA,NA,NA
"C9JNW5",NA,0.0154273507524267,0.0386895265042358,0.0113010277836029,0.0152118939503719,0.0239347228919756,0.00702380853103808,0.0151853288113187,0.0176033239157483,NA,0.0272848551142972,0.0228897009266098,0.0310107479272217,0.016111111,0.0239716342694146,0.0198344862641116,0.0202637353336308,NA,0.00933387595076199,0.0288848155412477,NA,0.00752314305458848,0.0317264944044073,0.0226346477052223,0.00327924498085343,NA,0.0228669152986186,0.0307121448568056,NA,NA,0.017068805814141,0.027757187907554,0.0192809649102239
"C9JP16",NA,NA,NA,NA,NA,NA,NA,NA,NA,NA,NA,NA,0.00288740660473723,0.005586592,NA,NA,NA,NA,NA,0.00309001940637857,NA,NA,NA,NA,NA,NA,NA,NA,NA,NA,NA,NA,NA
"C9JQ42",NA,NA,NA,NA,NA,NA,NA,NA,NA,NA,NA,NA,NA,NA,NA,NA,NA,NA,NA,0.00650721761144154,NA,NA,NA,NA,NA,NA,NA,NA,NA,NA,NA,NA,NA
"C9JQS9",NA,NA,NA,NA,NA,NA,NA,NA,NA,NA,NA,NA,NA,0.001355014,NA,NA,NA,NA,NA,NA,NA,NA,NA,NA,NA,NA,NA,NA,NA,NA,NA,NA,NA
"C9JQU6",NA,NA,NA,0.0207569897443466,NA,NA,NA,NA,NA,NA,NA,NA,NA,NA,NA,NA,NA,NA,NA,NA,NA,NA,0.0156088798624445,NA,NA,NA,NA,NA,NA,NA,NA,NA,NA
"C9JQV0",NA,NA,NA,NA,NA,NA,NA,0.00474541485492223,NA,NA,NA,NA,NA,NA,NA,NA,NA,NA,NA,NA,NA,NA,NA,NA,NA,NA,NA,NA,NA,NA,NA,NA,NA
"C9JR56",NA,NA,NA,NA,NA,NA,NA,0.00530360687881529,NA,NA,NA,NA,NA,0.002196595,0.00177713880234883,NA,NA,NA,NA,0.00531547817655493,NA,NA,NA,NA,NA,NA,NA,NA,NA,NA,NA,NA,NA
"C9JRJ8",NA,NA,NA,NA,NA,NA,NA,NA,NA,NA,NA,NA,NA,NA,NA,NA,NA,NA,NA,NA,NA,0.00806050985139481,NA,NA,NA,NA,NA,NA,NA,NA,NA,NA,NA
"C9JSX3",NA,NA,NA,NA,0.00625289132999797,NA,NA,NA,NA,NA,NA,0.0215413711596924,NA,0.01986755,0.00714386506745277,NA,NA,NA,NA,0.007326007,NA,NA,NA,NA,NA,NA,NA,NA,NA,NA,NA,NA,0.00307271784820774
"C9JSZ1",NA,NA,NA,NA,0.00939489105175886,NA,NA,0.00634610731816075,NA,NA,NA,0.0107885474978223,NA,0.005527916,NA,NA,NA,NA,NA,0.0137590421361964,NA,NA,0.00507353285285224,NA,0.00489439561127659,NA,NA,NA,NA,NA,NA,NA,NA
"C9JTK6",NA,NA,0.013243118286898,NA,NA,NA,NA,0.00785448057673723,NA,NA,NA,NA,0.00891113481829071,NA,NA,NA,NA,NA,NA,NA,NA,NA,0.00879120880791207,0.0204201911683789,NA,NA,0.00771372722415619,NA,NA,NA,NA,0.00717858343846898,NA
"C9JTN7",NA,NA,NA,NA,0.0043311308950582,NA,NA,0.00255410726177436,NA,NA,NA,NA,NA,0.004587156,NA,NA,NA,NA,NA,0.0050744357418927,NA,NA,0.00311859385041234,NA,NA,NA,NA,NA,NA,NA,NA,NA,NA
"C9JTV5",NA,NA,0.00931031371678598,NA,NA,NA,NA,NA,NA,NA,NA,NA,NA,NA,NA,NA,NA,NA,NA,NA,NA,NA,NA,NA,NA,NA,NA,NA,NA,NA,NA,NA,NA
"C9JTX5",NA,NA,NA,NA,NA,NA,NA,NA,NA,NA,NA,NA,NA,NA,NA,NA,NA,NA,NA,NA,NA,NA,NA,NA,NA,NA,NA,NA,NA,NA,0.0370046374623582,NA,NA
"C9JU14",NA,NA,NA,NA,NA,NA,NA,NA,NA,NA,NA,NA,NA,NA,NA,NA,NA,NA,NA,NA,NA,NA,0.0122865084373785,NA,NA,NA,NA,NA,NA,NA,NA,NA,NA
"C9JU26",NA,NA,NA,NA,NA,NA,NA,NA,NA,NA,NA,NA,NA,NA,NA,0.0107149088687465,NA,NA,NA,NA,NA,NA,NA,NA,NA,NA,NA,NA,NA,NA,NA,NA,NA
"C9JUG7",NA,NA,NA,NA,NA,NA,NA,NA,NA,NA,NA,NA,0.0138061545026211,NA,NA,NA,NA,NA,NA,NA,NA,NA,NA,NA,NA,NA,NA,NA,NA,NA,NA,NA,NA
"C9JUM1",NA,NA,NA,NA,NA,NA,NA,NA,NA,NA,NA,NA,NA,NA,NA,NA,NA,NA,NA,NA,NA,0.00130610069970228,NA,NA,NA,NA,NA,NA,NA,NA,NA,NA,NA
"C9JV37",NA,NA,0.011051811452845,NA,0.00169817706521138,0.017219225251374,0.00757964953182423,0.00327740875511754,0.00949819643973582,0.0644073591018119,0.00883322664073852,NA,0.00371831478684879,NA,NA,0.0232927205125741,NA,0.00852160049141039,NA,0.00397923341712131,NA,NA,NA,0.02820336920117,0.0212325237660308,NA,NA,NA,NA,NA,NA,NA,NA
"C9JV77",0.0234491811616694,NA,0.00781782097529442,0.0294387459714116,0.0108112964199208,0.0207866382550881,NA,0.00347755624415299,0.0111980429301699,0.0364780402052412,NA,NA,NA,NA,NA,0.0470622138859985,NA,0.0668552570336995,0.013879623757364,0.036029785176818,NA,NA,NA,0.0502374611713143,0.0296634024609362,0.0249480414992477,NA,NA,0.0858217564677404,NA,NA,NA,NA
"C9JVG0",0.0305250297100122,NA,0.0115071293704172,NA,0.0335946514046524,0.0179286312901139,NA,0.0153559505550171,0.0280202721571286,NA,NA,0.0121825729387168,NA,NA,NA,NA,NA,NA,NA,NA,NA,0.00633972750874326,0.0229164084455661,NA,0.0221072716340342,NA,NA,NA,NA,NA,NA,NA,NA
"C9JVL0",NA,NA,NA,NA,NA,NA,NA,NA,NA,NA,NA,NA,NA,NA,NA,NA,NA,NA,0.0065628814458435,NA,NA,NA,NA,NA,NA,NA,NA,NA,NA,0.0116300357403389,NA,NA,NA
"C9JVY5",NA,NA,NA,NA,NA,NA,NA,NA,NA,NA,NA,NA,0.00102548718736411,NA,NA,NA,NA,NA,NA,NA,NA,NA,NA,NA,NA,NA,NA,NA,NA,NA,NA,NA,NA
"C9JW96",NA,NA,0.00865189968273347,0.00206726086983818,NA,NA,0.00856561941459362,0.015498382254874,NA,NA,NA,0.0132225487963906,0.00567020982194954,0.009497007,0.00618779993357272,0.00827283863146648,0.00411864574721789,NA,0.013592902492636,0.0148860097687813,NA,0.00313737280577202,0.00912492065453831,0.0083451621175327,0.00340397861843701,NA,0.00830532185236258,0.00601936641559373,NA,NA,NA,0.00479544952134025,0.0135170454773569
"C9JXX4",NA,NA,NA,NA,NA,0.00992318532225888,0.00786247229913643,NA,NA,0.00904038092008013,NA,NA,NA,NA,NA,NA,NA,NA,0.0104483687269797,NA,NA,NA,NA,0.00589239306136194,NA,0.0111849954453582,NA,NA,0.0190932470715394,NA,NA,NA,NA
"C9JYQ9",NA,NA,NA,NA,NA,NA,NA,NA,NA,NA,NA,0.00896073571822118,NA,NA,NA,NA,NA,NA,NA,NA,NA,NA,NA,NA,NA,NA,NA,NA,NA,NA,NA,NA,NA
"C9JYS8",NA,NA,NA,0.00248071304380581,NA,NA,NA,NA,NA,NA,NA,NA,NA,NA,NA,NA,NA,NA,0.00512224916384247,NA,NA,0.0055047387929069,NA,0.00231096762116405,NA,NA,0.00290989415997494,NA,NA,NA,NA,NA,NA
"C9JZ81",NA,0.00757067375640676,0.0156356419505888,NA,0.028830122842269,NA,NA,0.0347755615304101,0.0123178475752534,NA,NA,0.0333827298548147,0.0118361636624132,0.026717557,NA,NA,NA,NA,NA,0.0126667215327154,NA,NA,NA,0.00361640039239189,NA,NA,0.00683047593331764,NA,NA,NA,NA,0.00635660815931156,0.0177091764401756
"C9JZD1",NA,NA,NA,0.0205473232429143,0.0174849361503342,NA,NA,NA,NA,NA,NA,NA,NA,0.02020202,NA,0.00530333848906238,NA,NA,NA,0.0111740098163689,NA,NA,NA,0.00957067542224034,NA,NA,NA,NA,NA,NA,NA,0.0126169035943427,0.014060013012543
"C9JZG1",NA,NA,NA,NA,0.0123057482464516,NA,0.0158118905637791,NA,0.010428509224362,NA,NA,0.0154158619971183,NA,0.011848341,0.0102248678154405,NA,NA,NA,NA,0.0052427813641478,NA,NA,0.00483308092355192,NA,NA,NA,NA,0.00467855917318651,NA,NA,NA,0.00789303930618815,0.00879583762558664
"C9JZR2",NA,NA,NA,NA,0.000544513314635683,NA,NA,NA,NA,NA,NA,NA,NA,0.001121364,NA,NA,NA,NA,NA,NA,NA,NA,NA,NA,NA,NA,NA,NA,NA,NA,NA,NA,NA
"C9JZT2",NA,NA,NA,NA,NA,NA,NA,NA,NA,NA,NA,NA,NA,0.003546099,NA,NA,NA,NA,NA,NA,NA,NA,NA,NA,NA,NA,NA,NA,NA,NA,NA,NA,NA
"C9JZW3",NA,NA,0.0225084509914711,NA,0.0155635137341713,NA,NA,0.0200246090410517,NA,NA,NA,NA,0.0113592483363489,NA,0.0118541049888969,0.0115391322240112,NA,NA,0.0115391322240112,0.0243126809667916,NA,0.0124007846471777,0.0112063756257843,0.020824107191742,NA,NA,0.0196657653429718,NA,NA,NA,NA,NA,NA
"C9K025",NA,0.0298934219845905,0.0224256404983922,NA,0.0175779404116728,0.0134385267406732,NA,NA,NA,NA,NA,NA,0.0219934385101778,NA,0.00860683642225184,NA,NA,NA,0.00837814610211597,0.0152008143124351,NA,NA,0.0162860026849978,NA,NA,NA,0.0158651116897827,NA,NA,NA,NA,0.00812045394898888,0.0148078863708986
"C9K028",NA,0.0330586074800824,0.0170689089928415,NA,0.052454807506816,NA,NA,0.0151853288113187,0.0146694368898456,NA,NA,0.0361416328708182,0.0344563862412381,0.033333333,0.107872355291089,NA,NA,NA,NA,NA,NA,NA,0.0339926723576264,0.0105277429644644,0.0327924527598551,NA,0.0596528217789591,0.0164529351325365,NA,0.0310134283307693,NA,0.0138785943701348,NA
"C9K0S0",NA,NA,NA,NA,0.00518783759666158,NA,NA,NA,NA,NA,NA,NA,NA,NA,NA,NA,NA,NA,NA,NA,NA,NA,NA,NA,NA,NA,NA,NA,NA,NA,NA,NA,NA
"C9WEN0",NA,NA,NA,NA,NA,NA,NA,NA,NA,NA,NA,NA,NA,0.005524862,NA,NA,NA,NA,NA,NA,NA,NA,NA,NA,NA,NA,NA,NA,NA,NA,NA,NA,NA
"D3DP16",NA,NA,NA,0.0153093161375918,NA,NA,NA,NA,NA,NA,NA,NA,NA,NA,0.0165791838315348,NA,NA,NA,NA,NA,NA,NA,NA,NA,0.0135559908566735,NA,0.0241057883760348,NA,NA,NA,NA,NA,NA
"D3DQX7",NA,NA,NA,NA,NA,NA,NA,NA,NA,NA,NA,0.0118497160863909,NA,0.09965847,NA,NA,NA,NA,NA,NA,NA,NA,NA,NA,NA,NA,NA,0.0283206258859766,NA,NA,NA,NA,NA
"D3DS95",NA,NA,NA,NA,NA,NA,NA,NA,NA,NA,NA,NA,NA,0.067375887,NA,NA,NA,NA,NA,NA,NA,NA,NA,0.010439745139577,NA,NA,NA,NA,NA,NA,NA,NA,NA
"D3DTX7",0.0179517948220396,0.0147763487463202,0.00839667409509708,0.0108467444307934,0.0131475962846707,0.0151786177948283,0.0239995075864154,0.010884796399738,0.00433799327372121,0.0330914618780342,0.0138340282236182,0.00727404111407336,0.0160330538840321,0.00531684,NA,0.0213909990812866,0.017200734957739,0.0189970412503378,0.00772505854355513,0.00942578400397009,NA,0.0110658436038606,0.010485711248846,0.0431168913915255,0.0155339237397578,0.00958891765929136,0.00213600617634158,0.00380718969906169,0.0133007524652881,NA,0.00341709508461016,0.00325279549044444,0.00438625666458338
"D3DU92",NA,NA,NA,NA,NA,NA,NA,NA,NA,NA,NA,NA,NA,NA,0.00353679904696985,NA,NA,NA,NA,NA,NA,NA,NA,NA,NA,NA,NA,NA,NA,NA,NA,NA,NA
"D3YTB1",NA,NA,0.0121920777057247,NA,0.0153814849577077,NA,0.00792158818068212,NA,NA,NA,NA,0.0163044962112975,NA,NA,0.0121660545808218,NA,NA,NA,NA,0.0166349922404364,NA,NA,0.00766752016501033,NA,NA,NA,0.012334229868609,NA,NA,NA,NA,NA,0.00697714939124368
"D3YTG3",NA,NA,NA,NA,NA,NA,NA,NA,0.000306038187106262,NA,NA,NA,NA,NA,NA,NA,NA,NA,NA,NA,NA,NA,NA,NA,NA,NA,NA,NA,NA,NA,NA,NA,NA
"D3YTI2",NA,NA,NA,NA,NA,NA,NA,0.0160785832864928,NA,NA,NA,NA,0.0121610777401291,NA,NA,NA,NA,NA,NA,0.00433814544303669,NA,NA,NA,NA,NA,NA,NA,NA,NA,NA,NA,NA,NA
"D6R909",NA,0.00427482014651028,0.00588583012214701,0.0175360774549572,0.0122093080903392,NA,NA,0.0137453405537303,NA,NA,NA,0.00623131560094317,0.0178222686028898,0.025862069,0.0139490109392915,NA,NA,NA,0.00603483305477197,0.0115231981071047,NA,0.00972820212847895,0.00879120880791207,NA,NA,NA,0.00771372722415619,0.0106376732962364,NA,NA,0.00827689959869604,0.00717858343846898,0.0159993250242095
"D6R938",NA,NA,NA,NA,0.00491763784969405,NA,NA,NA,NA,NA,NA,NA,NA,NA,NA,NA,NA,NA,NA,0.00256071081338183,NA,NA,NA,NA,NA,NA,NA,NA,NA,NA,NA,NA,NA
"D6R956",NA,NA,NA,NA,NA,NA,NA,0.00666672943315076,NA,NA,NA,NA,NA,NA,NA,NA,NA,NA,NA,NA,NA,NA,NA,NA,NA,NA,NA,NA,NA,NA,NA,0.0101550688888371,NA
"D6R991",NA,NA,NA,NA,NA,NA,NA,NA,NA,NA,NA,NA,NA,NA,NA,NA,NA,NA,NA,NA,NA,0.00915278440447651,NA,NA,NA,NA,NA,NA,NA,NA,NA,NA,NA
"D6R9A4",NA,NA,NA,NA,0.00800158048606124,NA,NA,NA,NA,NA,NA,NA,NA,NA,NA,NA,NA,NA,NA,NA,NA,NA,NA,NA,NA,NA,NA,NA,NA,NA,NA,NA,NA
"D6R9A6",NA,NA,NA,NA,NA,NA,NA,NA,NA,NA,NA,NA,NA,0.014925373,NA,NA,NA,NA,0.00783627680775,NA,NA,NA,NA,NA,NA,NA,NA,NA,NA,NA,NA,NA,NA
"D6R9B6",NA,0.00553690985682482,NA,NA,0.0249612533966838,0.00687779420958751,NA,0.0172798563577022,0.0171986499039111,NA,NA,0.0167978479371505,0.0120427613998708,0.015123153,NA,0.00663831678027358,NA,NA,0.0156905674124926,0.00762915191125429,NA,NA,0.0195164827377407,NA,0.00226154890719886,NA,NA,0.00680811122548766,NA,NA,NA,0.0172285994196099,0.0170659473729948
"D6R9C5",NA,NA,NA,NA,NA,0.0100355229441524,0.0304806774177126,NA,NA,NA,NA,NA,NA,NA,NA,NA,NA,NA,NA,NA,NA,NA,NA,NA,NA,NA,NA,NA,NA,NA,NA,NA,NA
"D6R9D3",NA,0.0247939558580014,NA,NA,0.0550775471268076,0.0249320030124746,NA,0.093010136805418,0.132024929368112,NA,0.0335944784682718,0.149084237082967,0.0387634349090272,0.1125,NA,NA,0.101318676668154,NA,0.078754577350122,0.0967948610022443,NA,NA,NA,NA,NA,NA,NA,NA,NA,NA,NA,0.052044727847111,0.0850630798858365
"D6R9F5",NA,NA,NA,NA,NA,NA,NA,NA,NA,NA,NA,0.0120472109569394,NA,NA,NA,NA,NA,NA,NA,NA,NA,NA,NA,NA,NA,NA,NA,NA,NA,NA,NA,NA,NA
"D6R9G2",NA,NA,NA,NA,0.00617115404649283,NA,NA,NA,NA,NA,NA,NA,NA,NA,NA,NA,NA,NA,NA,NA,NA,NA,NA,NA,NA,NA,NA,NA,NA,NA,NA,NA,NA
"D6R9I7",NA,NA,NA,NA,NA,NA,NA,NA,NA,NA,NA,NA,NA,NA,NA,NA,0.0128251490992377,NA,0.0132919119485531,NA,NA,NA,NA,NA,NA,NA,NA,NA,NA,NA,NA,NA,NA
"D6R9I9",NA,NA,0.00201073553218556,NA,0.00298662816353022,NA,NA,0.0021863693243172,NA,NA,NA,NA,0.00270599889782097,NA,NA,NA,NA,NA,NA,NA,NA,NA,NA,NA,NA,NA,NA,NA,NA,NA,NA,NA,NA
"D6R9K7",NA,NA,NA,NA,NA,NA,NA,NA,NA,NA,NA,NA,NA,0.003333333,NA,NA,NA,NA,NA,NA,NA,NA,NA,NA,NA,NA,NA,NA,NA,NA,NA,NA,NA
"D6R9L0",NA,0.00247939558580014,0.00369826342735767,NA,0.00865504348411313,0.00664853387071853,NA,0.0227779927614183,NA,NA,0.00818545661614374,0.00361416296180712,0.0114854620804127,0.003333333,0.00449468183003656,0.00175010206891195,NA,NA,0.00437525464724935,0.00368742290753365,NA,0.011284714017647,0.00260610536004804,0.00315832260509025,0.00109308166028448,NA,NA,0.00493588044104334,NA,NA,NA,0.00832715645553776,0.00463980434053725
"D6R9P3",NA,NA,0.00471951398363973,NA,0.0195799047711969,NA,NA,NA,0.0141962287371734,NA,NA,0.0149896176944346,0.0119088890347606,NA,NA,0.0221787086643087,NA,NA,0.00967798200079149,0.0144438242942754,NA,NA,0.0105737580498871,0.0197940975499946,NA,NA,NA,NA,NA,NA,NA,0.0115121980374817,0.00427631742869522
"D6R9Q9",NA,NA,NA,NA,0.0105495698028517,0.00891423542870186,NA,NA,0.00614641178507049,NA,NA,0.0171622282448142,0.00577481320947445,0.04255121,0.0120527767418071,NA,0.0141506527131224,NA,0.00586626255716764,0.00309001940637857,NA,NA,0.00569709580052306,NA,NA,NA,0.00499883962892219,0.00551495003697783,NA,NA,NA,0.00465204256372556,0.0103682775241643
"D6R9T0",NA,0.0184799667295321,NA,NA,0.010751606836021,NA,NA,0.0122614454372949,0.00820030600792629,NA,0.00508413444250596,0.00336723284249086,0.00642044457702004,NA,0.0268005846294763,NA,NA,NA,0.00326105903830354,0.0274838996461678,0.0216981712607625,0.00233637929091383,0.0137237499122899,NA,NA,NA,0.00555771617586695,NA,NA,NA,NA,NA,0.00576373198477163
"D6R9W4",NA,NA,NA,NA,NA,NA,NA,NA,NA,NA,NA,NA,NA,0.020504732,NA,NA,NA,NA,NA,NA,NA,NA,NA,0.00448342351647584,NA,NA,NA,NA,NA,NA,NA,NA,NA
"D6R9Y6",NA,NA,NA,NA,NA,0.00293317715351282,NA,NA,NA,NA,NA,NA,NA,NA,NA,NA,NA,NA,NA,NA,NA,NA,NA,NA,NA,NA,NA,NA,NA,NA,NA,NA,NA
"D6R9Z1",NA,NA,NA,NA,NA,NA,NA,NA,NA,NA,NA,NA,NA,NA,NA,NA,NA,NA,NA,NA,NA,NA,NA,NA,NA,NA,0.00695107067375123,NA,NA,NA,NA,NA,NA
"D6RA32",NA,NA,NA,0.00194101629613316,NA,NA,NA,NA,NA,NA,NA,NA,NA,NA,NA,NA,NA,NA,NA,NA,NA,NA,NA,NA,NA,NA,NA,NA,NA,NA,NA,NA,NA
"D6RA47",NA,NA,NA,NA,NA,NA,NA,NA,NA,NA,NA,NA,NA,0.002673797,NA,NA,NA,NA,NA,NA,NA,NA,NA,NA,NA,NA,NA,NA,NA,NA,NA,NA,NA
"D6RA62",NA,NA,0,NA,NA,NA,NA,NA,NA,NA,NA,0,NA,0.021276596,NA,NA,NA,NA,NA,NA,NA,NA,NA,NA,NA,NA,NA,NA,NA,NA,NA,NA,NA
"D6RA73",NA,NA,NA,NA,NA,NA,NA,NA,NA,NA,NA,NA,NA,NA,NA,NA,NA,NA,NA,NA,NA,NA,NA,NA,NA,NA,NA,0.0199027433954405,0.0214266029085913,NA,NA,NA,NA
"D6RA82",NA,NA,NA,0.00895327924372025,NA,NA,NA,NA,NA,NA,NA,0.0133622239206779,NA,NA,NA,NA,0.00713511856041013,NA,NA,NA,NA,NA,NA,NA,NA,NA,NA,0.00347597237794592,NA,NA,NA,NA,NA
"D6RAA6",NA,NA,NA,NA,NA,NA,NA,NA,NA,NA,NA,NA,NA,NA,NA,0.0220292524276578,NA,NA,0.00367154154624578,NA,NA,NA,NA,NA,0.00687953561970043,NA,NA,NA,NA,NA,NA,NA,NA
"D6RAC2",NA,0.00737366693370848,0.0133251698962983,NA,0.00701997395803142,NA,NA,NA,NA,NA,NA,NA,0.00384271957061683,0.001858736,0.00802024920737351,NA,NA,NA,NA,0.00462641381382517,NA,NA,0.00379100426874954,NA,NA,NA,0.00332636540363224,0.0073395989339705,NA,NA,NA,NA,0.012073839904998
"D6RAC8",NA,NA,NA,NA,NA,NA,0.00210293659761621,NA,NA,0.00318466459367519,NA,NA,NA,NA,NA,0.00375520830910049,NA,0.00591069068180854,NA,NA,NA,NA,NA,0.00882565294344267,0.00949082981191075,NA,NA,NA,NA,NA,NA,NA,NA
"D6RAE9",NA,NA,NA,NA,NA,NA,NA,NA,NA,NA,NA,NA,NA,NA,NA,NA,NA,NA,NA,0.00658468447459886,NA,NA,NA,NA,NA,NA,NA,NA,NA,NA,NA,NA,NA
"D6RAF8",NA,0.00959765998021535,0.00991097885357616,0.00656188726420369,0.0121830521513806,0.00686300334866437,0.00339861638541025,0.0117563835370778,0.00378566082054635,NA,NA,0.00547953746365912,0.0133379562977991,0.006451613,0.00579958890135115,0.00677458740055404,NA,0.00382097495912282,0.00451639125034902,0.0214108451511522,NA,0.0145609215315067,0.00657922707240836,0.0173198354746824,NA,NA,0.00384856888725121,0.00424591839359209,NA,NA,NA,0.0107447181683163,0.0059868444001733
"D6RAI5",NA,NA,NA,NA,NA,NA,NA,NA,NA,NA,NA,NA,NA,NA,NA,NA,NA,NA,NA,NA,NA,NA,NA,NA,NA,NA,NA,NA,NA,NA,NA,0.00895393152935834,NA
"D6RAK7",NA,0.0218166282154962,NA,NA,0.00293225623815362,NA,0.0215949377608006,0.00565912852319464,NA,NA,NA,NA,NA,NA,NA,NA,NA,NA,0.00978317711491062,NA,NA,NA,NA,NA,NA,NA,NA,NA,NA,NA,NA,NA,NA
"D6RAN1",NA,NA,NA,NA,NA,NA,NA,NA,NA,NA,NA,0.0183771021396908,0.0262802950462999,NA,NA,NA,NA,NA,NA,0.0374992196649907,NA,NA,NA,NA,NA,NA,NA,NA,NA,NA,NA,NA,NA
"D6RAN4",NA,NA,0.0162201779928379,NA,0.019561875529453,NA,NA,0.0100676213315068,NA,NA,NA,0.0169725898424977,0.0114220068543124,NA,0.0119195975319647,0.00773525673629146,NA,NA,0.00889554477420771,NA,NA,NA,0.00563414476995446,NA,NA,NA,0.0170554333357958,NA,NA,NA,NA,0.0107348238410158,0.0119626627693118
"D6RAQ8",NA,NA,0.0474136348395066,NA,NA,NA,NA,NA,NA,NA,NA,NA,NA,0.018518519,0.0199763626103278,0.0437525433223104,NA,NA,0.0194455751599361,0.102428424791684,NA,0.0470196421163531,0.0125898787642816,0.0350924768640469,NA,NA,NA,NA,NA,NA,NA,NA,0.00572815396508839
"D6RAS7",NA,0.0195045789388805,0.0505239692669534,0.0061025550641711,0.033990714992491,0.00659534612950798,0.0716428434344462,0.0370522018622803,NA,NA,NA,0.016651436373845,0.0436906985353607,0.021333333,0.0151021297407525,0.0168009765013594,0.00270183171554636,NA,0.00840048825067969,0.0412991403255486,NA,0.0361110848564705,0.0183560432566787,0.00568498125766058,0.00393509437053355,NA,0.0268437696663128,0.0157948174113387,NA,NA,NA,0.0177646001609087,0.0197964982103053
"D6RAT0",NA,NA,NA,NA,NA,NA,0.013923848782187,NA,NA,NA,NA,NA,NA,NA,NA,NA,0.0070670151855141,NA,NA,NA,NA,NA,NA,NA,NA,NA,0.00788363307467448,NA,NA,NA,NA,NA,NA
"D6RAX7",NA,NA,NA,NA,0.0026082501335395,NA,NA,0.0025169053328767,NA,NA,NA,NA,0.00571100342715621,0.002762431,0.00148994915213382,NA,NA,NA,0.00290072114485167,0.00611175142110379,NA,NA,NA,NA,NA,NA,NA,0.00545401165705271,NA,NA,NA,NA,NA
"D6RBE9",0.0209928953612568,0.0135239762831856,NA,0.0300559644931569,0.0281672094812627,0.0174416091443561,0.0474905216629851,0.0412584060502374,0.00500094413421645,0.00725234996006478,0.019223420444073,NA,0.0104543805541225,0.019859307,0.0122582217999061,0.0258992324074832,0.00575674280829297,0.0107682035573944,0.0194897690785619,0.0344079690279801,NA,0.028981197158326,0.0319251526825527,0.0311558594798516,0.0176632072387478,NA,0.024103225690824,0.0197862566170319,0.00805120929959268,0.00422910432848816,0.00727363915765656,0.0136893405872229,0.0142006130034743
"D6RBJ7",NA,NA,0.00147145804260401,NA,0.00203488436699436,NA,NA,NA,NA,NA,NA,NA,NA,NA,NA,NA,NA,NA,0.00301741652738598,0.0015894070169203,NA,NA,0.00293040259604396,0.00272269196628448,0.00141346818997098,NA,NA,NA,NA,NA,NA,NA,NA
"D6RBL5",NA,0.00476806812907465,0.0276256282157965,0.017603523910619,0.0236046631892299,0.0199456024099797,0.0121565915667692,0.0210258394019923,0.0101557642037776,NA,0.0157412625344582,0.0080276125991984,0.0119272112183276,0.015384615,0.0124468107237673,0.00807739287182617,NA,0.0182231134391669,0.0121160893077393,0.0212735955693859,NA,0.00868054959156583,0.0117666948659746,NA,0.0113512342152038,0.0115291494588132,0.0103245272077168,0.0113904937811044,NA,NA,NA,0.00960825783302771,0.0107072412141448
"D6RBM0",NA,0.00233905286981974,0.00845394062500091,NA,NA,NA,NA,NA,NA,NA,0.00193053257600655,NA,0.00243795232965404,NA,0.0152649555099995,NA,NA,NA,0.00742967742550164,NA,NA,0.00532297816116747,0.0096205674752146,0.00893864952591368,0.00232022116426351,NA,NA,0.00698473677118995,NA,NA,NA,NA,0.00218858735578361
"D6RBV0",NA,NA,NA,NA,0.00828233812678005,NA,NA,NA,NA,NA,NA,NA,NA,0.027046784,NA,NA,NA,NA,NA,0.00970374565795905,NA,NA,NA,NA,NA,NA,NA,NA,NA,NA,NA,0.00730452335270253,NA
"D6RBX4",NA,0.0152578186080938,0.0472677468772625,0.0312951544099501,0.014525946214839,0.0736453009605945,NA,0.0140172259642883,0.0665766740998768,0.0818213820647513,0.0251860205462605,0.016680753382474,0.0238544214029635,0.023076923,NA,0.0323095704372436,NA,0.0273346707510016,0.0403869622590088,0.0170188762342633,NA,0.0173610980546603,0.0313778519561521,0.0291537502579381,0.0605399138468732,NA,NA,NA,NA,NA,NA,0.0384330296666796,0.0285526423097586
"D6RC04",NA,NA,NA,NA,NA,NA,NA,NA,NA,NA,NA,NA,0.0101342317946715,NA,NA,NA,NA,NA,NA,NA,NA,NA,NA,NA,NA,NA,NA,NA,NA,NA,NA,NA,NA
"D6RC15",NA,NA,NA,NA,NA,NA,NA,NA,NA,NA,NA,NA,0.00258422899393515,NA,NA,NA,NA,NA,NA,NA,NA,NA,NA,NA,NA,NA,NA,NA,NA,NA,NA,NA,NA
"D6RC46",NA,NA,NA,NA,NA,NA,NA,NA,NA,NA,NA,NA,0.00363975939389115,NA,NA,NA,NA,NA,NA,NA,NA,NA,NA,NA,NA,NA,NA,NA,NA,NA,NA,NA,NA
"D6RCA8",NA,NA,NA,NA,NA,NA,NA,NA,NA,NA,NA,0.0161828207046089,NA,NA,NA,NA,NA,NA,NA,NA,NA,NA,NA,NA,NA,NA,NA,NA,NA,NA,NA,NA,NA
"D6RCB3",NA,NA,NA,NA,NA,NA,NA,NA,NA,NA,NA,NA,NA,NA,NA,NA,NA,NA,NA,0.0116444947895509,NA,NA,NA,NA,NA,NA,NA,NA,NA,NA,NA,NA,NA
"D6RCF2",NA,NA,0.00840056990280769,NA,NA,NA,NA,NA,NA,NA,NA,NA,NA,NA,NA,0.0107862153632014,NA,NA,NA,NA,NA,NA,NA,0.00627562901790335,NA,NA,NA,NA,NA,NA,0.00882050339902856,NA,NA
"D6RD47",NA,0.0228203073837927,NA,NA,NA,0.0089308668698154,NA,NA,NA,NA,NA,0.0420753340488329,NA,NA,NA,NA,NA,NA,NA,NA,NA,0.0252642854509923,NA,NA,NA,NA,0.0267102183330536,NA,NA,NA,NA,0.0134643075111684,0.032317045485758
"D6RD66",NA,NA,0.00278676015027559,NA,0.00192691097244766,NA,NA,NA,NA,NA,NA,0.00442550648623755,NA,0.004081633,NA,NA,NA,NA,NA,NA,NA,NA,NA,0.00386733451760815,NA,NA,0.00243480865045892,NA,NA,NA,NA,NA,NA
"D6RDM7",NA,NA,NA,NA,0.0153526268406791,NA,NA,0.0111112160256245,NA,NA,NA,0.0132225487963906,NA,NA,NA,NA,NA,NA,NA,NA,NA,NA,0.00829089547312786,NA,NA,NA,0.0109121015340194,NA,NA,NA,NA,0.0135400921293546,0.00754439702254388
"D6RDY6",NA,NA,NA,NA,NA,NA,NA,NA,NA,NA,NA,NA,NA,NA,NA,NA,NA,NA,NA,0.0020638567076089,NA,NA,NA,NA,NA,NA,NA,NA,NA,NA,NA,NA,NA
"D6RE83",NA,NA,NA,NA,NA,NA,NA,NA,NA,NA,NA,NA,NA,NA,NA,NA,NA,NA,NA,NA,NA,NA,NA,NA,NA,NA,NA,NA,NA,NA,NA,NA,0.00949667543142045
"D6RE86",NA,NA,NA,0.00571400334905031,0.0035362787970624,NA,NA,NA,NA,NA,NA,NA,NA,NA,0.00606024518833522,NA,NA,NA,NA,NA,NA,NA,NA,NA,0.0110536358170171,NA,NA,NA,NA,NA,NA,NA,NA
"D6REL8",0.00299639026625796,NA,NA,NA,NA,NA,NA,NA,NA,NA,NA,0.0128555261739213,NA,NA,0.0204904596024506,NA,NA,0.0355744721981886,NA,NA,NA,NA,NA,NA,NA,0.0110205103063846,NA,NA,0.007326007,NA,NA,NA,NA
"D6RER5",NA,NA,0.00396951364781423,NA,0.00792921519802876,NA,NA,NA,0.00454866281301532,NA,NA,0.00560335436211677,0.00560917963633717,0.005813953,NA,NA,NA,NA,NA,0.00285846729300249,NA,NA,NA,NA,NA,NA,NA,NA,NA,NA,NA,NA,NA
"D6REX3",NA,NA,0.000657339716941987,NA,NA,NA,NA,NA,NA,NA,NA,NA,NA,NA,NA,NA,NA,NA,NA,0.000710030682736337,NA,NA,NA,0.00111494041924614,NA,NA,NA,NA,NA,NA,NA,NA,NA
"D6RF35",0.00684889366719763,NA,NA,0.00534187259251469,NA,NA,NA,NA,0.00161795230691327,NA,NA,NA,NA,NA,NA,NA,NA,NA,0.00367668474517726,NA,NA,NA,NA,NA,0.00275566788579724,NA,NA,NA,NA,NA,NA,NA,NA
"D6RF62",NA,NA,NA,NA,NA,NA,NA,0.00750605564378263,NA,NA,NA,NA,NA,NA,NA,NA,NA,NA,NA,NA,NA,NA,NA,NA,NA,NA,NA,0.00187676093551311,NA,NA,NA,NA,NA
"D6RFH5",NA,NA,NA,NA,NA,NA,NA,NA,NA,NA,NA,NA,NA,NA,NA,NA,NA,NA,NA,NA,NA,NA,NA,NA,NA,NA,NA,NA,0.00137949019886273,NA,NA,NA,NA
"D6RFI1",NA,NA,NA,NA,0.0114216110378493,NA,NA,NA,NA,NA,NA,NA,NA,NA,NA,NA,NA,NA,NA,NA,NA,NA,NA,NA,NA,NA,NA,NA,NA,NA,NA,NA,NA
"D6RFL4",NA,NA,NA,0.00290597874728517,NA,0.00911798933120896,NA,NA,NA,NA,NA,NA,0.0177204272393136,0.014285714,NA,0.00450026126284668,NA,NA,NA,NA,NA,NA,0.0058273156109463,0.00406070062761559,NA,NA,NA,0.00564100650038555,NA,NA,NA,NA,NA
"D6RFM3",NA,NA,NA,NA,NA,NA,NA,NA,NA,NA,NA,0.00886911234098148,NA,NA,NA,NA,NA,NA,NA,0.00678666824694946,NA,NA,NA,NA,NA,NA,NA,NA,NA,NA,NA,NA,NA
"D6RFM5",NA,0.00180648167326457,NA,NA,NA,NA,NA,NA,NA,NA,NA,NA,NA,NA,NA,NA,NA,NA,0.00127511956211995,NA,NA,NA,NA,NA,NA,NA,NA,NA,NA,NA,NA,NA,NA
"D6RG13",NA,NA,0.00918506308923606,NA,0.00635103007767351,0.0143107463384134,NA,0.00715004290587935,NA,NA,0.00917652059849128,0.00972420639668853,0.0115884704818025,0.01793722,NA,0.00941758786624104,NA,NA,NA,NA,NA,NA,0.00228650217222492,0.0106221619756822,0.00220576992827014,NA,0.00300939148703545,0.00664019750876381,NA,NA,NA,NA,0.00832251912131715
"D6RGD2",NA,NA,NA,NA,0.00349698741890414,NA,NA,NA,NA,NA,NA,NA,NA,NA,0.007990544396897,NA,NA,NA,NA,NA,NA,NA,NA,NA,NA,NA,NA,NA,NA,NA,NA,NA,NA
"D6RGG3",0.00409154826329226,0.00678450502054478,0.00581249696990772,0.00441901166875039,0.0138220003957175,0.00680412791947059,0.0044827590886806,0.00511966820942886,0.00616234103288185,0.0038904319428164,0.00198855600377574,0.00204019338887798,0.00306363034829165,0.002210969,0.00293865223049853,0.00313164636661873,0.00116881833316442,0.00283989662967803,0.00335099781569841,0.00487742003492222,0,0.00185738380583517,0.00569897525539651,0.00253726588010024,0.00705142054180534,0.000852248605745872,0.00177488141698229,0.00175629485029292,0.00693022472668373,NA,0.0020329577949537,0.000779124564752872,0.0032845091410185
"D6RGZ6",NA,NA,0.00392326885360482,NA,0.00327016737775925,0.00253297422592525,0.0019903741012972,0.00274923265896577,NA,NA,0.00206182811867515,NA,NA,NA,NA,0.00110207895470523,NA,NA,0.00102860723440376,0.00203179824964496,NA,NA,NA,NA,NA,NA,NA,0.000621647487795027,NA,NA,NA,NA,0.000779144711649926
"D6RH31",NA,NA,NA,NA,NA,NA,NA,0.00195519274242244,NA,NA,NA,NA,NA,NA,NA,NA,NA,NA,NA,NA,NA,NA,NA,NA,NA,NA,NA,NA,NA,NA,NA,NA,NA
"D6RHD5",NA,NA,NA,NA,NA,NA,NA,NA,NA,NA,NA,NA,NA,NA,NA,NA,NA,NA,NA,NA,NA,NA,NA,NA,NA,NA,NA,NA,NA,NA,NA,NA,0.00206823268711181
"D6RHF4",NA,NA,NA,NA,NA,NA,NA,NA,NA,NA,NA,NA,0.0195036155361575,0.056603774,NA,NA,NA,NA,NA,NA,NA,NA,NA,NA,NA,NA,NA,NA,NA,NA,NA,NA,NA
"D6RHH4",NA,NA,NA,NA,NA,NA,NA,NA,NA,NA,NA,0.0116335732173435,NA,NA,NA,NA,NA,NA,NA,NA,NA,NA,NA,NA,NA,NA,NA,NA,NA,NA,NA,NA,NA
"D6RHH9",NA,NA,0.0100899955192437,NA,0.00232558240347542,NA,NA,NA,NA,NA,NA,NA,NA,NA,NA,NA,NA,NA,NA,0.00544939359019479,NA,NA,NA,NA,NA,NA,NA,NA,NA,NA,NA,NA,NA
"D6RIU0",NA,NA,NA,NA,NA,NA,NA,NA,0.0104781690812946,NA,NA,NA,NA,NA,NA,NA,NA,NA,NA,NA,NA,NA,NA,NA,NA,NA,NA,NA,NA,NA,NA,NA,NA
"D6RIZ7",NA,NA,NA,NA,0.0214587849749871,NA,NA,NA,NA,NA,NA,NA,NA,NA,NA,NA,NA,NA,NA,NA,NA,NA,NA,NA,NA,NA,NA,NA,NA,NA,NA,NA,NA
"D6RJ96",NA,NA,NA,NA,NA,NA,NA,NA,NA,NA,NA,NA,0.000648895765610725,NA,NA,NA,NA,NA,NA,NA,NA,NA,NA,NA,NA,NA,NA,NA,NA,NA,NA,NA,NA
"D6RJI3",NA,NA,NA,NA,NA,NA,0.00191210745555874,NA,NA,NA,NA,NA,NA,NA,NA,NA,NA,NA,0.00142930317353396,NA,NA,NA,NA,NA,0.000669537615448024,NA,NA,NA,NA,NA,NA,NA,NA
"D6W5Y5",NA,NA,NA,NA,0.00360376547330694,NA,NA,NA,NA,NA,NA,NA,0.0118361636624132,NA,NA,NA,NA,NA,NA,NA,NA,NA,0.00194614543793977,NA,NA,NA,NA,NA,NA,NA,NA,NA,NA
"E1A689",NA,NA,NA,NA,NA,NA,NA,NA,NA,NA,NA,NA,NA,NA,NA,NA,NA,NA,NA,0.000300657006769783,NA,NA,NA,NA,NA,NA,NA,NA,NA,NA,NA,NA,NA
"E1B2D1",NA,NA,NA,NA,NA,NA,NA,NA,NA,NA,NA,NA,NA,NA,NA,NA,NA,NA,NA,NA,NA,NA,NA,NA,NA,NA,NA,NA,NA,NA,0.0747419955437437,NA,NA
"E1NZA1",NA,NA,NA,NA,0.00111244812027425,NA,NA,NA,NA,NA,NA,0.000744881229414348,NA,NA,NA,NA,NA,NA,NA,NA,NA,NA,NA,NA,NA,NA,NA,NA,NA,NA,NA,NA,NA
"E2PSM9",NA,NA,NA,NA,0.00474248936045691,NA,NA,NA,NA,NA,NA,0.00445581775119676,NA,NA,NA,NA,NA,NA,NA,0,NA,NA,NA,NA,NA,NA,NA,NA,NA,NA,NA,NA,NA
"E2QRB3",NA,NA,0.00467641328240392,NA,NA,NA,NA,NA,NA,NA,NA,NA,NA,NA,NA,NA,NA,NA,NA,0.00589314216342744,NA,NA,NA,NA,NA,NA,NA,NA,NA,NA,NA,NA,NA
"E2QRI1",NA,0.0179233414287617,0.0215931973337802,NA,0.0199075469381287,NA,NA,0.0219546922353736,NA,NA,NA,NA,NA,0.021084337,0.00649833424019628,NA,NA,NA,0.00632566845862081,0.00999602742024143,NA,NA,0.00921488158297893,NA,NA,NA,NA,NA,NA,NA,NA,NA,NA
"E5RFD8",NA,NA,NA,NA,NA,0.00653954152526125,NA,NA,NA,NA,NA,0.0177745741295863,NA,NA,NA,0.00344282355276659,NA,NA,NA,NA,NA,NA,NA,NA,NA,NA,NA,NA,NA,NA,NA,NA,NA
"E5RFE7",NA,0.00740598635104851,NA,0.00660449632075424,0.00817477545337284,NA,NA,NA,NA,NA,NA,NA,NA,NA,0.0177224538869577,NA,NA,0.00384578673096178,NA,0.0107749384322939,NA,0.0170282633140096,0.00827743641429999,0.0184219230988019,0.0111792450130981,0.0190013498727225,0.00805524350456657,0.0224307325502318,NA,0.0242030692034102,0.010494821691982,0.0451054310784014,NA
"E5RFF0",NA,NA,NA,NA,NA,NA,0.00675366127915764,NA,NA,NA,NA,0.0104254715417019,0.013252456564689,NA,NA,0.00336558001324056,NA,NA,NA,NA,NA,0.00482252704932706,NA,0.00911054725169844,NA,NA,NA,NA,NA,NA,NA,NA,0.0178454010956138
"E5RFI3",NA,NA,NA,NA,NA,NA,NA,NA,NA,NA,NA,NA,NA,NA,NA,NA,NA,NA,NA,0.00628538038342914,NA,NA,NA,NA,NA,NA,NA,NA,NA,NA,NA,NA,NA
"E5RFK4",NA,NA,NA,NA,NA,NA,NA,NA,NA,NA,NA,NA,NA,NA,NA,NA,NA,NA,NA,NA,NA,0.00388235577107502,NA,NA,NA,NA,NA,NA,NA,0.00533487882265098,NA,NA,NA
"E5RFL2",NA,NA,NA,NA,NA,NA,NA,NA,NA,NA,NA,NA,NA,NA,0.039519822671637,NA,NA,NA,0.0163145073769456,NA,NA,0.0283825588782894,NA,0.012044451431655,NA,NA,0.017061718357067,0.0292806467343508,NA,0.0760629997929019,0.0571435614405759,0.0583344189771459,NA
"E5RFM3",NA,NA,NA,NA,0.0100445376478663,NA,NA,NA,NA,NA,NA,NA,NA,NA,NA,NA,NA,NA,NA,NA,NA,NA,NA,NA,NA,NA,NA,NA,NA,NA,NA,NA,NA
"E5RFQ1",NA,NA,NA,NA,NA,NA,NA,NA,NA,NA,NA,NA,NA,0.002754821,NA,NA,NA,NA,NA,NA,NA,NA,NA,NA,NA,NA,NA,NA,NA,NA,NA,NA,NA
"E5RFS4",NA,NA,NA,NA,NA,NA,NA,NA,NA,NA,NA,NA,0.00795147414555171,NA,NA,NA,NA,NA,NA,NA,NA,NA,NA,NA,NA,NA,NA,NA,NA,NA,NA,NA,NA
"E5RFV2",NA,NA,NA,NA,NA,NA,NA,NA,NA,NA,NA,NA,NA,NA,NA,NA,NA,NA,NA,0.00539622942762442,NA,NA,NA,NA,NA,NA,NA,NA,NA,NA,NA,NA,NA
"E5RG36",NA,NA,0.0568963626267155,0.0226020555672058,NA,0.0354588483742643,NA,0.00506177657414615,NA,NA,NA,NA,NA,NA,NA,NA,NA,NA,NA,NA,NA,NA,NA,NA,NA,NA,NA,NA,NA,NA,NA,NA,NA
"E5RG43",NA,NA,NA,NA,NA,NA,NA,NA,NA,NA,NA,NA,NA,NA,NA,NA,NA,NA,NA,NA,NA,NA,NA,NA,NA,NA,NA,NA,NA,NA,NA,NA,0.0124558507716892
"E5RG99",NA,NA,NA,NA,NA,NA,NA,0.0239768340541204,NA,NA,NA,NA,0.0272024099728318,NA,NA,NA,NA,NA,NA,NA,NA,NA,NA,NA,NA,NA,NA,NA,NA,NA,NA,NA,NA
"E5RGA2",NA,NA,NA,NA,0.00804704401155023,NA,NA,NA,NA,NA,NA,0.00308025273372463,NA,NA,NA,NA,NA,NA,NA,NA,NA,NA,NA,NA,NA,NA,NA,NA,NA,NA,NA,0.00473133874378906,NA
"E5RGE1",NA,NA,NA,0.0130396477555702,0.0499569592155721,NA,0.0137721724540665,0.020098229335896,0.0390724020155271,NA,NA,0.0467715254656613,0.0822561773686861,0.089928145,0.0423028841317579,NA,NA,NA,0.0137262875452023,0.0717859716588675,NA,NA,NA,NA,NA,0.0195920177673544,NA,NA,NA,0.0273647902509158,0.0188258883984919,0.0356241990208091,0.0136464830270057
"E5RGH4",NA,NA,NA,NA,NA,NA,NA,0.0227779927614183,NA,NA,NA,NA,NA,NA,NA,NA,NA,NA,NA,NA,NA,NA,NA,NA,NA,NA,0.0178958464442085,NA,NA,NA,NA,NA,NA
"E5RGH6",NA,NA,NA,NA,NA,NA,0.0319264004982254,0.0207072663952311,NA,NA,NA,NA,NA,0.087121212,NA,NA,NA,NA,NA,NA,NA,NA,NA,NA,NA,NA,NA,NA,NA,NA,NA,0.0126169035943427,0.021090019982795
"E5RGM5",NA,NA,NA,NA,NA,0.00578133418219286,NA,0.0132046338282006,NA,NA,NA,NA,0.0149810380355078,0.014492754,NA,NA,NA,NA,NA,NA,NA,NA,NA,NA,NA,NA,NA,NA,NA,NA,NA,NA,NA
"E5RGQ0",NA,NA,NA,NA,NA,NA,NA,NA,NA,NA,NA,NA,NA,NA,NA,NA,NA,NA,NA,NA,NA,NA,NA,NA,NA,0.00248555432137006,NA,NA,NA,NA,NA,NA,NA
"E5RGW4",NA,NA,NA,NA,0.0240047424023703,0.0135224426769566,NA,NA,NA,NA,NA,NA,0.0175201970420971,0.016949153,0.073133800014514,NA,NA,NA,NA,NA,NA,0.0573799022054318,NA,NA,NA,NA,NA,0.0167317985569902,NA,NA,NA,NA,0.015728150731566
"E5RGX5",NA,NA,NA,NA,NA,NA,NA,0.00903888608874691,NA,NA,NA,0.00322693102228332,NA,NA,NA,NA,NA,NA,NA,NA,NA,NA,NA,NA,NA,NA,NA,NA,NA,NA,NA,NA,NA
"E5RH35",NA,NA,0.0262598598314278,NA,NA,0.0153427709004865,NA,NA,NA,NA,NA,NA,NA,NA,NA,NA,NA,NA,NA,NA,NA,NA,0.00392223162199154,NA,NA,NA,NA,NA,NA,NA,NA,NA,NA
"E5RH50",NA,NA,NA,NA,0.00041194858197844,NA,NA,NA,NA,NA,NA,NA,NA,NA,NA,NA,NA,NA,NA,NA,NA,NA,NA,NA,NA,NA,NA,NA,NA,NA,NA,NA,NA
"E5RH81",NA,NA,NA,NA,NA,NA,NA,NA,NA,NA,NA,NA,NA,NA,NA,NA,NA,NA,0.00469118125944194,NA,NA,NA,NA,NA,NA,NA,NA,NA,NA,NA,NA,NA,0.00939008056650095
"E5RHC5",NA,NA,NA,NA,NA,NA,NA,NA,NA,NA,NA,NA,NA,NA,NA,NA,NA,NA,0.00462581916048546,NA,NA,NA,NA,NA,NA,NA,NA,NA,NA,NA,NA,NA,NA
"E5RHF4",NA,NA,NA,NA,0.00476861877842086,NA,NA,0.00575201808879541,NA,NA,NA,NA,NA,NA,NA,NA,NA,NA,NA,NA,NA,NA,NA,NA,NA,NA,NA,NA,NA,NA,NA,NA,NA
"E5RHG6",NA,NA,NA,NA,0.0190744751136834,0.0161176583519383,NA,0.00920322930652054,NA,NA,NA,NA,0.0104413291640115,0.013468013,NA,NA,NA,NA,NA,0.0111740098163689,NA,NA,NA,NA,NA,NA,NA,NA,NA,NA,NA,NA,NA
"E5RHH1",NA,NA,NA,0.0133827964610136,0.0331293515629337,NA,NA,0.0319691123758671,0.0231622678932742,NA,NA,0.00475547815198253,0.086140966119941,0.029605263,0.00811070341345574,NA,NA,NA,0.0138165927938971,0.0592621602713897,NA,NA,0.0201272403056796,NA,0.051777557558798,NA,NA,NA,NA,NA,NA,NA,0.0170940163333333
"E5RHJ2",NA,NA,NA,NA,NA,NA,NA,NA,NA,NA,NA,NA,0.0141601587292759,NA,NA,NA,NA,NA,NA,NA,NA,NA,NA,NA,NA,NA,NA,NA,NA,NA,NA,NA,NA
"E5RHJ4",NA,NA,0.0062702113622546,NA,0.00770764483397715,NA,NA,0.00371885627715064,NA,NA,NA,NA,0.0021095743513947,0.008163265,NA,NA,NA,NA,NA,0.00677281828512377,NA,0.00460600611299907,0.0052029602940749,NA,NA,NA,0.00365221387048071,0.00402929049844341,NA,NA,NA,NA,NA
"E5RHN8",NA,NA,0.0168813377315361,NA,NA,NA,NA,0.0100123045205258,NA,NA,NA,NA,NA,NA,NA,NA,NA,NA,NA,NA,NA,NA,NA,NA,NA,NA,NA,NA,NA,NA,NA,NA,NA
"E5RHS5",NA,NA,NA,NA,NA,NA,NA,NA,0.00778908179926007,NA,NA,NA,NA,NA,NA,NA,NA,NA,NA,NA,NA,NA,NA,NA,NA,NA,NA,NA,NA,NA,NA,NA,0.00410602176202361
"E5RI98",0.0254693213382841,NA,NA,NA,NA,NA,NA,NA,NA,NA,NA,NA,0.0183049550291434,0.00625,NA,NA,NA,NA,NA,NA,NA,0.0282117850441176,0.0127472522615824,NA,NA,NA,NA,NA,NA,NA,0.0180022559070737,NA,NA
"E5RIA2",NA,NA,0.00220373265817313,NA,NA,0.00187282664472119,NA,NA,NA,NA,NA,NA,NA,NA,NA,NA,NA,NA,NA,NA,NA,NA,NA,NA,NA,NA,NA,NA,NA,NA,NA,NA,NA
"E5RID5",NA,NA,NA,NA,NA,NA,NA,NA,NA,NA,NA,NA,NA,NA,NA,NA,NA,NA,0.0117274858714459,NA,NA,NA,NA,NA,NA,0.0034336525056937,NA,NA,NA,NA,NA,NA,NA
"E5RII3",NA,NA,NA,NA,0.0251783077165741,NA,NA,NA,NA,NA,NA,NA,NA,NA,NA,NA,NA,NA,NA,NA,NA,NA,NA,NA,NA,NA,NA,NA,NA,NA,NA,NA,NA
"E5RIM3",NA,NA,NA,NA,NA,NA,NA,NA,NA,NA,NA,NA,NA,0.001808318,NA,NA,NA,NA,NA,NA,NA,NA,NA,NA,NA,NA,NA,NA,NA,NA,NA,NA,NA
"E5RIN3",NA,NA,NA,NA,NA,NA,NA,0.00806300672263004,NA,NA,NA,NA,NA,NA,NA,NA,NA,NA,NA,NA,NA,NA,NA,NA,NA,NA,NA,NA,NA,NA,NA,NA,NA
"E5RIP1",NA,NA,0.0111318967239686,NA,0.0513144851118748,NA,NA,NA,NA,NA,NA,NA,0.0112357780097851,NA,NA,0.0456548275863106,0.044051598683526,NA,0.0228274132681248,0.0721452376774174,0.0759435994126687,NA,0.0221691339245867,0.0411955164834458,0.0213863820208243,NA,0.038904014125861,0.0429206996160955,NA,NA,NA,0.0181025136717275,0.0201730619467007
"E5RIR4",NA,0.0210372956691433,0.028220596092257,NA,0.044062038267958,0.0272526578963938,NA,0.0214619313623673,0.0250358380667681,NA,0.043349412080358,0.0462612908986765,0.0775760931782392,0.061151139,NA,NA,NA,NA,NA,0.0298019440836765,NA,0.0401234281198434,0.0492893750715253,NA,NA,NA,0.035791692888417,0.0234728538723341,NA,NA,NA,NA,0.018559217362149
"E5RIT6",NA,0.0232443336168763,0.00728300768808158,NA,0.0147529144932687,NA,NA,0.0238457111721097,NA,NA,NA,0.00508241717328298,0.00807571560604733,0.007220644,NA,NA,NA,NA,0.00451198099401741,0.020556561363621,NA,0.0242445027722885,NA,NA,NA,NA,0.00885471539027656,0.00694108187021719,NA,NA,NA,0.0260223639235555,0.0083716704246182
"E5RIW3",NA,NA,NA,NA,NA,NA,NA,NA,NA,NA,NA,0.0129077262576313,NA,NA,NA,NA,NA,NA,NA,NA,NA,NA,NA,NA,NA,NA,NA,NA,NA,NA,NA,NA,NA
"E5RIZ5",NA,NA,NA,NA,NA,NA,NA,NA,NA,NA,NA,NA,NA,NA,NA,NA,NA,0.119130989245468,NA,NA,NA,NA,NA,NA,NA,NA,NA,NA,NA,NA,NA,NA,NA
"E5RJF5",NA,NA,NA,0.0039422190415867,NA,0.00309234146509626,NA,NA,0.00341149688971994,NA,NA,NA,NA,0.034403839,NA,NA,NA,NA,0.00407000400556234,NA,NA,NA,NA,NA,NA,NA,NA,NA,NA,NA,NA,NA,NA
"E5RJH4",NA,NA,NA,NA,NA,NA,NA,NA,NA,NA,NA,NA,NA,NA,NA,NA,NA,NA,NA,NA,NA,NA,NA,NA,NA,NA,NA,NA,NA,NA,NA,NA,0.00463980434053725
"E5RJP4",NA,NA,NA,NA,NA,NA,NA,NA,NA,NA,NA,NA,NA,NA,NA,NA,NA,NA,0.00162046468416642,NA,NA,NA,NA,NA,NA,NA,NA,NA,NA,NA,NA,NA,NA
"E5RJR3",NA,NA,NA,NA,NA,NA,NA,NA,NA,NA,NA,NA,NA,0.013888889,NA,NA,NA,NA,NA,NA,NA,NA,NA,NA,NA,NA,NA,NA,NA,NA,NA,NA,NA
"E5RJU9",NA,NA,0.0018115587785098,NA,0.0027835685763516,NA,NA,0.00340237337900523,0.00415172722237151,NA,NA,0.000745847295270645,0.0052009644875392,0.012849094,NA,NA,NA,NA,0.00165103931121581,0.00391353902151584,NA,NA,NA,NA,NA,NA,NA,NA,NA,NA,NA,NA,0.00645633135401838
"E5RJY1",NA,NA,0.00497152686128974,NA,0.00458342980964955,0.0154917302440529,0.0264245209081186,0.0132687338331904,0.0170906059827134,NA,NA,NA,0.0301075226809439,0.014563107,NA,NA,NA,NA,0.00339825581241364,NA,NA,0.00547801659011312,NA,NA,0.00477560003109815,NA,NA,NA,NA,NA,NA,0.00404230901559124,NA
"E5RK69",0.00336016878668725,0.00297230240353191,NA,0.00375383825221829,0.0043284390192681,0.00267446832942165,NA,0.00467240865476276,0.00290653146053757,NA,0.00430979761352972,NA,0.00518050566344002,0.015645281,NA,0.00307630710020634,0.0028340890633219,0.00287612226667382,0.00738712895251194,0.00343815678148067,0.00271437967790077,NA,0.00332795370177639,0.00568718987287918,0.00140138646647985,NA,NA,NA,0.00321130856263677,NA,0.00111902118730401,NA,0.00654331376599043
"E5RK99",NA,NA,NA,0.0267655919049347,0.0248470134361536,0.0323678632101319,NA,0.0509507736177955,0.0347434022799945,NA,NA,0.0570657367395413,0.068006026482617,NA,NA,0.0172707402048256,NA,NA,NA,NA,NA,0.0296966153013741,0.026836320067646,0.037401192285136,0.0129443896356429,NA,NA,NA,0.023306130318541,NA,NA,NA,NA
"E7EM57",NA,NA,NA,NA,0.00147529144932687,NA,NA,NA,NA,NA,NA,NA,0.00403785780302366,NA,NA,NA,NA,NA,NA,0.00345695932150873,NA,NA,NA,0.00175188192936693,NA,NA,NA,NA,NA,NA,NA,NA,0.00579975542567156
"E7EMB3",NA,0.0137744200313072,0.0169334415993292,0.0181623664077129,0.0181093975150052,0.0113447211712037,0.00836167647147397,0.0364568407097991,0.00698544605419637,NA,0.0113686898355936,0.0229470685410393,0.00638081284116905,0.031305115,0.0256838943223971,0.0181955016535355,NA,NA,0.0166676355513563,0.0234122110964981,NA,0.0134341834618152,0.012140240346248,0.0319592202888185,0.00817022886531077,NA,0.00710152642356162,0.00979341365184599,NA,NA,NA,0.0132177087653254,0.0294590754136869
"E7EMC6",NA,0.00420745893547702,0.00788790454870464,NA,0.0032188177934574,0.00266948751358783,NA,NA,NA,NA,0.00560273714315234,0.00983334039522925,0.00559356882583061,0.013821972,0.00675564216927212,0.00597762047947968,NA,NA,NA,NA,NA,0.00638327296319455,NA,NA,NA,NA,0.00472574274863731,0.00605767180934449,NA,NA,NA,0.00471031100830754,NA
"E7EMD0",NA,NA,NA,NA,0.00338822940535303,NA,NA,NA,NA,NA,NA,NA,NA,NA,NA,NA,NA,NA,NA,NA,NA,0.00275737811677018,NA,0.00566684711494551,NA,NA,NA,NA,NA,NA,NA,NA,NA
"E7EMK3",NA,NA,NA,NA,NA,NA,NA,NA,NA,NA,NA,NA,NA,NA,NA,NA,NA,NA,NA,NA,NA,NA,NA,NA,NA,NA,NA,NA,NA,0.00478364490145042,NA,NA,NA
"E7EMU4",NA,NA,NA,NA,NA,NA,NA,0.00425756856163412,NA,NA,NA,NA,NA,NA,NA,NA,NA,NA,NA,NA,NA,NA,NA,NA,NA,NA,NA,NA,NA,NA,NA,NA,NA
"E7EMV8",NA,NA,0.0203807869488378,NA,0.0105692523152054,NA,NA,NA,NA,NA,NA,0.0161828207046089,0.0111854692734227,NA,NA,0.023508829373189,NA,NA,NA,0.0192626585481842,NA,NA,0.00761030029905853,NA,NA,NA,NA,NA,NA,NA,NA,0.0124285916128259,NA
"E7EN72",NA,NA,NA,NA,NA,NA,NA,0.00151853315446779,NA,NA,NA,NA,NA,NA,NA,NA,NA,NA,NA,NA,NA,NA,NA,NA,NA,NA,NA,NA,NA,NA,NA,NA,NA
"E7EN95",0.000611263712118819,0.000471085161302026,0.00208837721834664,0.000673823788335559,0.00153172547807968,0.00130643695785367,NA,0.0021250190786136,0.000232266177240145,NA,0.00152017107946941,0.00205878283793098,0.00116290304727082,0.003737842,0.000809042664683168,0.00052503051566748,0.00101318676668154,0.000725507721934527,0.000787545773501221,0.000856308182909912,NA,0.000517215682985021,NA,NA,0.000163962593363429,NA,0.00073447506621695,0.0007403820661565,0.000674065853960888,NA,NA,0.00117968077543973,0.000347985325540293
"E7END6",NA,NA,NA,NA,NA,NA,NA,NA,NA,NA,NA,NA,NA,NA,NA,0.00254047040646539,NA,NA,NA,NA,NA,NA,NA,0.00547612452122289,NA,NA,NA,NA,NA,NA,NA,NA,NA
"E7END7",NA,NA,NA,NA,0.00181924160596283,0.00691754978431109,NA,NA,NA,NA,0.00709721652994066,0.00626733543687142,NA,0.001926782,NA,0.00606971713229395,NA,NA,NA,0.00905869917310518,NA,0.00326147757665249,NA,NA,0.00568655273485763,NA,0.012930524840884,NA,NA,NA,NA,NA,NA
"E7ENL6",0.00443050295686326,0.00475590123905601,0.00354444354326328,0.009088533222885,0.00230067570706467,0.00307065022356336,0.00271353590935327,0.00134937740238352,0.00334355774123331,0.00306815675504962,0.0031101477329613,0.00265441285591682,0.00240986486156476,0.001765891,NA,0.00173330424259368,0.00125815303675627,0.00661958457303636,0.00196942621640482,0.00403101258350911,0.00322418633698457,0.00142193716062202,0.00155103568596048,0.00183950549298813,0.00336782690645492,0.00125136022780881,0.00225048322166822,0.00153007653944729,0.00462869322349626,NA,0.0016595343603424,0.00187586269831722,0.00153904537081704
"E7ENQ8",NA,NA,0.00525197176145867,0.0052158588988096,NA,NA,NA,0.0140172259642883,NA,NA,NA,NA,0.00530098241913727,0.012820513,NA,NA,NA,NA,NA,NA,NA,NA,NA,NA,NA,NA,0.00458867846072112,NA,NA,NA,NA,0.0042703365371071,NA
"E7ENU9",NA,NA,NA,0.00531662021965915,NA,NA,NA,NA,NA,NA,NA,0.0103753532160661,NA,NA,NA,NA,NA,NA,NA,NA,NA,NA,NA,NA,NA,NA,NA,NA,NA,NA,NA,NA,NA
"E7ENV7",NA,NA,0.000669369201003192,NA,NA,NA,NA,0.000510431128670911,NA,NA,NA,NA,NA,NA,NA,NA,NA,NA,NA,0.000867629309852734,NA,NA,NA,NA,NA,NA,NA,NA,NA,NA,NA,NA,NA
"E7ENZ3",NA,NA,NA,NA,NA,NA,NA,NA,NA,NA,NA,NA,NA,NA,NA,NA,NA,NA,NA,NA,NA,NA,NA,NA,NA,NA,NA,0.00101561366978169,NA,NA,NA,NA,NA
"E7EPA6",NA,NA,NA,0.00175360784720497,NA,NA,NA,NA,NA,NA,NA,0.0026483096183129,0.00222778318772688,NA,NA,NA,NA,NA,NA,NA,NA,0.00145922975503614,0.00175824176158241,NA,NA,NA,0.00539960905690934,NA,NA,NA,NA,NA,0.00319986519043408
"E7EPB3",NA,NA,NA,NA,NA,NA,NA,NA,NA,NA,NA,NA,NA,NA,NA,NA,NA,NA,NA,NA,NA,NA,NA,NA,NA,NA,NA,0.0238832920745286,NA,NA,NA,NA,NA
"E7EPG1",NA,NA,NA,NA,NA,NA,NA,NA,NA,NA,NA,NA,NA,NA,NA,NA,0.00108594472158371,0.00126956270523162,NA,NA,NA,0.00181426265663094,NA,NA,NA,NA,NA,NA,NA,NA,NA,NA,0.000497299796983991
"E7EPK1",NA,NA,NA,NA,NA,NA,NA,NA,NA,NA,NA,NA,NA,0.001246883,NA,NA,NA,NA,NA,NA,NA,NA,NA,NA,NA,NA,NA,NA,NA,NA,NA,NA,NA
"E7EPL9",NA,NA,NA,NA,NA,NA,NA,NA,NA,NA,NA,NA,NA,NA,NA,NA,NA,NA,NA,NA,NA,NA,NA,0.00236874219069191,NA,NA,NA,NA,NA,NA,NA,NA,NA
"E7EPN9",NA,NA,NA,NA,NA,NA,NA,NA,NA,NA,NA,NA,NA,NA,NA,0.000542106608159049,NA,NA,NA,NA,NA,NA,NA,NA,NA,NA,NA,NA,NA,NA,NA,NA,NA
"E7EPW6",NA,NA,NA,NA,NA,NA,NA,NA,NA,NA,NA,NA,NA,0.0125,NA,NA,NA,NA,NA,NA,NA,NA,NA,NA,NA,NA,NA,NA,NA,NA,NA,NA,NA
"E7EQ29",NA,0.00235385684498344,NA,NA,NA,NA,NA,NA,NA,NA,NA,NA,0.00327117598094417,0.010021097,NA,NA,NA,NA,0.00498446645567689,0.00350071834227062,NA,NA,NA,NA,NA,NA,NA,NA,NA,NA,NA,NA,NA
"E7EQ72",NA,NA,NA,NA,NA,NA,NA,NA,NA,NA,NA,NA,NA,NA,NA,NA,NA,NA,NA,0.0112593076603381,NA,NA,NA,NA,NA,NA,0.0102457138999765,NA,NA,NA,NA,NA,NA
"E7EQB2",NA,NA,NA,NA,NA,NA,NA,NA,NA,0.000509424097116203,NA,0.00505051314654723,NA,NA,NA,NA,0.00270949748662307,NA,0.00226306213302423,NA,NA,NA,NA,NA,0.00212020130118288,NA,NA,0.00255980880164254,NA,0.00200517819092621,NA,NA,NA
"E7EQD9",NA,NA,NA,NA,NA,NA,NA,NA,NA,NA,NA,NA,NA,NA,NA,NA,NA,NA,NA,NA,NA,NA,NA,0.00156352618284124,NA,NA,NA,NA,NA,NA,NA,NA,NA
"E7EQG2",NA,0.00374531050762446,0.00618812390814615,0.0092183610135052,NA,NA,0.00212199675468345,0.0220210199280554,0.00265911234207075,NA,0.00741884276548482,0.00682432607335235,0.0107220777345295,NA,0.00162949175221482,0.00898843737328373,NA,0.00626247486602015,NA,0.00877294857492974,NA,0.00170463955924931,0.00320927780300124,0.00397573384523547,0.000743031405459294,NA,0.00259066268234921,0.00149120253226972,NA,NA,NA,NA,NA
"E7EQJ3",NA,NA,NA,NA,NA,NA,NA,NA,NA,NA,NA,NA,0.0113592483363489,0.008241758,NA,NA,NA,NA,NA,NA,NA,NA,NA,NA,NA,NA,NA,NA,NA,NA,NA,NA,NA
"E7EQR4",NA,0.000492493254548059,0.00238392605440308,0.00113641576986492,0.00635596061972047,NA,NA,0.00838356961483887,NA,NA,NA,0.00420642855515538,0.00494984048451616,0.000931099,NA,NA,NA,NA,0.00146656563929191,0.00350202258388344,NA,NA,0.00116052004369627,0.00249225219850209,NA,NA,NA,NA,NA,NA,NA,NA,NA
"E7EQR6",0.0103635377591384,NA,0.00916232935118135,NA,0.00934753254390904,0.00434781501532015,NA,0.0138612668700903,NA,NA,NA,0.00689349899086085,0.0145524250504149,0.009536785,NA,0.00286120209793738,NA,NA,NA,0.00964557581829114,NA,NA,0.00555738489595593,0.00516347044948596,NA,NA,0.00556705512333386,NA,NA,0.00507031504801832,NA,0.00555900063808997,0.00632125922597839
"E7EQT4",NA,NA,NA,NA,0.00116279120173771,NA,0.00216250235407581,0.00155842835322956,NA,NA,NA,NA,0.00127301911208559,0.000821018,0.000442825726981897,NA,NA,NA,NA,NA,NA,NA,NA,NA,NA,NA,NA,NA,NA,NA,NA,NA,NA
"E7EQU1",NA,NA,NA,NA,NA,NA,NA,NA,NA,NA,NA,NA,NA,NA,NA,0.00544073057452431,NA,NA,NA,NA,NA,NA,NA,NA,NA,NA,NA,NA,NA,NA,NA,NA,NA
"E7EQV3",NA,NA,NA,NA,NA,NA,NA,NA,NA,NA,NA,NA,NA,0.000978474,NA,NA,NA,NA,NA,NA,NA,NA,NA,NA,NA,NA,NA,NA,NA,NA,NA,NA,NA
"E7EQY4",NA,NA,NA,NA,NA,NA,NA,NA,NA,NA,NA,NA,NA,NA,NA,NA,NA,NA,NA,0.00116937263151971,NA,NA,NA,NA,NA,NA,NA,NA,NA,NA,NA,NA,NA
"E7ER44",NA,NA,NA,NA,NA,NA,NA,NA,NA,NA,NA,NA,NA,NA,NA,NA,NA,NA,NA,NA,NA,0.000962973171396096,NA,NA,NA,NA,NA,NA,NA,NA,NA,NA,NA
"E7ER77",NA,NA,NA,NA,NA,NA,NA,NA,NA,NA,NA,NA,NA,0.00308642,NA,NA,NA,NA,NA,NA,NA,NA,NA,NA,NA,NA,NA,NA,NA,NA,NA,NA,NA
"E7ER83",NA,NA,NA,NA,0.0108944603692691,NA,NA,NA,NA,NA,NA,NA,NA,NA,NA,NA,NA,NA,NA,NA,NA,NA,NA,NA,NA,NA,NA,NA,NA,NA,NA,NA,NA
"E7ERA2",NA,NA,NA,NA,0.0214587849749871,NA,NA,NA,NA,NA,NA,NA,NA,NA,NA,NA,NA,NA,NA,0.0251415226399435,NA,NA,NA,NA,NA,NA,NA,NA,NA,NA,NA,NA,NA
"E7ERC4",NA,NA,NA,NA,0.0102628968335377,NA,NA,0.00990347491559061,NA,NA,NA,NA,0.00561788952173833,NA,NA,NA,NA,NA,NA,NA,NA,0.00613299719029697,0.00554228399103677,NA,NA,NA,NA,NA,NA,NA,NA,NA,0.00504326595065561
"E7ERC8",NA,0.0326742049637347,NA,NA,0.0503200187633395,NA,NA,0.0158916224330268,0.0153517355636566,NA,NA,0.0378226395047279,0.0240393395265451,0.01910299,0.0250865943039148,NA,0.00589062024170843,NA,0.0183150175,0.0257262089557034,NA,0.00984132010179184,NA,NA,NA,NA,0.0104045619069769,NA,NA,NA,NA,0.00968274008394427,0.0485560915689867
"E7ERF2",NA,0.00248560994289639,0.00256675352461611,NA,0.00611315455647731,0.0109975751416748,0.00396079356355544,0.0125592941151221,NA,NA,0.0143604504909699,NA,0.00323838211501113,0.013784461,0.00270356816405977,NA,0.0101572611667487,NA,0.00263173226075975,NA,NA,NA,0.00255584039493017,0.00237467920611866,NA,NA,0.00336388046653323,0.00494825074460468,NA,NA,NA,NA,0.0046514326181755
"E7ERK6",NA,0.00593867210930611,0.0109874712258178,0.012180748728526,0.016961434762683,0.0095547796740333,NA,0.00818371003963193,0.0210818252174549,0.0191079875620511,NA,NA,NA,0.005988024,NA,0.0062877906570985,NA,NA,0.00314389532854925,0.00331205686147487,NA,0.00225243794569356,NA,0.019857719122746,0.0117817197665099,NA,NA,0.00591123410841962,NA,NA,NA,NA,0.0111133038985765
"E7ERL0",NA,0.0181973989404426,0.00782977467340121,0.00933112402598095,0.021655654475291,0.00365974359074211,NA,NA,0.00605618946900511,NA,NA,0.00994723858386264,0.00189668143210793,0.009174312,0.00989654643615302,0.00481679376025435,0.00697146863385573,NA,0.0144503812807631,NA,NA,0.0207058974457335,NA,0.00869263196198842,0.0090254458761796,NA,0.00410455196958149,NA,NA,NA,NA,0.00763959313959175,0.00425670126390429
"E7ERP7",NA,NA,0.0202644575570836,0.00464425799326146,0.0075448699091838,0.017122252125929,0.0192433098893413,NA,0.0221046302667654,0.00485697696411557,NA,NA,0.00944010581951728,0.005479452,NA,0.00739198233459877,NA,0.00540868671832597,NA,0.0101025294230185,NA,0.0136120790790036,NA,0.00746316001533169,0.0157224088574648,0.00456252467186071,NA,0.00563456715076217,NA,NA,NA,NA,0.00847452839112183
"E7ES19",NA,NA,0.00311349900311084,NA,NA,NA,NA,NA,NA,NA,NA,NA,NA,NA,NA,NA,NA,NA,NA,NA,NA,NA,NA,NA,NA,NA,NA,NA,NA,NA,NA,NA,NA
"E7ESH4",NA,NA,NA,NA,NA,NA,NA,NA,NA,NA,NA,0.00926708593531823,0.00662622776549869,NA,NA,NA,NA,NA,NA,NA,NA,0.00337576916022322,0.00653705202346578,NA,NA,NA,NA,NA,NA,NA,NA,NA,NA
"E7ESI2",NA,NA,NA,NA,NA,NA,NA,NA,NA,NA,NA,NA,NA,0.004201681,NA,NA,NA,NA,NA,NA,NA,NA,NA,NA,NA,NA,NA,NA,NA,NA,NA,NA,NA
"E7ESM3",NA,NA,NA,NA,0.0153526268406791,NA,NA,0.0111112160256245,NA,NA,NA,0.0264450975927813,0.0084039964172965,NA,NA,NA,NA,NA,NA,0.00899371497522271,NA,NA,NA,NA,NA,NA,NA,NA,NA,NA,NA,NA,0.00754439702254388
"E7ESS4",NA,NA,NA,NA,NA,NA,NA,NA,NA,NA,NA,NA,0.00447485506066449,NA,NA,NA,NA,NA,NA,NA,NA,NA,NA,NA,NA,NA,NA,NA,NA,NA,NA,NA,NA
"E7ETC2",NA,NA,NA,NA,0.00268999024960422,NA,NA,NA,NA,NA,NA,NA,NA,NA,NA,NA,NA,NA,NA,0.000450234382033296,NA,NA,NA,NA,NA,NA,NA,NA,NA,NA,NA,NA,NA
"E7ETK5",NA,NA,NA,NA,NA,NA,NA,NA,NA,NA,NA,NA,NA,NA,NA,NA,NA,NA,NA,0.00496065919047622,NA,NA,NA,NA,NA,NA,NA,NA,NA,NA,NA,NA,NA
"E7ETU9",NA,NA,0.00268186112388898,NA,0.00229915556675528,0.00118723804873115,NA,0.00295818065328452,NA,NA,NA,NA,0.0064326049249739,0.004085498,NA,NA,NA,NA,NA,NA,NA,NA,NA,NA,0.00159703542348841,NA,NA,0.00320511692591975,NA,NA,NA,0.00135181142653215,0.000753214701112399
"E7ETV3",NA,NA,NA,NA,NA,NA,NA,NA,NA,NA,NA,NA,0.00608053887006455,NA,NA,NA,NA,NA,NA,0.00650721761144154,NA,NA,NA,NA,NA,NA,NA,NA,NA,NA,NA,NA,NA
"E7ETZ0",NA,0.0175532430414276,0.0468262097137791,NA,0.020889082652169,0.0335368534261302,0.0233090981470924,0.0423307830160084,NA,NA,NA,NA,NA,0.072271386,NA,0.034847158426178,NA,NA,NA,0.0228424455702833,NA,0.00998647312125803,NA,0.0466760999249684,0.0130589412165427,NA,NA,NA,0.0169811630806136,NA,0.012744959662319,NA,0.0492722583604007
"E7EUC9",NA,NA,NA,NA,NA,0.00759832510752755,NA,NA,NA,NA,0.00194891793011207,0.0103261814398046,NA,0,NA,NA,NA,NA,NA,NA,NA,NA,NA,NA,NA,NA,NA,NA,NA,NA,NA,NA,NA
"E7EUI8",NA,NA,NA,NA,NA,NA,NA,NA,NA,NA,NA,NA,NA,0.00295858,NA,NA,NA,NA,NA,NA,NA,NA,NA,NA,NA,NA,NA,NA,NA,NA,NA,NA,0.00137272323258267
"E7EUT5",0.0142567007921716,0.0259980366374323,0.0428208564784694,0.026712456957991,0.0444174971141785,NA,0.0260415435528275,0.0489911601225379,0.0237063047800538,NA,0.0103786236604076,0.0286501336936641,0.0375522770705984,0.026302101,0.0226147693994505,0.0140394755982252,0.0214571974085212,0.0163822569333752,0.0455093321798699,0.0258877756190074,0.0301607857339092,0.0382408737593918,0.0236484607077848,0.031250580742573,0.024873805299162,0.00975188302584403,0.0382634260388443,0.0216821184226758,0.0212764668710215,NA,0.0186269591501773,0.0296168059890577,0.0200536584379187
"E7EUU4",NA,NA,0.000493321501306518,NA,NA,NA,NA,0.000841191272679176,NA,NA,NA,0.00121864816563508,0.00130290313617145,0.001119942,NA,NA,NA,NA,NA,NA,NA,NA,0.000982447048283051,NA,NA,NA,NA,NA,NA,NA,NA,0.00120334655408637,NA
"E7EVA0",NA,NA,0.000291024209751104,0.000645691009489731,NA,NA,NA,0.000710817331070502,0.000650489467495275,NA,NA,0.000496269439903788,0.000837226105155938,0.00131651,0.000146094766941381,NA,0.000514569189568086,NA,NA,NA,NA,NA,0.000388438350035663,NA,NA,NA,0.000302959679246328,NA,NA,NA,NA,0.000470491001463048,0.000386192258362881
"E7EVQ6",NA,NA,0.00259274605871056,NA,NA,NA,NA,NA,NA,NA,NA,NA,NA,NA,NA,NA,NA,NA,NA,NA,NA,NA,NA,NA,NA,NA,NA,NA,NA,NA,NA,NA,NA
"E7EVW7",NA,NA,NA,NA,NA,NA,NA,NA,NA,NA,NA,NA,0.00173438151437283,0.006711409,NA,NA,NA,NA,NA,NA,NA,NA,NA,NA,NA,NA,NA,NA,NA,NA,NA,NA,NA
"E7EW20",NA,NA,NA,NA,NA,NA,NA,NA,NA,NA,NA,NA,NA,0.000422297,NA,NA,NA,NA,NA,NA,NA,NA,NA,NA,NA,NA,NA,NA,NA,NA,NA,NA,NA
"E7EWR4",NA,NA,NA,NA,NA,NA,NA,NA,NA,NA,NA,0.00463607197844454,0.00338545265443918,NA,NA,NA,0.00105342750549383,NA,0.00229270955618294,NA,NA,NA,0.0011132970828581,NA,NA,NA,NA,NA,NA,NA,NA,NA,NA
"E7EX17",NA,NA,NA,NA,0.000835563532691525,NA,NA,NA,NA,NA,0.000482918202528294,0.00143926898303994,0.0018295431628455,0.006342183,0.00095462288048981,NA,NA,NA,NA,NA,NA,NA,NA,NA,NA,NA,NA,NA,NA,NA,NA,NA,0.00328481722402672
"E7EX44",NA,NA,NA,NA,NA,NA,NA,NA,NA,NA,NA,NA,NA,0.002548846,NA,NA,NA,NA,NA,NA,NA,NA,NA,NA,NA,NA,NA,NA,NA,NA,NA,NA,NA
"E7EX90",NA,NA,NA,NA,NA,0.000515199697194354,NA,0.000630387327510224,NA,NA,NA,NA,0.00127145306931526,0.001230012,NA,NA,NA,NA,NA,NA,NA,NA,NA,NA,NA,NA,NA,NA,NA,NA,NA,NA,NA
"E8ZWG7",NA,NA,NA,NA,NA,NA,NA,NA,NA,NA,NA,NA,NA,NA,NA,NA,NA,NA,NA,NA,NA,0.0126794538890151,NA,NA,NA,NA,NA,NA,NA,NA,NA,NA,NA
"E9LUX2",NA,NA,0.0288488596060676,NA,0.0265968035137081,NA,NA,NA,NA,NA,NA,NA,NA,NA,NA,NA,NA,NA,NA,NA,NA,NA,NA,NA,NA,NA,NA,NA,NA,NA,NA,NA,NA
"E9NGZ5",NA,NA,NA,NA,NA,NA,NA,NA,NA,NA,NA,NA,NA,NA,0.0561237632087111,NA,NA,NA,0.0362763156412286,NA,NA,NA,NA,NA,NA,0.04870133204518,NA,NA,NA,NA,0.0423535464673337,0.0359236010984523,NA
"E9PAU3",NA,NA,NA,NA,NA,0.0419907419577375,0.0970394549499631,NA,NA,NA,NA,NA,NA,NA,NA,NA,NA,NA,NA,NA,NA,NA,NA,NA,NA,NA,NA,NA,NA,NA,NA,NA,NA
"E9PAV3",NA,NA,NA,NA,0.00063064767479971,0.000270632305211858,NA,NA,NA,NA,NA,NA,0.000717714817410815,0.001017639,0.000365917052553562,0.000237462901748151,NA,NA,0.000474925803496301,NA,NA,NA,NA,NA,NA,NA,NA,NA,NA,NA,NA,NA,NA
"E9PB61",NA,0.0112699795748158,0.0187499377303555,NA,0.0169882043391127,NA,0.00798160065134196,0.0163932521452947,0.00611226485733872,NA,0.00310055192217019,0.00205350146106675,0.00717841341262358,0.011805556,NA,0.00397750412931204,0.00959457168488386,NA,0.0238650237258112,0.00628538038342914,NA,0.0128235382460638,0.0135198132519281,0.00179450128635874,0.00372641533229056,NA,0.0169468243385182,NA,NA,NA,NA,0.00473133874378906,NA
"E9PBF6",NA,NA,0.0064373327054829,NA,NA,NA,NA,NA,NA,NA,NA,NA,0.00639141128111898,NA,NA,0.00354816147518599,NA,NA,NA,NA,NA,NA,NA,NA,NA,NA,NA,NA,NA,NA,NA,NA,NA
"E9PBS1",NA,0.00289142352776487,0.00821099133784482,NA,0.00321151923159929,0.0023260178574952,NA,0.0105146221281751,0.0104781690812946,NA,NA,0.00316107590670554,0.00301367823553048,0.00728863,NA,NA,NA,NA,0.00612280506785515,NA,NA,0.00658000841043541,0.0029731201680428,NA,NA,NA,NA,NA,NA,NA,NA,NA,0.0040581380532684
"E9PBT8",NA,NA,NA,NA,NA,NA,NA,NA,0.00313784705828627,NA,NA,NA,NA,NA,NA,NA,NA,NA,NA,NA,NA,NA,NA,NA,NA,NA,NA,NA,NA,NA,NA,NA,NA
"E9PBW4",NA,NA,NA,NA,NA,NA,NA,NA,NA,NA,NA,NA,NA,NA,0.0351757684049111,NA,NA,NA,0.0199739868721244,NA,NA,NA,NA,0.0231724781995939,NA,0.0217215846335993,NA,NA,NA,NA,0.0156541357383458,NA,NA
"E9PC52",NA,NA,NA,NA,0.00824617011765499,NA,NA,NA,NA,NA,NA,NA,NA,NA,NA,NA,NA,NA,NA,NA,NA,0.00492782245888292,NA,NA,NA,NA,NA,NA,NA,NA,NA,NA,NA
"E9PC84",0.00102006384249136,0.00557483865873816,0.00401284887585491,0.00407608062110432,0.00463431296580678,0.00391987254172487,0.00786707113754218,NA,0.00829588061462826,0.00159506594920964,0.00247207911154797,0.00391438283507532,NA,0.000971594,0.000512701123845253,0.0010191451344504,0.00318453111536848,0.00327994282595859,0.00321789627961052,0.00420368687194823,0.00147588004236907,0.000619431494085466,NA,0.00109429256731832,NA,0.000949802807433437,NA,0.00150114438265407,0.0032446597276801,NA,0.00149556693317983,0.00244492308346011,NA
"E9PCB3",NA,NA,0.018620627433572,0.0369851818372458,0.0128752711738296,0.0217588387751167,0.0191558402989352,0.0331316255034739,0.0160030215815591,0.00966979959219372,NA,0.0394272358590744,NA,0.013636364,NA,0.0286380278409368,NA,NA,0.0286380278409368,0.010056608834732,NA,0.0205176616450907,0.0278121864744216,NA,0.0089433962072332,NA,0.0203361893851803,0.0269229839546429,NA,NA,NA,0.0378507107830282,0.0253080234225775
"E9PCX2",NA,NA,NA,NA,0.00621175312299178,NA,NA,NA,NA,NA,NA,NA,0.00680060223478506,NA,NA,NA,NA,NA,NA,NA,NA,NA,NA,NA,NA,NA,NA,NA,NA,NA,NA,NA,NA
"E9PCY5",NA,NA,0.000999155878167251,NA,NA,NA,NA,NA,NA,NA,NA,NA,NA,NA,NA,NA,NA,NA,NA,NA,NA,NA,NA,NA,NA,NA,NA,NA,NA,NA,NA,NA,NA
"E9PCY7",NA,0.0061034358800484,NA,0.00191542828274909,NA,NA,NA,0.0154427073738468,0.00568307469628408,NA,0.00187184203352313,NA,NA,0.00462963,0.00380905161214772,NA,0.00858632825643696,0.00111535115286202,0.0111235275183581,0.00937480463969092,NA,0.00535090331447554,NA,0.00446090814820487,0.00416853203878234,NA,NA,0.00172629654332444,0.0016678593673642,NA,NA,NA,0.0071151158292313
"E9PD53",NA,NA,NA,NA,NA,NA,NA,0.00117311582767741,NA,NA,NA,NA,NA,NA,NA,NA,NA,NA,NA,NA,NA,NA,NA,NA,NA,NA,NA,NA,NA,NA,NA,NA,NA
"E9PDQ8",NA,NA,NA,NA,0.00140503925074308,NA,NA,NA,NA,NA,NA,NA,0.0046146949273675,NA,NA,NA,NA,NA,NA,NA,NA,NA,NA,NA,NA,NA,NA,NA,NA,NA,NA,NA,NA
"E9PDU6",NA,NA,0.00526096468667077,NA,NA,NA,NA,NA,NA,NA,NA,NA,0.00354004019916478,NA,NA,NA,NA,NA,NA,NA,NA,0.007729256099178,NA,NA,NA,NA,NA,NA,NA,NA,NA,NA,NA
"E9PEB5",NA,0.00170054602570744,0.00240831172143708,NA,0.00589307128620662,0.00155041236435664,0.00325176330636682,0.0124462350924909,NA,NA,0.00140354223796561,NA,0.00106346915142537,0.00264142,0.00821250471259105,NA,0.00138983084170127,NA,NA,0.00772639147550365,NA,0.00212846069208148,0.00316899036717355,NA,0.00202422533325916,NA,0.00398912912877027,0.00252210657248168,NA,NA,NA,0.00376949471579491,0.00716019152839962
"E9PEF9",NA,NA,NA,NA,NA,NA,NA,0.0132046338282006,NA,NA,NA,NA,NA,NA,NA,NA,NA,NA,NA,NA,NA,NA,NA,NA,NA,NA,NA,NA,NA,NA,NA,NA,NA
"E9PEJ4",NA,NA,0.00233288011756818,NA,NA,NA,NA,NA,NA,NA,NA,NA,NA,NA,NA,NA,NA,NA,NA,NA,NA,NA,NA,NA,NA,NA,NA,NA,NA,NA,NA,NA,NA
"E9PEW8",0.100893564805913,0.0711591055542188,0.0178738981834004,0.0234962151574107,0.0397565901906362,NA,NA,0.0321749580075718,0.0295151886720314,0.0414576028638787,0.0204608020054592,0.0312764135408567,0.0149090135060637,NA,NA,0.0461677403976765,0.0213410689808845,NA,NA,NA,NA,NA,0.0568032918665637,0.0880685498441608,0.0764085262168072,NA,NA,NA,0.032211663657029,NA,NA,NA,NA
"E9PEX6",NA,NA,0.00268801719648322,NA,NA,NA,NA,0.00358708558902583,0.00231014756942974,NA,NA,NA,0.00286382913308816,0.00656168,NA,0.001378032893618,NA,NA,NA,0.00290348298761694,NA,NA,NA,0.00746060556375325,NA,NA,NA,NA,NA,NA,NA,NA,NA
"E9PF17",NA,NA,0.000955094538752537,NA,0.00332087963615499,NA,NA,NA,0.00602731121612132,NA,NA,NA,NA,NA,NA,NA,NA,NA,0.000908053927640315,0.00177697001432205,NA,NA,NA,NA,NA,NA,NA,NA,NA,NA,NA,NA,NA
"E9PFD2",NA,NA,NA,NA,NA,NA,NA,NA,NA,NA,NA,NA,NA,0,NA,NA,NA,NA,NA,NA,NA,NA,NA,NA,NA,NA,NA,NA,NA,NA,NA,NA,NA
"E9PFF2",NA,NA,NA,NA,NA,NA,NA,NA,NA,NA,NA,NA,0.00344563831401633,0.006666667,NA,NA,NA,NA,NA,NA,NA,NA,NA,NA,NA,NA,NA,NA,NA,NA,NA,NA,NA
"E9PFL9",NA,NA,NA,NA,NA,NA,NA,NA,NA,NA,NA,NA,NA,NA,NA,NA,NA,NA,NA,0.00825542572420864,NA,NA,NA,NA,NA,NA,NA,NA,NA,NA,NA,NA,NA
"E9PFN5",NA,NA,NA,NA,NA,NA,NA,NA,NA,NA,NA,NA,0.00544048220130469,NA,NA,NA,NA,NA,NA,NA,NA,NA,NA,NA,NA,NA,NA,NA,NA,NA,NA,NA,NA
"E9PFP8",NA,NA,NA,NA,NA,NA,0.00125425126000685,NA,NA,NA,NA,NA,NA,NA,NA,NA,NA,NA,NA,NA,NA,NA,NA,NA,NA,NA,NA,NA,NA,NA,NA,NA,NA
"E9PFT6",NA,NA,0.00242112159600183,NA,NA,NA,NA,NA,NA,NA,NA,NA,NA,NA,NA,NA,NA,0.0376640659171268,NA,NA,NA,NA,NA,NA,NA,NA,NA,NA,NA,NA,NA,NA,0.0111984368845384
"E9PFZ2",NA,0.00356747536335382,0.00306994768268664,0.00355697796258822,0.00370768736346384,0.00143493530464382,NA,NA,0.00204078150687096,NA,NA,0.00173341164068014,NA,0.001798561,NA,NA,0.0012148524739086,NA,0.00188859881857884,0.00375816501686202,NA,0.00340525950336554,NA,NA,0.00117958487228473,NA,NA,0.00245117204748736,NA,NA,0.00211057584146248,0.000776579785740059,NA
"E9PG15",NA,0.00732170475277952,0.0189018117588637,0.0147899358128203,0.0282213330855825,NA,0.00353547423422336,0.0189005916323313,0.00728804895264047,NA,NA,0.0157664842692595,0.0242813463696776,NA,0.0217192659632779,NA,NA,NA,0.00704738905625074,0.0239228797648332,NA,0.0151472673725639,0.0117704547955017,0.00914111918590838,0.00770292558730039,NA,0.0120106353836202,0.00946477582184871,NA,NA,NA,0.0183096317033835,0.0138398338814454
"E9PGC8",NA,NA,NA,NA,NA,NA,NA,NA,NA,NA,0.00139567683270316,NA,NA,NA,NA,NA,NA,NA,NA,NA,NA,NA,NA,NA,NA,NA,NA,NA,NA,NA,NA,NA,NA
"E9PGM4",NA,NA,NA,NA,NA,NA,NA,NA,NA,NA,NA,NA,NA,NA,NA,NA,NA,NA,NA,0.00321577639601967,NA,NA,NA,NA,NA,NA,NA,NA,NA,NA,NA,NA,NA
"E9PGN7",NA,NA,0.00368393680957015,0.00975628293474669,0.00188686330088081,0.00382649441165822,NA,0.00436987864386328,0.00729953952232648,NA,NA,NA,NA,NA,NA,NA,NA,NA,0.00503626386623058,0.00530564492490408,NA,NA,NA,0.00568043706264195,0.00196597413129215,NA,NA,0.00473465742875115,NA,NA,NA,0.00299537976836569,NA
"E9PGT1",NA,NA,0.00229626526024175,NA,0.00423402036651118,NA,NA,NA,NA,NA,NA,0.0072931542553919,NA,0.004484305,NA,NA,NA,NA,NA,NA,NA,NA,0.00914601072846005,NA,NA,NA,NA,NA,NA,NA,NA,NA,NA
"E9PGT6",NA,NA,NA,NA,0.00352308379033962,NA,NA,NA,NA,NA,NA,NA,NA,NA,NA,NA,NA,NA,NA,NA,NA,NA,NA,NA,NA,NA,NA,NA,NA,NA,NA,NA,NA
"E9PGV7",NA,NA,NA,NA,NA,NA,NA,NA,NA,NA,NA,NA,NA,NA,NA,NA,NA,NA,NA,NA,0.113915402612409,NA,NA,NA,NA,NA,NA,NA,NA,NA,NA,NA,NA
"E9PGX9",NA,NA,0.00853445398435352,NA,NA,NA,NA,NA,NA,NA,NA,NA,NA,NA,NA,NA,NA,NA,NA,NA,NA,NA,NA,NA,NA,NA,NA,NA,NA,NA,NA,NA,NA
"E9PHH3",NA,NA,NA,NA,NA,NA,NA,NA,NA,NA,NA,0.00752950644149375,NA,0.020833333,NA,NA,NA,NA,NA,NA,NA,NA,NA,NA,NA,NA,NA,NA,NA,NA,NA,NA,NA
"E9PHH9",NA,NA,NA,NA,NA,NA,NA,0.00221683625631517,NA,NA,NA,NA,NA,NA,NA,NA,NA,NA,NA,NA,NA,NA,NA,NA,NA,NA,NA,NA,NA,NA,NA,NA,NA
"E9PHI6",NA,NA,NA,NA,NA,NA,NA,NA,NA,NA,NA,NA,NA,0.002824859,NA,NA,NA,NA,NA,NA,NA,NA,NA,NA,NA,NA,NA,NA,NA,NA,NA,NA,NA
"E9PHK0",NA,NA,0.020802732418971,NA,0.0118023315946149,NA,NA,0.0170834945710637,0.00550103872367133,NA,0.00383693278881738,NA,NA,NA,NA,NA,NA,NA,NA,0.0138278372860349,NA,NA,NA,0.0177655664301893,0.00768573119244834,NA,NA,NA,NA,NA,NA,NA,NA
"E9PHT9",0.0475010650834148,0.0380275393796286,0.0777600238806306,0.0368150049696338,0.0349139377465886,0.024228400346212,NA,0.0446421151419739,0.0285739028554423,0.0163140788969181,0.0338808875952707,0.045675928718692,0.0501874708999456,0.048464266,0.0352956577405817,0.0246946863972182,0.0300433706473828,0.0268874784517228,0.0359683484916536,0.0358562325441544,NA,0.0317310461139036,0.0490078412976363,0.0295971674260731,0.0261534901182708,0.0132817058510406,0.0263497127699812,0.0358907580774743,0.0334149855238484,NA,0.0132531945504859,0.0382299919416868,0.0443106056401343
"E9PHY5",NA,NA,NA,NA,NA,NA,NA,NA,0.00107599789335294,NA,0.00300200148014881,NA,0.0012636817758847,0.003056235,NA,NA,NA,NA,NA,NA,NA,NA,NA,NA,NA,NA,NA,NA,NA,NA,NA,NA,NA
"E9PHZ5",NA,NA,NA,NA,NA,NA,NA,NA,NA,NA,NA,NA,0.0267735437332975,NA,NA,NA,NA,NA,NA,NA,NA,NA,NA,NA,NA,NA,NA,NA,NA,NA,NA,NA,NA
"E9PI03",NA,NA,NA,NA,NA,NA,0.0119723999234417,NA,NA,NA,NA,NA,NA,NA,NA,NA,NA,NA,NA,NA,NA,NA,NA,NA,NA,NA,NA,NA,NA,NA,NA,NA,NA
"E9PI04",NA,NA,NA,NA,0.00821031746683013,0.0138752013990036,NA,0.00792277993247249,0.00765361894073121,NA,NA,NA,0.00898862240782805,0.008695652,NA,NA,NA,NA,NA,NA,NA,NA,NA,NA,NA,NA,NA,NA,NA,NA,NA,0.00724100546869098,0.0161384495573606
"E9PI39",NA,NA,NA,NA,NA,NA,NA,NA,NA,NA,NA,0.00618811586815702,NA,NA,NA,NA,NA,NA,0.0120105014707944,0.0147445288688055,NA,0.00829758363736315,NA,NA,NA,NA,NA,NA,NA,NA,NA,NA,0.0103702438732438
"E9PI41",NA,NA,NA,NA,NA,NA,NA,NA,NA,NA,NA,0.00619570886388278,NA,NA,NA,NA,NA,NA,NA,NA,NA,NA,NA,NA,NA,NA,NA,NA,NA,NA,NA,NA,NA
"E9PI47",NA,NA,NA,NA,NA,0.00524884244553315,NA,NA,NA,NA,NA,NA,NA,NA,NA,NA,NA,NA,NA,NA,NA,NA,NA,NA,NA,NA,NA,NA,NA,NA,NA,NA,NA
"E9PI65",NA,0.00442749240085974,NA,0.00403608142393621,0.0103966059202663,0.00593619104147984,NA,0.0155222326355346,0.00826403180083369,NA,0.00487229564382583,NA,0.0186345765383946,0.011787557,NA,0.00468777276133423,NA,NA,0.00234388638066711,0.0222821017792818,NA,0.0100756370321257,NA,0.00992835549303482,0.00424545132844316,NA,0.00779972929341313,0.0117520963822152,0.00527162376601566,NA,NA,0.00413053357280637,NA
"E9PIC4",NA,0.022799040120216,0.0235433225368571,NA,0.0217054376541436,NA,NA,NA,0.0101168529364281,NA,NA,NA,0.0237630254929808,0.022988506,NA,NA,0.0116458250324896,NA,NA,NA,NA,NA,0.0234432228079121,NA,NA,NA,0.0205699386678883,NA,NA,NA,NA,NA,NA
"E9PIE4",NA,NA,NA,NA,NA,NA,NA,NA,NA,NA,NA,NA,NA,NA,NA,0.00300017452525146,NA,NA,NA,NA,NA,NA,NA,NA,NA,NA,NA,NA,NA,NA,NA,NA,NA
"E9PIG2",0.0197580187799978,0.0192340986991508,0.0466032935219509,NA,0.0313548039704399,0.045733855773081,0.0287337604484029,0.0214435249219767,0.0193814374248104,0.00859537741528331,0.0272848551142972,0.0186184169334518,0.0427050363841764,0.03979798,0.0228820145298957,0.00965207594508742,0.0288604710445351,0.0227328741767216,0.026958637931936,0.0265781807288404,NA,0.0387555831073935,0.02492795952497,0.0406480262584205,0.0207188680276563,NA,NA,0.041481338636098,0.0143132594025951,NA,0.0145057137467546,0.0141870072637786,0.0161221480687905
"E9PIJ1",NA,NA,NA,NA,NA,NA,NA,0.0046545069746917,NA,NA,NA,NA,0.003960504593394,0.009578544,NA,NA,NA,NA,NA,NA,NA,NA,NA,NA,NA,NA,NA,NA,NA,NA,NA,NA,NA
"E9PIK5",NA,0.00670106939204967,0.0138396561615763,0.00687224694128726,0.0159490968515539,0.0107814070962278,NA,0.00615621448146649,0.00594706910454997,NA,NA,0.014652014,0.0069844029377497,0.013513514,NA,0.00709500722389972,NA,NA,0.00709500722389972,0.0037372529019776,NA,0.00571860556449795,0.0137808137518741,0.00640200615126115,NA,NA,0.0120917885732831,0.00333505397853022,NA,NA,NA,NA,0.00627000609131108
"E9PIL8",NA,0.0170992795942829,0.0353149838052856,NA,NA,NA,NA,0.00628358446138979,NA,NA,NA,NA,NA,NA,NA,NA,NA,NA,NA,0.0190728786719087,NA,NA,0.00879120880791207,NA,NA,NA,NA,NA,NA,NA,NA,NA,NA
"E9PIM6",NA,NA,0.00336886387304183,NA,NA,NA,NA,NA,NA,NA,0.0053851685248409,NA,NA,NA,NA,NA,NA,NA,NA,NA,NA,NA,NA,NA,NA,NA,NA,0.0194837384791525,NA,NA,NA,NA,NA
"E9PIM9",NA,NA,NA,NA,NA,NA,NA,NA,NA,NA,NA,NA,NA,NA,NA,NA,NA,NA,NA,NA,NA,NA,NA,NA,NA,NA,NA,NA,NA,NA,NA,0.00752453931699253,NA
"E9PIT3",NA,NA,NA,0.00142052022087741,0.000439565093723311,0.00495235345918109,0.00196195717816317,0.00339336969402649,0.0024585647140282,NA,NA,NA,NA,NA,NA,NA,NA,0.00606588774017756,NA,NA,NA,0.00315215465266374,0.00189903159358096,NA,NA,NA,NA,NA,NA,NA,NA,NA,NA
"E9PIZ1",NA,NA,NA,NA,NA,NA,NA,NA,NA,NA,NA,NA,NA,NA,NA,0.0134131887473671,NA,NA,NA,NA,NA,NA,NA,NA,NA,NA,NA,NA,NA,NA,NA,NA,NA
"E9PJ04",NA,NA,NA,NA,NA,NA,NA,NA,NA,NA,NA,0.007326007,0.00291016746002421,NA,NA,NA,NA,NA,NA,0.00654019313157429,NA,NA,NA,NA,NA,NA,NA,NA,NA,NA,NA,NA,0.00627000609131108
"E9PJ32",NA,NA,NA,0.011176840788047,NA,NA,NA,NA,NA,NA,NA,NA,NA,NA,NA,NA,NA,NA,NA,0.0121563404833958,NA,NA,NA,NA,NA,NA,NA,NA,NA,NA,NA,NA,NA
"E9PJ81",NA,NA,NA,NA,NA,NA,NA,NA,NA,NA,NA,NA,NA,NA,NA,NA,NA,NA,NA,NA,NA,NA,NA,NA,NA,NA,0.00894792322210426,NA,NA,NA,NA,NA,0.0037118434724298
"E9PJ95",NA,NA,NA,NA,0.00510371057705517,NA,NA,NA,NA,NA,NA,NA,NA,NA,NA,NA,NA,NA,NA,NA,NA,NA,NA,NA,NA,NA,NA,NA,NA,NA,NA,NA,NA
"E9PJD9",NA,0.0163476627235464,0.0236338734386312,NA,0.028533109142105,0.0131509462581816,NA,0.0300369135615775,0.0290164680220081,NA,0.0179900145589653,0.0371345349740398,NA,0.032967033,0.0118541049888969,NA,NA,NA,0.0115391322240112,NA,NA,0.0124007846471777,0.0173698821689767,0.010412053595871,0.0108106988309578,NA,NA,0.010848088892262,NA,NA,NA,0.0183014427777251,0.0128074143143369
"E9PJF0",NA,NA,NA,NA,NA,NA,NA,0.00288329025756382,0.00557067219208486,NA,0.00518066880656279,NA,NA,0.006329114,NA,NA,NA,NA,NA,NA,NA,NA,NA,NA,NA,NA,NA,NA,NA,NA,NA,NA,NA
"E9PJF4",NA,NA,NA,NA,0.00800158048606124,NA,NA,NA,NA,NA,NA,NA,NA,NA,NA,NA,NA,NA,NA,0.00937480463969092,NA,NA,0.00864220464655616,NA,NA,NA,NA,NA,NA,NA,NA,NA,NA
"E9PJH4",0.00944948660476724,0.0273503515531141,0.0967308838129057,0.0206366595635912,0.136154434472221,0.0159950240122567,0.0183229774940126,0.0462822399551613,0.0229608577023598,NA,0.0344026441523512,0.0357491293126712,0.0636694101003708,0.054710145,0.0390841866371352,0.0229795965132741,0.0323045056337066,0.0154500310365439,0.042306806693636,0.0451628604148903,NA,0.0286206516739335,0.0183687109660861,0.0460016602784721,0.0156833471431957,NA,0.0464254567435204,0.0751112245749611,NA,NA,0.0292210534422536,0.0202144737388816,0.0266732710024067
"E9PJH8",NA,NA,NA,NA,NA,NA,NA,NA,NA,NA,NA,NA,NA,NA,NA,NA,NA,NA,NA,NA,NA,NA,NA,NA,NA,0.00999192913129425,0.0553350935917419,NA,NA,NA,NA,NA,NA
"E9PJL7",NA,0.0234890112826236,0.0581241258122335,0.0267655919049347,NA,0.0167962971022246,NA,NA,0.00926490750937618,NA,NA,NA,NA,NA,NA,NA,NA,NA,NA,0.0232889895791017,NA,NA,NA,NA,NA,NA,NA,NA,NA,NA,NA,NA,NA
"E9PJM9",NA,NA,NA,NA,NA,NA,NA,NA,NA,NA,NA,NA,NA,NA,NA,0.0201934811295044,NA,NA,NA,NA,NA,NA,NA,NA,NA,NA,NA,NA,NA,NA,NA,NA,NA
"E9PJT3",NA,NA,NA,NA,0.00464001018731413,NA,NA,NA,NA,NA,NA,NA,NA,0.009375,NA,NA,NA,NA,NA,NA,NA,NA,NA,NA,NA,NA,NA,NA,NA,NA,NA,NA,NA
"E9PK01",NA,NA,NA,NA,NA,NA,NA,NA,NA,NA,NA,0.00415421112346145,NA,NA,NA,0.00201161136827767,NA,NA,NA,0.00635762585522725,NA,0.00216182282060326,NA,NA,NA,NA,NA,NA,NA,NA,NA,NA,0.00177770298668125
"E9PK17",NA,NA,NA,NA,0.0257505414034726,NA,NA,NA,0.0160030215815591,NA,NA,NA,NA,NA,NA,NA,NA,NA,NA,NA,NA,NA,NA,NA,NA,NA,NA,NA,NA,NA,NA,NA,NA
"E9PK25",NA,0.0170154601553511,0.0197384159820268,0.0216049062064603,0.0521455816981044,0.0138185215817231,0.0154936941425212,0.0234479336177988,0.020853610445214,NA,0.0190592742083668,0.0249507194859725,0.0259229034122799,0.04877451,0.0105757215723012,0.0238555532253696,NA,0.017419152569564,0.0271952082818075,0.0387269822753479,NA,0.00968051405551177,0.0239115119856746,0.0289623520989427,0.0120560489679101,NA,0.0206518649581176,0.0181466193266109,NA,0.00456079853021978,0.0117661803690725,0.024763765853671,0.0197115870069909
"E9PK45",NA,NA,NA,0.0143252465865339,0.0332460048642283,NA,NA,NA,NA,NA,NA,NA,0.029118073083746,0.030516432,NA,0.0764128918973766,NA,NA,NA,NA,NA,0.0119204722359732,0.0287262021934437,NA,NA,NA,0.0409588035822848,0.0625674988543222,NA,NA,0.0101421157335287,0.0312757046259259,0.0261397426851709
"E9PK47",NA,NA,0.000962984471087589,NA,0.000443905519190547,NA,NA,0.00154209288794078,NA,NA,NA,NA,0.00194394284564061,NA,NA,NA,NA,NA,NA,NA,NA,NA,NA,NA,NA,NA,NA,NA,NA,NA,NA,NA,NA
"E9PK54",NA,0.0104195260619634,0.0168409089972606,0.00413753436769303,0.0408673680449432,0.00818749905494004,NA,0.0293234394054313,0.0121628679114992,NA,NA,0.0274994072221951,0.0225002089169633,0.03034188,0.0172701753054816,0.0081607656175921,NA,NA,0.0062118617939837,0.0314841469510559,NA,NA,NA,0.0180144700695997,NA,NA,0.0171974037700147,0.0139531742779875,NA,0.00254208390809468,0.00961869174197781,NA,NA
"E9PK67",NA,NA,NA,NA,NA,NA,NA,NA,NA,NA,NA,NA,0.00252008119446449,NA,NA,NA,NA,NA,NA,NA,NA,NA,NA,NA,NA,NA,NA,NA,NA,NA,NA,NA,NA
"E9PK68",NA,NA,0.0069669013998235,NA,NA,NA,NA,NA,NA,NA,NA,NA,0.00937588772901799,NA,NA,NA,NA,NA,NA,NA,NA,NA,NA,NA,NA,NA,NA,NA,NA,NA,NA,NA,NA
"E9PK85",NA,NA,NA,NA,NA,NA,NA,NA,NA,NA,NA,0.00326581002281657,NA,NA,NA,NA,NA,NA,NA,NA,NA,NA,NA,NA,NA,NA,NA,NA,NA,NA,NA,NA,NA
"E9PK86",NA,NA,0.0215698398978033,NA,0.0109581702994034,0.0152889369217579,NA,NA,NA,NA,NA,NA,NA,NA,0.00436730183801463,NA,NA,NA,NA,0.00958111597199856,NA,0.00609161388705146,NA,0.0115080592375416,NA,NA,NA,0.00399666432872811,NA,NA,NA,0.0028094318665666,NA
"E9PKA1",NA,NA,NA,NA,0.00562015794715886,NA,NA,NA,NA,NA,NA,NA,NA,NA,NA,NA,NA,NA,NA,NA,NA,NA,NA,NA,NA,NA,NA,NA,NA,NA,NA,NA,NA
"E9PKD5",NA,NA,NA,NA,NA,NA,NA,NA,NA,NA,NA,0.00390017592046806,0.00371831478684879,NA,NA,NA,NA,NA,0.00188859881857884,NA,NA,NA,NA,NA,NA,NA,NA,NA,NA,NA,NA,NA,NA
"E9PKE3",NA,0.0026083112634047,0.00384965508850731,0.00277968840441717,0.00390238240219472,0.00242837709341503,NA,0.00408149467758836,0.00284362422219225,NA,0.00207814746353076,NA,0.0116350868717783,0.006574772,0.00468915195470823,0.0019584709296649,NA,0.00141517595465669,0.00256633130954511,0.00993276119286338,0.00782572819699289,0.00382759556783299,0.0035014448248367,0.00309760605776156,NA,0.00144958911065164,0.00658144180816164,0.003544934525116,NA,NA,0.00172064601839495,0.0071480710717846,0.00671364191129242
"E9PKH2",0.0263563122556289,0.0123353014761666,0.0721802594319165,NA,0.0176154198958847,0.0329307991164861,NA,NA,NA,NA,NA,0.00539427320678663,0.0154282326607587,0.009950249,NA,0.0130604606462093,NA,0.0142415294301951,0.020461388450734,0.0310408353374815,NA,0.00561428515423321,0.0165373020160826,0.0340340565284644,0.0191697177837893,0.00248555432137006,0.00445170275724482,0.00548431203990419,0.0176245364396002,NA,NA,0.0169166941165487,0.00923344169992528
"E9PKL7",NA,NA,NA,NA,0.005216500267079,NA,NA,NA,NA,NA,NA,NA,NA,NA,NA,0.00290072114485167,NA,NA,NA,NA,NA,NA,0.0112682895399089,NA,NA,NA,NA,0.00545401165705271,NA,NA,NA,NA,NA
"E9PKU4",NA,NA,0.0108950482061427,NA,0.0190846213421087,0.0118824865251406,NA,0.0259766042394967,0.0112361638082757,NA,NA,0.0184553025143481,0.0307908135007723,0.016312057,0.0183612524005204,NA,NA,NA,0.0150806636138454,0.0188293959005223,NA,0.00960401159377194,0.0260369408981024,0.00604785266384017,0.0125588113812933,0.0170075393508129,0.0104709742879236,0.0168029976451762,NA,NA,0.0122568546566772,0.0177173543733269,0.0315901570344739
"E9PKU7",NA,NA,NA,NA,NA,NA,NA,NA,NA,NA,NA,NA,NA,NA,NA,NA,NA,NA,NA,NA,NA,NA,NA,NA,NA,NA,NA,NA,NA,NA,NA,NA,0.00335062264102769
"E9PKY7",NA,NA,NA,NA,NA,NA,NA,NA,NA,NA,NA,NA,NA,NA,NA,NA,NA,NA,NA,NA,NA,NA,NA,NA,NA,NA,NA,0.0346377571865849,NA,NA,NA,0.0109567850290538,NA
"E9PKZ0",NA,0.0219315640690297,0.0158199636330652,0.0148842802970199,0.0207260461877075,0.00518909978154658,NA,0.0182276850812932,NA,NA,NA,NA,0.0212621120418101,0.028455285,0.0096471207400783,0.0102444983276849,NA,NA,NA,0.0268912086719598,NA,NA,0.0149236120555862,NA,NA,NA,NA,0.0128413148883098,NA,NA,NA,0.0101550688888371,0.0196154326297984
"E9PL09",NA,0.00876554011008262,0.0168102883992744,0.00385262336231956,0.0149315347563677,0.00645186065706698,0.00456091405586899,0.0163357322468539,0.00777924682218834,NA,0.0106304631484795,0.00859211274423233,0.0121194003286065,0.014766715,0.00466979857544546,0.00321988404514283,0.0100880068116857,NA,0.0126901314220443,0.0133689046412352,NA,0.00793838103393883,0.00607012017312402,0.00563986240390915,0.00647686429917888,NA,0.00629453470317577,0.00783473092147679,NA,NA,0.00519545585538303,0.0133679098498922,0.00613730768717172
"E9PLA9",NA,NA,0.00711204481627218,NA,NA,NA,NA,NA,NA,NA,NA,NA,NA,NA,NA,NA,NA,NA,NA,0.00960266527362512,NA,NA,NA,NA,NA,NA,NA,NA,NA,NA,NA,NA,NA
"E9PLB2",NA,NA,NA,NA,0.00726297357951274,NA,NA,NA,NA,NA,NA,NA,NA,NA,NA,NA,NA,NA,NA,NA,NA,NA,NA,NA,NA,NA,NA,NA,NA,NA,NA,NA,0.00356908040471494
"E9PLD0",NA,NA,0.0103019452786415,NA,NA,NA,NA,NA,NA,NA,NA,NA,NA,NA,NA,NA,NA,NA,NA,NA,NA,NA,NA,NA,NA,NA,NA,NA,NA,NA,NA,NA,NA
"E9PLF4",NA,NA,NA,NA,NA,NA,NA,NA,NA,NA,NA,NA,NA,NA,NA,NA,NA,NA,NA,NA,NA,NA,0.0245401646562285,NA,NA,NA,NA,NA,NA,NA,NA,NA,NA
"E9PLG2",NA,NA,NA,NA,NA,NA,NA,NA,NA,NA,NA,NA,NA,NA,NA,NA,NA,NA,NA,NA,NA,NA,NA,NA,NA,NA,NA,NA,NA,NA,NA,NA,0.00307271784820774
"E9PLH8",NA,NA,NA,NA,NA,NA,NA,NA,NA,NA,NA,NA,NA,0.033333333,NA,NA,NA,NA,NA,NA,NA,NA,NA,NA,NA,NA,NA,NA,NA,NA,NA,NA,NA
"E9PLJ0",NA,0.0232443336168763,NA,NA,0.044258743479806,0.018699002259356,NA,0.0431832776398155,0.0137525968091783,NA,NA,0.0240003036796971,NA,0.032552083,NA,NA,NA,NA,0.0246108054219131,NA,NA,NA,NA,NA,NA,NA,NA,NA,NA,NA,NA,NA,0.0253739299873131
"E9PLK3",NA,NA,NA,0.00216710070487304,0.00324117046531107,0.00169990944136401,NA,0.00388261273383074,NA,NA,NA,0.00192515782304677,0.0041602169111201,0.002687027,NA,NA,NA,NA,NA,0.00140298675199188,NA,NA,0.0039835163317445,NA,NA,NA,0.0025420235612985,NA,NA,NA,NA,NA,NA
"E9PLL6",NA,0.0224982190208238,0.03081886326016,NA,0.0285587286993441,NA,NA,NA,NA,NA,NA,NA,0.0239280460870007,NA,NA,0.0291683622148736,NA,NA,NA,0.0230463951079825,NA,NA,NA,NA,NA,NA,0.0345213088045818,NA,NA,NA,NA,NA,NA
"E9PM12",NA,NA,NA,NA,NA,NA,NA,NA,NA,NA,NA,NA,NA,0.00921659,NA,NA,NA,NA,NA,NA,NA,NA,NA,NA,NA,NA,NA,NA,NA,NA,NA,NA,NA
"E9PM36",NA,0.00949050942882117,0.0183756196360325,0.00973294269581126,0.0271058333544512,0.0152693607119045,NA,0.0108985606852039,NA,NA,NA,0.0155633827471476,0.0148376784489151,0.019138756,0.00903237452557479,0.0100484309319141,NA,NA,0.00502421546595704,NA,NA,0.0107987694056763,0.0121983270253536,NA,0.00470705068716345,0.00478082734032831,0.00963293148437245,0.00708499536188452,NA,NA,0.00459387711006722,0.0079685707788181,0.0133200124741925
"E9PM69",NA,NA,NA,NA,NA,NA,NA,0.00229501214971177,NA,NA,NA,0.00273110612446829,NA,NA,NA,NA,NA,NA,NA,NA,NA,NA,NA,NA,NA,NA,NA,NA,NA,NA,NA,NA,NA
"E9PMA0",NA,NA,NA,NA,NA,0.00308437120237324,NA,NA,NA,NA,NA,NA,0.00666038403695733,NA,NA,NA,NA,NA,0.00541268554449941,0.00855330167634345,NA,NA,NA,NA,NA,NA,NA,NA,NA,NA,NA,0.00643852323008033,NA
"E9PMC9",NA,NA,NA,NA,NA,NA,NA,NA,NA,NA,NA,NA,NA,NA,NA,NA,NA,NA,NA,NA,NA,NA,NA,NA,NA,NA,NA,0.00107418480144729,NA,NA,NA,NA,0.00302925216114558
"E9PMD7",NA,NA,NA,NA,NA,NA,NA,NA,NA,NA,NA,NA,NA,NA,0.00142124309160182,NA,NA,NA,NA,NA,NA,NA,NA,NA,NA,NA,NA,NA,NA,NA,NA,NA,NA
"E9PMM9",NA,NA,NA,NA,NA,NA,NA,NA,NA,NA,NA,NA,NA,NA,NA,0.00481679376025435,NA,NA,NA,0.0107831753984085,NA,NA,0.00935578155123701,0.00869263196198842,NA,NA,NA,NA,NA,NA,NA,NA,0.00425670126390429
"E9PMV1",NA,NA,NA,NA,NA,NA,NA,NA,NA,NA,NA,NA,NA,0.00398213,NA,NA,NA,NA,NA,NA,NA,NA,NA,NA,NA,NA,NA,NA,NA,NA,NA,NA,NA
"E9PN89",NA,NA,NA,NA,NA,NA,NA,NA,NA,NA,NA,0.00987877476519815,NA,NA,NA,NA,NA,NA,NA,NA,NA,NA,NA,NA,NA,NA,NA,NA,NA,NA,NA,NA,NA
"E9PNA6",NA,NA,NA,NA,NA,NA,NA,NA,NA,NA,NA,NA,NA,NA,NA,NA,NA,NA,NA,NA,NA,NA,NA,NA,NA,NA,NA,NA,NA,NA,NA,NA,0.00347550854261846
"E9PNJ4",NA,NA,NA,NA,0.00214101282106619,NA,NA,NA,NA,NA,NA,NA,NA,NA,NA,NA,NA,NA,NA,NA,NA,NA,NA,NA,NA,NA,NA,NA,NA,NA,NA,NA,NA
"E9PNR8",NA,NA,NA,NA,NA,NA,0.0150510172272247,NA,NA,NA,NA,0.0154892710754579,NA,NA,NA,NA,NA,NA,NA,NA,NA,NA,NA,NA,NA,NA,NA,NA,NA,NA,NA,NA,NA
"E9PNS3",NA,NA,NA,NA,NA,0.0149592018074848,NA,NA,0.00550103872367133,NA,NA,0.0542124498483518,0.0258422899393515,0.0125,NA,NA,NA,NA,0.013125762891687,NA,NA,NA,NA,NA,NA,NA,0.0111849040276303,0.0123397011026083,NA,NA,NA,NA,0.0115995108513431
"E9PP16",NA,NA,NA,0.00049638488019721,NA,NA,NA,NA,NA,NA,NA,NA,NA,NA,NA,NA,NA,NA,NA,NA,NA,NA,NA,NA,NA,NA,NA,NA,NA,NA,NA,NA,NA
"E9PP21",NA,NA,0.00960126111644815,NA,0.00590116579730747,NA,NA,NA,NA,NA,NA,0.00677655623104398,NA,NA,NA,NA,NA,NA,NA,NA,NA,NA,NA,NA,NA,NA,0.00559245201381516,NA,NA,NA,NA,0.0052044727847111,NA
"E9PP27",NA,NA,0.00882874620735503,NA,NA,NA,NA,NA,NA,NA,NA,NA,NA,0.022988506,NA,NA,NA,NA,NA,NA,NA,NA,NA,NA,NA,NA,NA,NA,NA,NA,NA,NA,NA
"E9PP36",NA,NA,NA,0.0206167398067693,NA,NA,NA,NA,NA,NA,NA,NA,NA,NA,NA,NA,NA,NA,NA,NA,NA,NA,NA,NA,NA,NA,NA,NA,NA,NA,NA,NA,NA
"E9PP50",NA,NA,NA,NA,NA,NA,NA,NA,NA,NA,NA,NA,NA,NA,NA,NA,NA,NA,NA,0.0263497813623655,NA,NA,NA,NA,NA,NA,NA,NA,NA,NA,NA,NA,NA
"E9PP73",NA,NA,0.00273177948861836,NA,NA,NA,NA,NA,NA,NA,NA,NA,NA,NA,NA,NA,NA,NA,NA,0.00223850229253153,NA,NA,0.00112558543403827,0.00435750970909054,NA,NA,NA,NA,NA,NA,NA,NA,NA
"E9PP76",NA,NA,NA,NA,NA,NA,NA,NA,NA,NA,NA,0.0159448378080156,0.0152013466583156,0.014705882,NA,NA,NA,NA,0.0154420736196102,NA,NA,NA,NA,NA,NA,NA,NA,NA,NA,NA,NA,NA,NA
"E9PPJ0",NA,NA,NA,NA,NA,NA,NA,0.00196741267997908,NA,NA,NA,NA,NA,NA,NA,NA,NA,NA,NA,NA,NA,NA,NA,NA,NA,NA,NA,NA,NA,NA,NA,NA,NA
"E9PPM8",NA,NA,NA,NA,NA,NA,NA,NA,NA,NA,NA,NA,NA,0.003636364,NA,NA,NA,NA,0.00381840413214932,0.0040226439763836,NA,0.0041035327804067,NA,NA,NA,NA,0.00650758028113246,NA,NA,NA,NA,NA,NA
"E9PPQ4",NA,NA,NA,NA,NA,NA,NA,NA,NA,NA,NA,NA,NA,0.00862069,NA,NA,NA,NA,NA,0.00953643988906786,NA,NA,NA,NA,NA,NA,NA,NA,NA,NA,NA,NA,0.00799966297608521
"E9PPR5",NA,NA,NA,NA,NA,NA,NA,NA,NA,NA,NA,NA,NA,0.003164557,NA,NA,NA,NA,NA,NA,NA,NA,NA,NA,NA,NA,NA,NA,NA,NA,NA,NA,NA
"E9PPU1",NA,0.0272001200157793,0.0162046603066047,0.0214576474843918,0.0273893772896128,0.0164109384897747,NA,0.0261418312433894,NA,NA,0.0103613376131256,0.0343116775309501,0.0264497935923205,0.021097046,0.0136547286817161,0.0221531858808811,NA,NA,0.0221531858808811,0.0233381215443195,NA,0.0119037065363572,0.0274307958252163,0.0119936314891991,0.00830188728521289,NA,0.011326485227189,0.0218678250012135,NA,NA,NA,NA,0.017619510365373
"E9PQ34",NA,NA,NA,0.0143252465865339,NA,NA,NA,NA,NA,NA,NA,NA,NA,NA,NA,NA,NA,NA,NA,NA,NA,NA,NA,NA,NA,NA,NA,NA,NA,NA,NA,NA,NA
"E9PQ58",NA,NA,NA,NA,NA,NA,NA,NA,NA,NA,NA,NA,NA,NA,NA,NA,NA,NA,NA,NA,NA,NA,NA,NA,NA,NA,NA,NA,NA,NA,NA,NA,0
"E9PQ80",NA,NA,NA,NA,NA,NA,NA,NA,NA,NA,NA,NA,NA,0.003246753,NA,NA,NA,NA,NA,NA,NA,NA,NA,NA,NA,NA,NA,NA,NA,NA,NA,NA,NA
"E9PQD6",NA,NA,NA,NA,NA,NA,NA,NA,NA,NA,NA,0.00444364380345882,NA,NA,NA,NA,NA,NA,NA,NA,NA,NA,NA,NA,NA,NA,NA,NA,NA,NA,NA,NA,NA
"E9PQD7",NA,0.00844049531581716,0.0174320773346553,0.00216402705130572,0.0110489916014903,0.00678999207213059,NA,NA,NA,NA,NA,0.0115345639359364,0.00879737499059449,0.006382979,0.00573789130774241,NA,NA,NA,0.00372362037315587,0.011768372299548,NA,0.00960401159377194,0.0030376426798702,0.00604785266384017,NA,NA,NA,0.00840149832900003,NA,NA,NA,NA,0.00888473163694699
"E9PR30",NA,0.0101199823471771,0.031351056811273,0.0207569897443466,0.0385382260582588,0.0325642492071088,NA,0.0278914198008305,NA,NA,0.0250575203370263,NA,0.0369175573515568,0.040816327,0.0330221496889786,0.021429816687432,NA,NA,0.0321447255561785,0.0225760605816702,NA,0.011515014718262,0.0312177607446692,NA,0.0200770118335578,NA,0.0182610675628189,0.0201464505178649,NA,NA,NA,0.0254912953570254,0.0378759542358775
"E9PRC8",NA,NA,NA,NA,NA,NA,NA,NA,NA,NA,NA,NA,NA,NA,0.00558924104470418,NA,NA,NA,NA,NA,NA,NA,NA,NA,NA,NA,NA,NA,NA,NA,NA,NA,NA
"E9PRH9",NA,NA,NA,NA,NA,NA,NA,NA,NA,NA,0.006996117136729,NA,NA,NA,NA,NA,NA,NA,NA,0,NA,NA,NA,NA,NA,NA,NA,NA,NA,NA,NA,NA,NA
"E9PRQ6",NA,NA,0.00726336581213999,NA,NA,NA,NA,NA,NA,NA,NA,NA,NA,NA,NA,0.00372362037315587,NA,NA,NA,0.00392279039777369,NA,NA,NA,0.00335991772546815,NA,NA,NA,NA,NA,NA,NA,NA,NA
"E9PRU1",NA,NA,NA,0.00245279588857225,NA,NA,NA,NA,NA,NA,NA,NA,NA,NA,NA,NA,NA,NA,NA,NA,NA,NA,NA,NA,NA,NA,NA,NA,NA,NA,NA,NA,NA
"E9PS23",NA,NA,NA,NA,NA,NA,NA,NA,NA,NA,NA,NA,NA,NA,0.0359574514041218,NA,NA,NA,NA,NA,NA,NA,NA,NA,0.0327924527598551,NA,NA,NA,NA,NA,NA,NA,NA
"E9PS48",NA,NA,0.00636108384226778,NA,NA,NA,NA,NA,NA,NA,NA,NA,NA,NA,NA,0.00326105903830354,NA,NA,NA,NA,NA,NA,NA,NA,NA,NA,NA,NA,NA,NA,NA,NA,NA
"E9PS50",NA,0.0198351646864011,NA,NA,NA,NA,NA,NA,NA,NA,NA,NA,NA,NA,0.0359574514041218,NA,NA,NA,0.0140008134011125,NA,NA,NA,NA,NA,NA,NA,NA,0.0197435217641733,NA,NA,NA,NA,NA
"E9PS68",NA,NA,NA,NA,NA,NA,NA,0.00229308695376358,NA,NA,NA,NA,NA,NA,NA,NA,NA,NA,NA,NA,NA,NA,NA,NA,NA,NA,NA,NA,NA,NA,NA,NA,NA
"E9PS89",NA,NA,NA,NA,NA,NA,NA,0,NA,NA,NA,NA,NA,NA,NA,NA,NA,NA,NA,NA,NA,NA,NA,NA,NA,NA,NA,NA,NA,NA,NA,NA,NA
"E9PSE5",NA,NA,NA,NA,NA,NA,NA,NA,NA,NA,NA,NA,NA,NA,NA,NA,NA,NA,NA,NA,NA,NA,0.0196111570901775,NA,NA,NA,NA,NA,NA,NA,NA,NA,NA
"F1BXA6",NA,NA,NA,NA,NA,NA,NA,NA,NA,NA,NA,NA,NA,NA,NA,NA,NA,NA,NA,NA,NA,NA,NA,NA,NA,NA,NA,NA,NA,NA,0.0462369076608996,NA,NA
"F1T0B3",0.000652014626260073,NA,NA,NA,NA,NA,NA,NA,NA,NA,NA,NA,NA,NA,NA,NA,NA,NA,NA,NA,NA,NA,NA,NA,NA,NA,NA,NA,NA,NA,NA,NA,NA
"F2Z2B9",NA,NA,NA,NA,0.000717466570196225,NA,NA,NA,NA,NA,NA,NA,NA,NA,NA,NA,NA,NA,NA,NA,NA,NA,NA,NA,NA,NA,NA,NA,NA,NA,NA,NA,NA
"F2Z2C0",NA,NA,0.00146200528099283,NA,NA,NA,NA,NA,NA,NA,NA,NA,NA,NA,NA,NA,NA,NA,NA,NA,NA,NA,NA,NA,NA,NA,NA,NA,NA,NA,NA,NA,NA
"F2Z2K0",NA,NA,NA,NA,NA,NA,NA,0.00387710501518102,NA,NA,0.00348317290623521,NA,0.0139291772407232,NA,NA,NA,NA,NA,NA,NA,NA,NA,NA,NA,NA,NA,NA,NA,NA,NA,NA,NA,NA
"F2Z2Q9",NA,NA,NA,NA,0.0134883786955066,NA,NA,NA,NA,NA,NA,NA,NA,NA,NA,NA,NA,NA,NA,NA,NA,NA,NA,NA,NA,NA,NA,NA,NA,NA,NA,NA,NA
"F2Z2T0",NA,NA,NA,NA,0.00281846759878362,NA,NA,NA,NA,NA,NA,0.00161828174518619,NA,NA,NA,NA,NA,NA,NA,NA,NA,NA,NA,NA,NA,NA,NA,NA,NA,NA,NA,NA,NA
"F2Z2V2",NA,NA,NA,NA,0.0157364424408821,NA,NA,NA,NA,NA,NA,NA,NA,NA,NA,NA,NA,NA,NA,NA,NA,NA,NA,NA,NA,NA,NA,NA,NA,NA,NA,NA,NA
"F2Z2V3",NA,NA,NA,NA,NA,NA,NA,NA,NA,NA,NA,NA,NA,NA,NA,NA,NA,NA,NA,NA,NA,NA,NA,NA,NA,NA,NA,0.0182810391458379,NA,NA,NA,NA,NA
"F2Z2W8",NA,0.00806307477743902,NA,NA,NA,NA,NA,NA,NA,NA,NA,0.0176300654232705,NA,NA,NA,NA,NA,NA,NA,NA,NA,NA,NA,NA,NA,NA,NA,NA,NA,NA,NA,NA,NA
"F2Z2Y4",NA,NA,0.00650932936217478,0.00448928564159185,NA,NA,NA,NA,NA,NA,NA,NA,0.00525142414287478,0.003177966,NA,NA,NA,NA,NA,NA,NA,NA,NA,NA,NA,NA,NA,NA,NA,NA,NA,NA,NA
"F2Z388",NA,NA,0.019558124268883,NA,0.00737645724663434,NA,NA,NA,NA,NA,NA,NA,NA,NA,NA,0.0164072036146088,NA,NA,0.00546906752151591,0.0230463951079825,NA,NA,NA,NA,NA,NA,NA,NA,NA,NA,NA,NA,NA
"F2Z393",0.00949075098042667,0.00216541087936381,0.00670830436135027,0.0133243563595341,0.0180041386567253,NA,NA,0.00895205000250241,0.00288264022931912,NA,NA,NA,0.0173034257119363,0.001819505,NA,NA,NA,NA,0.00477647876707831,0.0052332423688744,NA,NA,0.00408208930381305,0.00586151603315783,NA,NA,0.00282200407891814,0.003233109291077,NA,NA,NA,0.0041514572188322,0.00405223065438203
"F2Z3J2",NA,NA,NA,NA,0.0196705523429627,0.0110808903164136,NA,NA,NA,NA,0.0113686898355936,NA,0.0143568278589388,0.013888889,NA,NA,NA,NA,NA,NA,NA,NA,0.00708180635875459,NA,NA,NA,NA,NA,NA,NA,NA,NA,NA
"F2Z3K5",NA,0.00908480791263317,NA,0.018116151758212,NA,NA,NA,NA,NA,NA,NA,0.0082767101322596,0.031563102066077,NA,NA,0.00801573328806618,0.00773425034389899,0.0180840066614424,0.00801573328806618,NA,NA,NA,0.0116768726276386,0.00723280078478378,0.00750972229144312,0.00762742703134982,0.00455365092047587,NA,NA,NA,NA,0.0127132163186231,NA
"F2Z3L6",NA,NA,NA,NA,0.00850618492454963,NA,NA,NA,NA,NA,NA,NA,NA,NA,NA,NA,NA,NA,NA,NA,NA,NA,NA,NA,NA,NA,NA,NA,NA,NA,NA,NA,NA
"F4NBX2",NA,NA,NA,NA,NA,NA,NA,NA,NA,NA,NA,NA,NA,NA,NA,NA,NA,NA,0.00300405030051812,NA,NA,NA,NA,NA,NA,NA,NA,NA,NA,NA,NA,NA,NA
"F4ZW66",NA,NA,NA,NA,NA,NA,NA,NA,NA,NA,NA,0.00479964395062498,NA,NA,NA,NA,NA,NA,NA,NA,NA,NA,NA,NA,NA,NA,NA,NA,NA,NA,NA,NA,NA
"F5GWA7",NA,NA,NA,NA,NA,NA,NA,NA,NA,NA,NA,NA,NA,0.006007752,0,0.00681725663056234,NA,NA,0.0128263264379305,NA,NA,0.00933102984779945,0.00751000899738513,NA,0.00419438364124956,NA,0.00173409320376665,NA,NA,NA,NA,NA,NA
"F5GWF6",NA,0.0018712415024492,0.00392906955152094,NA,0.00653210805830378,0.0040142096563554,0.00265049336784464,0.00663761186944398,NA,NA,NA,0.00306862958447714,0.00600277941963705,NA,NA,0.00297187118021286,NA,NA,0.00363228606465036,0.00426140868968807,NA,0.00212919081307843,0.00144308481534814,0.00491625714450284,NA,NA,0.00309519312281221,0.00186259594582341,0.00334201027109433,NA,NA,NA,0.00262630464134815
"F5GWH5",NA,0.425039243705063,NA,NA,0.269767579575252,0.341924613084434,0.30102035086592,0.520639834156223,0.377214084286105,NA,NA,0.154892714007326,0.147670228372536,0.571428571,0.462310094566977,NA,0.434222900440597,NA,0.450026156736438,0.474097278852437,NA,0.322420400826621,NA,NA,NA,NA,0.255654949458634,0.141025155599406,NA,NA,NA,0.237918756110426,0.39769751530089
"F5GWP8",NA,NA,NA,NA,NA,NA,NA,NA,NA,NA,NA,0.00116502446299208,NA,0.00095511,NA,NA,NA,NA,NA,NA,NA,0.00161672148080923,NA,NA,NA,0.00143150871488857,NA,0.00094286175360898,NA,0.00133295561231461,NA,NA,NA
"F5GX11",NA,NA,NA,NA,0.00420147708946545,0.00580939844260779,NA,0.0129001576655996,0.012817954487035,NA,NA,NA,0.0175627210470381,0.013349515,NA,NA,NA,0.00575001174631769,NA,0.0107400679453395,NA,NA,NA,0.00229974925814894,NA,NA,0.00760139141685661,NA,NA,NA,NA,0.00336859042996821,0.0067569962430504
"F5GX14",NA,NA,0.00581894594497442,NA,NA,NA,NA,NA,NA,NA,NA,NA,0.00293662376277252,NA,NA,NA,NA,NA,NA,NA,NA,NA,NA,NA,NA,NA,NA,NA,NA,NA,NA,NA,NA
"F5GX19",NA,NA,NA,NA,0.0091668596192991,NA,NA,NA,NA,NA,NA,0.0157900341574736,0.015053761340472,0.019417476,NA,NA,NA,NA,NA,0.0107400679453395,NA,NA,NA,NA,NA,NA,NA,NA,NA,NA,NA,NA,NA
"F5GX29",NA,NA,NA,NA,0.00737645724663434,NA,NA,NA,NA,NA,NA,0.0127060429332075,NA,0.010416667,NA,NA,NA,NA,NA,NA,NA,NA,NA,NA,NA,NA,NA,NA,NA,NA,NA,NA,NA
"F5GX30",NA,NA,NA,NA,NA,NA,NA,NA,NA,NA,NA,NA,NA,0.010471204,NA,NA,NA,NA,NA,NA,NA,NA,NA,NA,NA,NA,NA,NA,NA,NA,NA,NA,NA
"F5GXD8",NA,NA,NA,NA,NA,NA,NA,NA,NA,NA,NA,0.002618958997965,NA,NA,NA,NA,NA,NA,NA,NA,NA,NA,NA,NA,NA,NA,NA,NA,NA,NA,NA,NA,NA
"F5GXG4",NA,NA,NA,NA,0.0134883786955066,NA,NA,NA,NA,NA,NA,0.00258154481782666,NA,NA,NA,NA,NA,NA,0.00375021841907959,NA,NA,NA,NA,NA,NA,NA,NA,NA,NA,NA,NA,NA,NA
"F5GXH2",NA,NA,0.0082350001233758,0.00892186430734241,0.0244328970019079,NA,NA,NA,0.00257358571265989,0.00933050865834779,NA,0.00951095630396505,0.00755622562415371,NA,NA,0.0207248886658152,NA,NA,0.0130490044803575,0.0105123909450845,NA,NA,0.00372726698766145,0.0111214132397425,0.0043147965452143,0.00876485029046739,NA,0.00432971977172013,NA,NA,NA,0.00852194363391441,NA
"F5GXR3",NA,NA,NA,NA,0.00907871697439093,NA,NA,NA,0.0592419552148709,NA,0.0157412625344582,NA,0.0596360540242546,0.048076923,NA,NA,NA,NA,NA,NA,NA,NA,NA,NA,NA,NA,NA,NA,NA,NA,NA,0.0240206437498536,NA
"F5GXS2",NA,0.00475683646707098,0.00259777967987188,0.00595182907373365,NA,0.00358548292167337,0.00237290790310174,0.00570196390526205,NA,0.000718701673205076,0.00203386741742007,0.0012210009859585,NA,NA,0.00707063591906342,0.00751169769265921,NA,0.00155621584030316,0.00367045893332248,NA,NA,0.00547049645669175,0.00245707366462725,0.0074690070185552,0.000923210522723691,NA,0.00265907402934381,0.00590095957969354,NA,NA,NA,NA,0.00314631164077473
"F5GXX5",NA,NA,NA,NA,NA,NA,NA,NA,NA,NA,NA,NA,0.0304026943503228,NA,NA,NA,NA,NA,NA,0.0130144352228831,NA,NA,0.0207955175549435,NA,NA,NA,NA,NA,NA,NA,NA,NA,NA
"F5GXY2",NA,NA,NA,NA,0.0208810485690059,NA,NA,NA,NA,NA,NA,0.0139006283608528,0.00552185647124891,NA,NA,NA,NA,NA,NA,NA,NA,NA,NA,0.00803810680483769,NA,NA,NA,NA,NA,NA,NA,NA,NA
"F5GY03",NA,NA,NA,NA,NA,0.0214180968796097,0.0141418958833222,NA,0.0059071553279034,NA,NA,NA,NA,0.013422819,NA,NA,NA,0.0317987227253208,NA,NA,NA,NA,NA,0.0312652773666209,NA,0.00670599230991304,NA,NA,NA,NA,NA,NA,NA
"F5GY37",NA,0.00185722498332356,0.00538597566674323,NA,NA,NA,NA,NA,NA,NA,NA,0.00316408469767212,0.00796298016672431,0.001872659,0.00404016273974111,0.00262187533785861,NA,NA,0.0091765631574746,0.0188843156453145,NA,NA,0.00954850368894924,NA,NA,NA,0.00335128179063651,0.00462161095900993,NA,NA,NA,0.006237570625064,0.00347550854261846
"F5GY55",NA,NA,NA,NA,NA,NA,NA,NA,NA,NA,NA,NA,NA,NA,NA,NA,NA,NA,NA,0.00297372840103,NA,NA,NA,NA,NA,NA,NA,NA,NA,NA,NA,NA,NA
"F5GY80",NA,0.00215599611844541,0.00667913803438117,NA,0.00410515873341507,0.0034688003497509,NA,NA,NA,NA,NA,NA,NA,NA,NA,NA,NA,0.00257500517275731,NA,NA,NA,NA,NA,0.00205977577679745,0.00213863820208243,NA,NA,0.00214603493144597,NA,NA,NA,NA,NA
"F5GYF7",NA,NA,NA,NA,0.00445370991099987,NA,NA,NA,NA,NA,NA,NA,0.00487590362561648,NA,NA,NA,NA,NA,NA,0.00173935055331515,NA,NA,0.0048102837376073,NA,NA,NA,NA,NA,NA,NA,NA,NA,NA
"F5GYJ8",NA,NA,NA,NA,0.00495202701140118,NA,NA,NA,NA,NA,NA,NA,NA,NA,NA,NA,NA,NA,NA,NA,NA,NA,NA,NA,NA,NA,NA,NA,NA,NA,NA,NA,NA
"F5GYK6",NA,NA,NA,NA,NA,NA,NA,NA,NA,NA,NA,0.0206523617953603,NA,NA,NA,NA,NA,NA,NA,NA,NA,NA,NA,NA,NA,NA,NA,NA,NA,NA,NA,NA,0.0044188614976452
"F5GYL4",NA,NA,NA,NA,NA,NA,NA,NA,NA,NA,NA,NA,NA,NA,NA,NA,NA,NA,NA,0.0289320901513612,NA,NA,NA,NA,NA,NA,NA,NA,NA,NA,NA,NA,NA
"F5GZ03",NA,NA,NA,NA,NA,NA,NA,NA,0.0141203135226206,NA,NA,NA,NA,NA,NA,NA,NA,NA,NA,NA,NA,NA,NA,NA,NA,NA,NA,NA,NA,NA,NA,NA,NA
"F5GZI0",NA,NA,0.016222516091945,NA,NA,0.0164839689140868,NA,0.018824787383541,NA,NA,NA,NA,0.00854290596156169,0.012396694,NA,NA,NA,NA,NA,NA,NA,NA,NA,NA,NA,NA,NA,NA,NA,NA,NA,NA,NA
"F5GZQ3",0.00645133263894524,NA,NA,NA,NA,NA,NA,NA,NA,NA,NA,NA,0.00204556403290652,0.006156552,NA,0.00877359698639466,NA,NA,NA,0.00437820745322179,NA,NA,NA,NA,NA,NA,NA,NA,NA,NA,NA,NA,NA
"F5GZS6",NA,NA,0.0112295448779601,NA,NA,NA,NA,NA,NA,NA,NA,NA,NA,NA,NA,NA,NA,NA,NA,NA,NA,NA,NA,NA,NA,NA,NA,NA,NA,NA,NA,NA,NA
"F5H013",NA,NA,0.0276793112990181,NA,NA,NA,NA,NA,NA,NA,NA,NA,NA,NA,NA,0.0425700422933373,NA,NA,NA,NA,NA,NA,NA,0.0469480438459193,NA,NA,NA,NA,NA,NA,NA,NA,NA
"F5H037",NA,NA,NA,NA,NA,NA,NA,NA,NA,NA,NA,NA,NA,NA,NA,NA,NA,NA,NA,0.00154500970318929,NA,NA,NA,NA,NA,NA,NA,NA,NA,NA,NA,NA,NA
"F5H039",NA,NA,NA,NA,NA,NA,NA,NA,NA,NA,NA,NA,NA,0.001342282,NA,NA,NA,NA,NA,NA,NA,NA,NA,NA,NA,NA,NA,NA,NA,NA,NA,NA,NA
"F5H047",NA,NA,NA,NA,0.0152288147171324,NA,NA,0.00489849298859578,NA,NA,NA,NA,0.0055574816184677,NA,NA,NA,NA,NA,NA,NA,NA,NA,NA,NA,NA,NA,0.00360803349957157,NA,NA,NA,NA,NA,NA
"F5H0C5",NA,NA,NA,NA,NA,NA,NA,0.00271166537106422,NA,NA,NA,NA,0.00307646259578394,NA,NA,NA,NA,NA,NA,NA,NA,NA,NA,NA,NA,NA,NA,NA,NA,NA,NA,NA,NA
"F5H0C7",NA,NA,0.0251013363324763,NA,NA,NA,NA,NA,NA,NA,NA,NA,NA,NA,NA,NA,NA,NA,NA,0.0162680434754904,NA,NA,NA,NA,NA,NA,NA,NA,NA,NA,NA,NA,NA
"F5H0C8",NA,NA,NA,NA,NA,NA,NA,NA,0.00636451784855281,NA,NA,0.0169891755994043,NA,0.011904762,NA,NA,NA,NA,0.0116673446759372,NA,NA,NA,NA,NA,NA,NA,NA,NA,NA,NA,NA,NA,NA
"F5H0Y3",NA,NA,NA,NA,NA,NA,NA,0.00542333165324814,NA,NA,NA,NA,NA,NA,NA,NA,NA,NA,NA,NA,NA,NA,NA,NA,NA,NA,NA,NA,NA,NA,NA,NA,NA
"F5H124",NA,NA,NA,NA,NA,NA,NA,0.0337451744276152,NA,NA,NA,0.013385790072627,NA,0.037037037,NA,NA,NA,NA,NA,NA,NA,NA,0.0251797575285633,NA,NA,NA,NA,NA,NA,NA,NA,NA,NA
"F5H136",NA,NA,NA,NA,NA,NA,NA,NA,NA,NA,NA,NA,NA,NA,NA,NA,NA,NA,NA,NA,NA,NA,NA,NA,NA,NA,NA,NA,NA,NA,NA,0.00612290901153383,NA
"F5H1C6",NA,NA,NA,NA,NA,NA,NA,NA,NA,NA,NA,NA,0.0040857373641317,0.003952569,NA,NA,0.00600703641438691,0.00468182747914944,0.00830087736112519,0.00437243847950605,NA,NA,NA,0.00374504678076837,NA,0.00197468996632398,0.00176836464449963,0.00292641144964015,NA,0.00337102447471735,NA,0.00246852474300204,0.00550174450472232
"F5H1D6",NA,NA,NA,NA,NA,NA,NA,NA,NA,NA,NA,NA,NA,NA,NA,NA,NA,NA,NA,NA,NA,NA,NA,NA,NA,NA,NA,NA,NA,NA,0.00104021739220615,NA,NA
"F5H1Y0",NA,NA,NA,NA,NA,NA,NA,NA,NA,NA,NA,NA,NA,NA,NA,NA,NA,NA,NA,NA,0,NA,NA,NA,NA,NA,NA,NA,NA,NA,NA,NA,NA
"F5H248",NA,NA,NA,NA,NA,NA,NA,NA,NA,NA,NA,NA,NA,0.002544529,NA,NA,NA,NA,NA,NA,NA,NA,NA,NA,NA,NA,NA,NA,NA,NA,NA,NA,NA
"F5H296",NA,NA,NA,NA,NA,NA,NA,NA,NA,NA,NA,NA,NA,0.011363636,NA,NA,NA,NA,NA,NA,NA,NA,NA,NA,NA,NA,NA,NA,NA,NA,NA,NA,NA
"F5H2F4",NA,NA,NA,NA,NA,NA,NA,NA,NA,NA,NA,NA,NA,0.001452916,NA,NA,NA,NA,NA,NA,NA,NA,NA,NA,NA,NA,NA,NA,NA,NA,NA,NA,NA
"F5H2N6",NA,NA,NA,NA,NA,NA,NA,NA,NA,NA,NA,0.00164779500288363,NA,NA,NA,NA,NA,NA,NA,NA,NA,NA,NA,NA,NA,NA,NA,NA,NA,NA,NA,NA,NA
"F5H2R5",NA,NA,NA,NA,NA,NA,NA,NA,NA,NA,NA,NA,0.0117464950510901,0.022727273,NA,NA,NA,NA,NA,NA,NA,NA,NA,NA,NA,NA,0.010168094245194,0.00841343230073039,NA,NA,NA,NA,NA
"F5H2V6",NA,NA,NA,NA,0.00953723755684172,NA,NA,NA,NA,NA,NA,NA,NA,NA,NA,NA,NA,NA,NA,NA,NA,NA,NA,NA,NA,NA,NA,NA,NA,NA,NA,NA,NA
"F5H365",NA,0.00411362769716977,0.00314088538428577,NA,0.00265834300557316,0.00232648538241569,NA,0.0045807928345172,NA,NA,NA,NA,0.00311822477001753,0.007063851,0.00162703441996128,NA,NA,NA,NA,0.00208564716671773,NA,NA,NA,NA,NA,NA,0.00202441662583872,0.00074447687257039,NA,NA,NA,NA,0.00307920615059754
"F5H3C1",NA,0.00367317893948412,NA,NA,0.01398794873143,0.0118196163906961,NA,0.0101235522371726,0.00651974923983905,NA,NA,0.0080314736098766,0.0153139497851141,0.014814815,NA,NA,NA,NA,0.00777822943393781,NA,NA,NA,0.00755392685065691,0.00350924797065375,NA,NA,NA,NA,NA,NA,NA,0.00616826370188456,NA
"F5H3K7",NA,NA,NA,NA,0.0265968035137081,NA,NA,0.00641633642544275,NA,NA,NA,NA,NA,0.01056338,NA,NA,NA,NA,NA,NA,NA,NA,NA,NA,NA,NA,NA,NA,NA,NA,NA,NA,NA
"F5H3X6",NA,NA,NA,NA,NA,NA,NA,0.00475284139168217,NA,NA,NA,NA,0.0101566608349556,NA,NA,NA,NA,NA,NA,NA,NA,NA,NA,0.00259486611020286,NA,NA,NA,NA,NA,NA,NA,NA,NA
"F5H442",NA,NA,NA,NA,0.00406976967817524,NA,NA,NA,NA,NA,NA,NA,NA,NA,NA,NA,NA,NA,NA,NA,NA,NA,NA,NA,NA,NA,NA,NA,NA,NA,NA,NA,NA
"F5H4B6",NA,NA,NA,NA,0.00548945609452051,NA,NA,NA,NA,NA,NA,0.00630377270866349,NA,NA,0.00313582455767024,NA,NA,NA,NA,NA,NA,0.00984132010179184,NA,NA,NA,NA,0.00390171060326728,NA,NA,NA,NA,0.0084723978857196,NA
"F5H4C6",NA,NA,0.00414629360369205,NA,NA,NA,NA,NA,NA,NA,NA,NA,NA,NA,NA,NA,NA,NA,NA,NA,NA,NA,NA,NA,NA,NA,NA,NA,NA,NA,NA,NA,NA
"F5H4Z3",NA,NA,NA,NA,NA,NA,NA,NA,NA,NA,NA,NA,NA,0.007874016,NA,NA,NA,NA,NA,NA,NA,NA,NA,NA,NA,NA,NA,NA,NA,NA,NA,NA,NA
"F5H4Z8",NA,NA,0.00223831870501725,NA,NA,NA,NA,NA,NA,NA,NA,NA,NA,NA,NA,NA,NA,NA,NA,NA,NA,NA,NA,NA,NA,NA,NA,NA,NA,NA,NA,NA,NA
"F5H520",NA,NA,NA,0.0101035681554311,NA,NA,NA,NA,NA,NA,NA,NA,NA,NA,NA,NA,NA,NA,NA,NA,NA,NA,NA,NA,NA,NA,NA,NA,NA,NA,NA,NA,NA
"F5H563",NA,NA,NA,NA,NA,NA,NA,NA,NA,NA,NA,NA,NA,NA,0.000724948612668894,NA,NA,NA,NA,NA,NA,0.00113757252361993,NA,NA,NA,0.00201450180875471,NA,0.00248784267763604,NA,0.0119328800102116,NA,0.00209857749401445,NA
"F5H571",NA,NA,NA,NA,0.00689187239509,NA,NA,0.0066505087689455,NA,NA,NA,0.0197855654402289,0.0150903881348488,NA,NA,NA,NA,NA,0.00383233949209617,0.00807464942934688,NA,0.00411850872437952,0.00372182544061603,NA,NA,NA,NA,NA,NA,NA,NA,0.0121564326602426,0.00338671846287533
"F5H5D3",0.00812985790231382,NA,NA,0.00311009802616408,NA,NA,0.00591155970814566,0.0233207768398878,NA,NA,0.00510315253240791,0.00406797537948767,0.0164602517453279,NA,0.00968430110477648,NA,0.00336886727613822,NA,NA,NA,NA,0.00140707180684658,0.0096637521065363,NA,0.00867417082323159,NA,NA,NA,0.00441712260053351,NA,NA,NA,NA
"F5H608",NA,NA,NA,NA,0.0116566237854939,NA,NA,0.0112483914758717,NA,NA,NA,NA,NA,NA,NA,NA,NA,NA,NA,0.0102428421473003,NA,NA,NA,0.0087731189791375,NA,NA,NA,NA,NA,NA,NA,0.0154206605037849,NA
"F5H658",NA,NA,NA,NA,0.000889064918089706,NA,NA,NA,NA,NA,NA,NA,NA,NA,NA,NA,NA,NA,NA,NA,NA,NA,NA,NA,NA,NA,NA,NA,NA,NA,NA,NA,NA
"F5H6E2",NA,0.00154962224112509,0.00168911120713863,0.00264867875229955,0.000491763501713447,NA,NA,NA,NA,NA,NA,0.00141178218671783,NA,0.000694444,NA,0.00164072036146088,NA,NA,NA,0.00115232014257857,NA,NA,NA,NA,NA,NA,NA,NA,NA,NA,NA,NA,NA
"F5H6I0",NA,NA,NA,NA,NA,NA,NA,NA,NA,NA,NA,NA,NA,0.01980198,NA,NA,NA,NA,NA,0.0109527422952527,NA,NA,NA,0.00469057854852373,NA,NA,NA,NA,NA,NA,NA,NA,NA
"F5H6T1",NA,NA,0.00418014124954791,NA,NA,NA,NA,0.00278914152452319,NA,NA,NA,NA,0.00386755401124855,NA,NA,NA,NA,NA,0.00214298135372489,NA,NA,0.00345450373839575,NA,NA,NA,NA,NA,NA,NA,NA,NA,NA,NA
"F5H6X6",NA,0.00554777060124886,0.00625370845861402,0.00506326756070753,0.0159378581993162,0.00615881507951498,0.0103939331897572,0.0184487582567187,0.00516191332893303,0.00261132089656148,0.00626301290836526,0.00889306123282649,0.0194246032515137,0.006963827,0.00785649681459453,0.00400991951334935,0.00870577791029489,0.0027524270497168,0.00953274175918136,0.00545276315758465,NA,0.00980283697004886,0.0109202548806416,NA,0.00241515629972623,NA,0.00360405704249166,0.00441876601640481,0.00289896176806957,NA,0.00273684024019839,0.00888517752936755,0.00773363329849443
"F5H783",NA,NA,NA,NA,NA,NA,NA,NA,NA,NA,NA,NA,0.00506711589733573,0.009803922,NA,NA,NA,NA,NA,0.00542268152723911,NA,NA,NA,NA,NA,NA,NA,NA,NA,NA,NA,NA,NA
"F5H7V9",NA,NA,NA,NA,NA,NA,0.00379615304148695,NA,NA,NA,NA,NA,NA,0.000471506,NA,0.000514232738082263,NA,NA,NA,NA,NA,NA,NA,0.00101367574309719,NA,0.000814205334771382,NA,NA,0.00192784222905255,NA,NA,NA,NA
"F5H7Y1",NA,NA,NA,NA,NA,NA,NA,NA,NA,NA,NA,NA,NA,NA,NA,NA,NA,NA,NA,0.0374992196649907,NA,NA,NA,NA,NA,NA,NA,NA,NA,NA,NA,NA,NA
"F5H8B0",NA,NA,NA,NA,NA,NA,NA,NA,NA,0.00731630359775719,NA,NA,NA,NA,NA,0.00611146650883879,NA,NA,NA,NA,NA,NA,NA,0.0140369909351181,0.00156154579113416,NA,NA,NA,NA,NA,NA,NA,NA
"F6QUT6",NA,NA,NA,NA,NA,NA,NA,NA,NA,NA,NA,NA,0.0134397066965147,NA,NA,NA,NA,NA,NA,NA,NA,NA,NA,NA,NA,NA,NA,NA,NA,NA,NA,NA,NA
"F6RFD5",NA,NA,0.0151723634353998,0.00753401818337108,0.01398794873143,NA,NA,0.01349806995327,NA,NA,NA,NA,0.0153139497851141,NA,NA,NA,NA,NA,NA,0.0163885480994167,NA,NA,NA,0.0140369909351181,NA,NA,0.0132561827169678,0.0073124150660295,NA,NA,NA,0.0185047919383693,NA
"F6S8M0",NA,NA,0.00253885405204712,NA,NA,NA,NA,NA,NA,NA,NA,NA,0.00118271374673832,NA,NA,NA,NA,NA,0.000800962403298587,NA,NA,NA,NA,NA,NA,NA,NA,NA,NA,NA,NA,0.000635176341968573,NA
"F6TR53",NA,NA,NA,NA,NA,NA,NA,NA,NA,NA,NA,NA,NA,0.005747126,NA,NA,NA,NA,NA,NA,NA,NA,NA,NA,NA,NA,NA,NA,NA,NA,NA,NA,NA
"F6UXX1",NA,NA,NA,NA,NA,NA,NA,0.012312428962933,NA,NA,NA,NA,NA,NA,NA,NA,NA,NA,NA,NA,NA,NA,NA,NA,NA,NA,NA,NA,NA,NA,NA,NA,NA
"F6VDH7",NA,NA,NA,NA,0.0108944603692691,NA,NA,NA,NA,NA,NA,NA,0.00695753936051195,0.020512821,0.00829787381584487,NA,NA,NA,0.00807739287182617,0.00850943867024516,NA,NA,NA,0.0109326567020381,NA,NA,NA,NA,NA,NA,NA,NA,NA
"F6VRR5",NA,NA,NA,NA,NA,NA,NA,NA,NA,NA,NA,0.00495090861244085,0.00236002645487932,NA,NA,NA,NA,NA,NA,NA,NA,NA,NA,NA,NA,NA,NA,NA,NA,NA,NA,NA,NA
"F8VNT5",NA,NA,NA,NA,NA,NA,NA,NA,NA,NA,NA,NA,NA,0.00625,NA,NA,NA,NA,0.00328144072292175,NA,NA,NA,NA,NA,NA,NA,NA,NA,NA,NA,NA,NA,NA
"F8VNV6",NA,0.00504283871492596,NA,NA,NA,NA,0.00595238032533489,NA,NA,NA,NA,NA,NA,NA,NA,NA,NA,NA,NA,NA,NA,NA,NA,0.00374716254129309,NA,NA,NA,NA,NA,NA,NA,NA,NA
"F8VP03",NA,NA,0.00975366257423361,NA,NA,NA,NA,NA,NA,NA,NA,NA,NA,NA,NA,NA,NA,NA,NA,NA,NA,NA,NA,NA,NA,NA,NA,NA,NA,NA,NA,NA,NA
"F8VPA1",NA,NA,NA,NA,NA,NA,NA,NA,NA,NA,NA,NA,NA,NA,NA,NA,NA,NA,NA,NA,NA,NA,NA,0.0045118901126267,NA,NA,NA,NA,NA,NA,NA,NA,NA
"F8VPD4",NA,0.00111433558504908,0.00151989960535686,NA,0.00148334252784745,0.00155221385116631,NA,0.00261152693704705,NA,NA,0.00183942844386887,0.00187814695503627,0.00265474536733845,NA,0.000606024734578232,NA,NA,NA,0.000835722573618869,0.0011164374579348,NA,0.00190191780123442,0.000859365699126297,0.000532301850098533,NA,NA,0.000879711492411891,NA,NA,NA,NA,NA,0.00149881362738024
"F8VPE8",NA,0.010803466418974,0.010319438520362,0.00997149564163975,0.0113137821038413,0.0117327070184031,NA,0.0208426077615012,0.0143818003373947,NA,0.00468122498567217,0.0106298925948431,0.0152013466583156,0.013071895,0.0105757215723012,0.0060052507353972,0.00132442760953844,NA,0.0102947164464475,0.01205040265638,NA,0.0073756304014212,0.0070355205759027,0.0123855796795178,0.00964483956783751,NA,0.0146207893271241,0.0161303279612621,NA,NA,NA,0.0154206605037849,NA
"F8VPW9",NA,NA,NA,NA,NA,NA,NA,NA,NA,NA,NA,NA,NA,NA,NA,NA,NA,NA,NA,NA,NA,NA,NA,0.0129794091342711,NA,NA,NA,NA,NA,NA,NA,NA,NA
"F8VQ14",NA,NA,NA,NA,NA,NA,NA,NA,NA,NA,NA,NA,NA,0.004273504,0.00605053236146481,NA,NA,NA,NA,NA,NA,NA,NA,NA,NA,NA,NA,NA,NA,NA,NA,0.00365313935864168,NA
"F8VQE1",NA,NA,NA,NA,NA,NA,0.0017618250021715,NA,NA,NA,NA,NA,0.00158453241193051,0.003065775,NA,NA,NA,NA,NA,NA,NA,NA,NA,NA,NA,NA,NA,NA,NA,NA,NA,NA,0.000775886641042
"F8VQQ3",NA,NA,NA,NA,0.00941049656668652,NA,NA,0.00454046394277326,NA,NA,NA,0.00804481529378428,0.00343419121326479,0.009966777,NA,NA,NA,NA,0.00348857471190186,0.0036751725499252,NA,NA,NA,NA,NA,NA,0.0014863663701934,NA,NA,NA,NA,NA,NA
"F8VQQ4",0.011726882412246,0.0206403950155267,0.0165777166672002,0.00914651563273471,NA,0.0309308304259387,NA,NA,0.048968479344401,NA,NA,NA,NA,NA,NA,NA,NA,NA,NA,0.0111418540104305,NA,NA,0.0122275804396237,0.0170413111879259,NA,NA,0.0313284598373082,0.0355099312092216,NA,NA,NA,0.0503223846052081,0.0601208855483321
"F8VQQ8",NA,NA,NA,NA,0.0318265120061212,NA,NA,0.0153559505550171,0.0296685233051657,NA,NA,0.0243651458774335,0.0174217689281761,0.02247191,NA,NA,NA,NA,0.0176976582680303,0.0248590331989136,NA,NA,0.0114582042227831,NA,NA,NA,NA,0.0110918661041886,NA,NA,0.0161818034616893,NA,0.0208530531116325
"F8VQX6",NA,NA,NA,0.00565051440034769,NA,NA,NA,NA,NA,NA,NA,NA,NA,NA,NA,0.00583367286299913,NA,NA,NA,NA,NA,NA,NA,NA,NA,NA,NA,NA,NA,NA,NA,NA,NA
"F8VQY6",NA,NA,NA,NA,0.0199476031073743,NA,NA,NA,NA,NA,NA,NA,0.0072795187877823,NA,NA,NA,NA,NA,NA,NA,NA,NA,NA,0.0100087695529244,NA,NA,0.012602708725719,NA,NA,NA,NA,NA,0.0147036049124233
"F8VQZ7",NA,NA,0.0011717788720321,NA,0.00216061035663242,NA,0.00241091864582862,NA,NA,NA,NA,NA,NA,NA,NA,NA,NA,NA,NA,NA,NA,NA,NA,NA,NA,NA,NA,NA,NA,NA,NA,NA,NA
"F8VR28",NA,NA,NA,NA,NA,NA,NA,NA,NA,NA,NA,NA,NA,0.010309278,NA,NA,NA,NA,NA,NA,NA,NA,NA,NA,NA,NA,NA,NA,NA,NA,NA,NA,NA
"F8VR50",NA,NA,0.00609603885286237,NA,NA,NA,NA,NA,NA,NA,NA,NA,NA,NA,NA,NA,NA,NA,NA,NA,NA,NA,NA,NA,NA,NA,NA,NA,NA,NA,NA,NA,NA
"F8VR69",NA,0.0104947965449154,NA,NA,0.0337209476829531,0.0189958119709948,NA,0.0180777721774938,0.0139708921083927,NA,NA,NA,0.0369175573515568,NA,NA,0.0200011624516154,0.0201029121981554,NA,0.0333352711027127,NA,0.166352650990387,0.0597074816763547,0.0387331470429483,0.00689316484450112,0.0108750484454256,NA,0.0426091585413697,NA,NA,NA,NA,0.0198265631479881,0.051553381973952
"F8VR77",NA,NA,NA,NA,0.00559794407072474,NA,NA,0.00701129121853302,NA,NA,NA,0.0036427340071262,0.00715004064565337,0.011528327,NA,NA,NA,NA,NA,NA,NA,NA,NA,NA,NA,NA,NA,NA,NA,NA,NA,NA,NA
"F8VRG3",NA,NA,NA,NA,NA,NA,NA,NA,NA,NA,NA,0.0183771021396908,NA,NA,NA,NA,NA,NA,NA,NA,NA,NA,NA,NA,NA,NA,NA,NA,NA,NA,NA,0.0282276489312538,0.015728150731566
"F8VRH0",NA,NA,NA,NA,0.00809963897788194,0.00659964799703577,NA,0.0267976388108214,0.0258872413114434,NA,0.018056154685515,0.0239172577962724,0.022802021021165,0.036764706,NA,NA,NA,NA,NA,0.0271134065299686,NA,NA,0.0127472522615824,NA,NA,NA,0.0148035497641433,0.00725864753320913,NA,NA,NA,0.0183687278673171,0.0204697254684694
"F8VRV7",NA,NA,NA,NA,NA,NA,0.0239448009004547,NA,NA,NA,NA,NA,NA,NA,NA,NA,NA,NA,NA,NA,NA,NA,NA,NA,NA,NA,NA,NA,NA,NA,NA,NA,NA
"F8VS10",NA,NA,NA,NA,NA,NA,NA,NA,NA,NA,NA,NA,NA,0.003816794,NA,NA,NA,NA,NA,NA,NA,NA,NA,NA,NA,NA,NA,NA,NA,NA,NA,NA,NA
"F8VS35",NA,NA,NA,NA,NA,NA,NA,NA,NA,NA,NA,0.00649250901581454,0.0041265133965812,NA,NA,NA,NA,NA,NA,NA,NA,NA,NA,NA,NA,NA,NA,NA,NA,NA,NA,NA,NA
"F8VSD4",NA,NA,0.0195073241243327,NA,0.0254780491716162,0.015196649417231,NA,NA,NA,NA,NA,0.0309785432351649,0.0344563862412381,0.028571429,NA,NA,NA,NA,NA,NA,NA,NA,NA,0.0135356693903832,NA,NA,NA,NA,NA,NA,NA,NA,NA
"F8VSI4",NA,NA,0.0154401961189661,NA,NA,NA,NA,NA,0.00923838546139851,NA,NA,NA,NA,NA,NA,NA,NA,NA,NA,NA,NA,NA,NA,NA,NA,NA,NA,NA,NA,NA,NA,NA,NA
"F8VSL7",NA,NA,NA,NA,NA,NA,NA,NA,NA,NA,0.00243614741264008,NA,NA,NA,0.00963145983153714,NA,NA,NA,0.00625036333175863,NA,NA,NA,NA,NA,NA,0.0118951538228925,NA,NA,NA,NA,NA,NA,NA
"F8VTQ5",NA,0.0136794234770746,0.0264862375979306,0.00233814413530413,0.0305684910953994,0.0220089406728559,0.0508620591607196,0.0206834643039151,0.0586777466792162,0.00733571040224281,0.0084677140795469,0.0351446225481471,0.0295255584462761,0.033333333,0.0312457854101408,0.00724180050577519,0.0151395726435551,0.0163379636505115,0.0205184340663223,0.0230781836465626,0.0240924536730145,0.00778256170278316,0.0492307672847472,0.00980169221562039,0.00848080717227872,0.0103364788251428,0.0138847081086888,0.0153182492701711,NA,0.0021388575433371,0.026486077755707,0.0127619251875941,0.0149327036033851
"F8VTT8",NA,NA,NA,NA,NA,NA,NA,NA,NA,NA,NA,NA,NA,NA,NA,NA,NA,NA,NA,NA,NA,NA,NA,NA,NA,NA,0.00791851655335585,NA,NA,NA,NA,NA,NA
"F8VTV8",NA,NA,NA,NA,NA,NA,NA,NA,NA,NA,NA,NA,NA,NA,NA,NA,NA,NA,NA,NA,NA,NA,NA,NA,NA,NA,NA,NA,NA,NA,NA,NA,0.0046167203859822
"F8VU65",NA,NA,NA,NA,NA,NA,NA,NA,NA,NA,NA,0.00544848782513297,NA,NA,NA,NA,NA,NA,NA,NA,NA,NA,NA,NA,NA,NA,NA,NA,NA,NA,NA,NA,NA
"F8VU68",NA,NA,NA,NA,NA,NA,NA,NA,NA,NA,NA,NA,NA,NA,0.00793179063986416,NA,NA,NA,NA,NA,NA,NA,NA,NA,NA,NA,NA,NA,NA,NA,NA,NA,NA
"F8VU69",NA,NA,NA,NA,NA,NA,NA,NA,NA,NA,NA,NA,NA,NA,NA,NA,NA,NA,NA,NA,NA,NA,NA,NA,0.00734159440068848,NA,NA,NA,NA,NA,NA,NA,NA
"F8VU90",NA,0.0135857291014037,NA,NA,0.0064670309460776,NA,NA,NA,NA,NA,NA,0.00742636291866127,0.0247802782930787,0.020547945,NA,NA,NA,NA,NA,NA,NA,NA,NA,NA,NA,NA,NA,NA,NA,NA,NA,NA,0.00635589629334137
"F8VUA6",NA,0.0534023666159657,0.0413592782615711,0.0312951544099501,0.034499123558499,0.030685541800973,NA,0.0350430653662805,0.013541018058204,NA,0.0409272830807187,0.0450115583985474,0.0262398632331524,0.078461538,0.0165957465529662,0.0403869622590088,NA,NA,0.0471181233355509,0.0425471911387719,NA,0.0260416476462261,0.0339926723576264,0.0194358338211244,0.0302699569234366,NA,0.047033955788278,0.0329058692778969,NA,NA,0.0480060157521964,0.027757187907554,NA
"F8VUC5",NA,NA,NA,NA,0.00993880575213607,NA,NA,NA,NA,NA,NA,NA,NA,0.021052632,NA,NA,NA,NA,0.0110532742351177,0.0291112358676502,NA,NA,NA,0.0149604772930532,NA,NA,NA,NA,NA,NA,NA,0.021913569225392,NA
"F8VUF6",0.0183150175,NA,0.0278088960638528,0.0102375884013803,0.0232952391013475,0.0239048419860932,0.0234291357312668,NA,NA,0.0199190632845162,0.0160949986792162,NA,NA,NA,NA,0.0206472671043179,NA,0.023290777177614,NA,0.0170905851859748,NA,NA,0.0143227555334239,0.0212920645289725,0.0124353399252291,NA,NA,NA,0.0149263972532016,NA,NA,NA,NA
"F8VUX9",NA,NA,NA,0.00153871755863781,NA,NA,NA,NA,0.00199735146627222,NA,NA,0.000820158468775775,NA,NA,NA,NA,NA,NA,NA,NA,NA,NA,NA,NA,NA,NA,NA,NA,NA,NA,NA,NA,NA
"F8VV57",NA,NA,NA,NA,NA,NA,NA,NA,NA,NA,NA,NA,0.0121610777401291,NA,NA,NA,NA,NA,NA,NA,NA,NA,NA,NA,NA,NA,NA,NA,NA,NA,NA,NA,NA
"F8VV71",NA,NA,NA,NA,NA,NA,NA,NA,NA,NA,0.0161555063930684,NA,NA,NA,NA,NA,NA,NA,NA,NA,NA,NA,NA,NA,NA,NA,NA,NA,NA,NA,NA,NA,NA
"F8VVM2",NA,NA,0.00632181852480595,NA,0.00582831236484023,NA,NA,NA,NA,NA,NA,NA,0.00319040642058452,NA,NA,NA,NA,NA,0.0064818587366657,NA,NA,NA,NA,NA,NA,NA,NA,NA,NA,NA,NA,NA,NA
"F8VW21",NA,NA,NA,NA,0.00240863871555957,NA,NA,NA,NA,NA,NA,NA,0.0105478738243567,NA,NA,NA,NA,NA,0.0107149088687465,0.0056440154219743,NA,NA,NA,NA,NA,NA,NA,NA,NA,NA,NA,NA,NA
"F8VW96",NA,NA,NA,NA,0.00582831236484023,NA,NA,NA,NA,NA,0.00505275140183967,NA,NA,NA,NA,NA,NA,NA,NA,NA,NA,NA,NA,NA,NA,NA,NA,NA,NA,NA,NA,NA,NA
"F8VWS0",NA,NA,NA,NA,NA,NA,NA,NA,NA,NA,NA,0.00325274699090111,NA,NA,NA,NA,NA,NA,NA,NA,NA,NA,NA,NA,NA,NA,NA,NA,NA,NA,NA,NA,NA
"F8VWU0",NA,0.00692568577223318,NA,NA,NA,NA,NA,NA,NA,NA,NA,NA,NA,NA,NA,NA,NA,NA,NA,NA,NA,NA,NA,NA,NA,NA,NA,NA,NA,NA,NA,NA,NA
"F8VXC8",NA,NA,NA,NA,NA,NA,NA,NA,NA,NA,NA,NA,NA,NA,0.00171594928753352,NA,NA,NA,NA,0.00068117475188784,NA,NA,NA,NA,NA,NA,NA,NA,NA,NA,NA,NA,NA
"F8VXH9",NA,NA,NA,NA,NA,NA,NA,NA,NA,NA,NA,NA,NA,NA,0.00337101110284653,NA,NA,NA,NA,NA,NA,NA,NA,NA,NA,NA,NA,NA,NA,NA,NA,NA,NA
"F8VXJ7",NA,NA,NA,NA,0.00562015794715886,0.00356171494401754,NA,0.00271166537106422,NA,NA,NA,0.00645386312881564,0.00922938882104341,0.024305556,NA,0.00625036333175863,NA,NA,0.0125007266635173,0.00658468447459886,NA,0.0134341834618152,NA,NA,NA,NA,0.00266307196143945,NA,NA,NA,NA,0.00495664078699703,NA
"F8VY02",NA,NA,NA,NA,0.00295058289865374,NA,NA,NA,NA,NA,NA,NA,NA,NA,NA,NA,NA,NA,NA,NA,NA,NA,NA,0.00888278321509465,NA,NA,NA,NA,NA,NA,NA,NA,NA
"F8VY04",NA,NA,0.00628854541841531,NA,0.00347858239092223,NA,0.00184837061061153,NA,NA,NA,NA,NA,0.00816072330195703,NA,NA,0.00552663711755885,NA,NA,NA,NA,NA,NA,NA,NA,NA,NA,NA,NA,NA,NA,NA,NA,NA
"F8VYN5",NA,NA,0.00906313782646962,NA,0.020889082652169,NA,NA,NA,NA,NA,NA,NA,NA,NA,0.0175014148011778,NA,NA,NA,NA,NA,NA,NA,NA,NA,NA,NA,NA,NA,NA,NA,NA,NA,NA
"F8VZ49",NA,NA,NA,NA,NA,NA,0.00456091405586899,NA,NA,NA,NA,NA,NA,NA,NA,NA,NA,NA,NA,NA,NA,NA,NA,NA,NA,NA,NA,NA,NA,NA,NA,NA,NA
"F8VZ52",NA,NA,NA,NA,NA,NA,NA,NA,NA,NA,NA,NA,NA,NA,NA,NA,NA,NA,NA,0.00423841797430282,NA,NA,NA,NA,NA,NA,NA,NA,NA,NA,NA,NA,NA
"F8VZE0",NA,NA,NA,NA,NA,NA,NA,NA,NA,NA,NA,NA,NA,NA,NA,NA,NA,NA,NA,NA,0,NA,NA,NA,NA,NA,NA,NA,NA,NA,NA,NA,NA
"F8VZJ2",NA,0.00981938836042052,0.00760495973617462,NA,NA,NA,NA,0.0110507094767728,NA,NA,NA,NA,NA,NA,NA,NA,NA,NA,NA,NA,NA,NA,NA,0.00938115709704746,NA,NA,NA,0.00488701028879657,NA,NA,NA,NA,NA
"F8VZQ9",NA,NA,0.0057860712269117,NA,0.00355625778398577,NA,NA,0.00772135323136356,NA,NA,NA,0.0122514010650442,0.00584006602526291,0.005649718,NA,NA,NA,NA,NA,NA,NA,NA,NA,0.00401481714388501,NA,NA,NA,0.00278863325736105,NA,NA,NA,NA,NA
"F8VZS0",NA,NA,0.0155171895279766,NA,NA,NA,NA,NA,NA,NA,NA,NA,NA,0.005050505,NA,NA,NA,NA,NA,NA,NA,NA,NA,0.00478533771112017,NA,NA,NA,NA,NA,NA,NA,NA,NA
"F8VZU9",NA,NA,NA,NA,NA,NA,NA,NA,NA,NA,NA,NA,NA,NA,NA,NA,NA,NA,NA,NA,NA,NA,NA,NA,NA,NA,NA,NA,NA,NA,NA,NA,0.00704293160922295
"F8VZX2",NA,NA,NA,NA,NA,NA,NA,NA,NA,NA,NA,NA,NA,NA,NA,NA,NA,NA,NA,NA,NA,NA,0.00615384616553845,NA,NA,NA,NA,NA,NA,NA,NA,NA,NA
"F8VZY9",NA,NA,NA,NA,NA,NA,NA,NA,NA,NA,NA,0.00659117892728553,NA,NA,NA,NA,NA,NA,NA,NA,NA,NA,NA,NA,NA,NA,NA,NA,NA,NA,NA,NA,NA
"F8W079",0.00286978206613078,NA,0.00589856113835379,NA,NA,NA,NA,NA,NA,NA,NA,NA,NA,NA,NA,NA,NA,NA,NA,NA,NA,NA,NA,NA,NA,NA,NA,NA,0.00727632653491235,NA,NA,NA,NA
"F8W0P7",0.00704336843973565,NA,NA,NA,NA,NA,NA,NA,NA,0.00393954833656417,NA,NA,NA,NA,NA,NA,NA,NA,NA,NA,NA,NA,NA,NA,NA,NA,NA,NA,0.0054668704027317,NA,NA,NA,NA
"F8W0W4",NA,NA,NA,NA,NA,NA,NA,NA,NA,NA,NA,NA,NA,NA,NA,NA,NA,NA,NA,0.0112880308439486,NA,NA,0.0052029602940749,NA,NA,NA,NA,NA,NA,NA,NA,NA,NA
"F8W1I5",NA,NA,NA,NA,NA,NA,NA,NA,NA,NA,NA,NA,NA,NA,NA,NA,NA,NA,NA,NA,NA,NA,NA,NA,NA,NA,NA,NA,NA,0.00531658803284144,NA,NA,NA
"F8W1I6",NA,NA,NA,NA,0.00345855902723207,NA,NA,NA,NA,NA,NA,NA,0.00378641645668017,0.007326007,NA,NA,NA,NA,NA,0.0020260569316038,NA,0.00413359525854971,NA,NA,NA,NA,NA,NA,NA,NA,NA,0.00305024074052606,0.00679824781548125
"F8W1S1",NA,NA,NA,NA,NA,NA,NA,NA,NA,NA,0.000355889738393682,NA,NA,NA,NA,NA,NA,NA,NA,NA,NA,NA,NA,NA,NA,NA,NA,NA,NA,NA,NA,NA,NA
"F8W696",0.0292081215385868,NA,NA,NA,NA,0.0142235984167156,0.0106432197313435,NA,NA,NA,NA,0.00331912905149142,NA,0.009081633,NA,0.00321447203058733,0.00310159164664793,0.0112809758322241,0.0062146465558388,NA,NA,0.0102447068744809,NA,NA,NA,0.0186244123397877,NA,NA,0.00662718593425699,0.00569634405507215,0.00718457359663151,NA,0.00284069608051136
"F8W6G1",NA,NA,NA,NA,NA,NA,NA,NA,NA,NA,NA,NA,NA,0.003012048,NA,NA,NA,NA,NA,NA,NA,NA,NA,NA,NA,NA,NA,NA,NA,NA,NA,NA,NA
"F8W6I7",NA,0.0037005901453225,NA,NA,NA,NA,0.0039312356227826,NA,NA,NA,0.0106899615955309,0.00202285299466948,NA,0.004664179,NA,0.00293860314661811,NA,NA,NA,NA,NA,NA,0.00380514963963918,NA,NA,NA,0.00333877706793362,0.0128922245463548,NA,NA,NA,0.00776786965392673,NA
"F8W6P5",NA,NA,NA,NA,NA,NA,NA,NA,NA,NA,NA,0.070275398152354,NA,NA,NA,NA,NA,NA,NA,NA,NA,NA,NA,NA,NA,NA,NA,NA,NA,NA,NA,NA,NA
"F8W726",NA,NA,NA,NA,0.00180878662854306,NA,NA,0.00130908039982944,NA,NA,NA,NA,NA,0.002873563,NA,NA,NA,NA,NA,NA,NA,NA,NA,NA,NA,NA,NA,NA,NA,NA,NA,NA,NA
"F8W785",NA,NA,NA,NA,0.00151069844411071,0.00063825927711935,0.0021071424539543,0.00218668730509615,0.00281653182651972,NA,NA,0.000867399197573629,0.00206738319514812,0.00376,NA,NA,NA,NA,0.00168009765013594,0.00176996317261247,NA,0.00270833136423528,NA,NA,NA,NA,NA,NA,NA,NA,NA,0.00133234503288604,0.00049491215367035
"F8W7C6",NA,NA,NA,NA,0.0115851110978958,0.00978925299554815,NA,NA,NA,NA,NA,0.0188468638601168,0.00317083347018446,0.012269939,NA,NA,NA,NA,NA,NA,NA,NA,0.0156408000018877,NA,NA,NA,NA,NA,NA,NA,NA,0.0102173701752905,0.00711626464478601
"F8W7S5",NA,NA,NA,NA,NA,NA,0.00368381495583929,NA,0.00229073022298447,NA,NA,NA,NA,NA,NA,NA,NA,0.00193275494023839,NA,NA,NA,NA,NA,NA,0.00212118999364348,0.000465823736100938,NA,NA,NA,NA,NA,NA,NA
"F8W881",NA,NA,NA,NA,NA,NA,NA,NA,NA,NA,NA,NA,NA,0.003120125,NA,NA,NA,NA,NA,NA,NA,NA,NA,NA,NA,NA,NA,NA,NA,NA,NA,NA,NA
"F8W8I6",NA,NA,NA,NA,NA,0.0020536016176038,NA,NA,NA,NA,NA,NA,NA,NA,NA,NA,NA,NA,NA,NA,NA,NA,NA,NA,NA,NA,NA,NA,NA,NA,NA,NA,NA
"F8W8T1",NA,NA,NA,NA,NA,NA,NA,NA,NA,NA,NA,NA,0.00180399960977784,0.005235602,NA,NA,NA,NA,NA,NA,NA,NA,NA,0.00165357249597508,NA,NA,NA,NA,NA,NA,NA,NA,NA
"F8W8Y7",NA,NA,0,NA,NA,NA,NA,NA,NA,NA,NA,NA,NA,NA,NA,NA,NA,NA,NA,NA,NA,NA,NA,NA,NA,NA,NA,NA,NA,NA,NA,NA,NA
"F8W914",NA,0.0165293042359203,0.0323410896991442,0.0321187104893402,0.0339575853756117,0.0209953705799567,0.0055451118318346,0.0335675680402165,0.0393758560346825,NA,0.0301569452124912,0.0689544315773731,0.0616587972477615,0.027631579,0.0198712237405198,0.0276331845377332,0.0266628091695836,0.015585558248006,0.019343229911456,0.0116444947895509,NA,0.0296966153013741,0.026836320067646,0.0149604772930532,0.0207110234170286,0.00525891017428044,0.0141283001069411,0.0155869911781925,NA,NA,0.0126331622927149,0.030678997248635,0.0282458259681319
"F8W930",NA,NA,NA,NA,NA,NA,NA,NA,NA,NA,NA,0.00490426855758732,0.00678572121054638,NA,0.000786815565875439,NA,NA,NA,NA,0.0006051570460781,NA,NA,NA,NA,NA,NA,NA,NA,NA,NA,NA,NA,NA
"F8W9J4",NA,NA,NA,NA,NA,NA,NA,0,NA,NA,NA,NA,NA,NA,NA,NA,NA,NA,NA,NA,NA,NA,NA,NA,NA,NA,NA,NA,NA,NA,NA,NA,NA
"F8W9N7",NA,NA,NA,NA,NA,NA,NA,NA,NA,NA,NA,0.00623131560094317,NA,0.005747126,NA,NA,NA,NA,NA,NA,NA,NA,NA,NA,NA,NA,NA,NA,NA,NA,NA,NA,NA
"F8W9U4",NA,NA,NA,NA,NA,NA,NA,0.00109973971291548,NA,NA,NA,NA,NA,NA,NA,NA,NA,NA,NA,NA,NA,NA,NA,NA,0.00156452564134625,NA,NA,NA,0.000751172599760785,NA,NA,NA,NA
"F8WA66",NA,NA,NA,NA,NA,NA,NA,NA,NA,NA,NA,NA,NA,NA,NA,NA,NA,NA,NA,0.00271134021050607,NA,NA,NA,0.00348344478822211,NA,NA,NA,NA,NA,NA,NA,NA,NA
"F8WAM2",NA,NA,NA,NA,0.0144518341817305,NA,NA,NA,NA,NA,NA,NA,NA,NA,NA,NA,NA,NA,NA,NA,NA,NA,NA,NA,NA,NA,NA,NA,NA,NA,0.0195942918890278,NA,NA
"F8WAS2",0.0114791315245963,0.0186245680553707,0.0228386800947474,0.00955016405199176,0.00886560085650718,0.00374565328944238,0.0049463441249765,0.00427755761696183,0.0149449192272989,NA,0.00576440645968647,NA,0.0048530125251882,0.004694836,NA,NA,NA,0.0139026101265842,NA,0.0103871074205921,NA,NA,0.00478770070550068,NA,0.0153955176167838,NA,NA,NA,0.0207895051445778,NA,NA,NA,0.00871324725240334
"F8WAZ0",NA,NA,NA,NA,NA,NA,0.0242200284727916,NA,NA,NA,NA,NA,NA,0.011494253,NA,NA,NA,NA,NA,NA,NA,NA,NA,NA,NA,NA,NA,NA,NA,NA,NA,NA,NA
"F8WB63",NA,NA,0.0512083072180876,NA,NA,NA,NA,NA,NA,NA,NA,0.0338432711217704,NA,NA,NA,NA,NA,NA,NA,NA,NA,NA,NA,NA,NA,NA,NA,NA,NA,NA,NA,NA,NA
"F8WBE5",NA,NA,NA,NA,NA,NA,NA,NA,NA,NA,NA,NA,NA,0.012345679,NA,NA,NA,NA,NA,NA,NA,NA,NA,NA,NA,NA,NA,NA,NA,NA,NA,NA,NA
"F8WBG8",NA,NA,0.00800105093037346,NA,NA,NA,NA,NA,NA,NA,NA,NA,NA,NA,NA,NA,NA,NA,NA,0.00864239830377181,NA,NA,NA,NA,NA,NA,NA,NA,NA,NA,NA,NA,NA
"F8WBP8",NA,NA,NA,NA,0.022751483024307,0.019224677386936,NA,0.0219546922353736,NA,NA,0.0147929937563912,NA,NA,0.024096386,NA,NA,0.0244141394200503,NA,NA,NA,NA,NA,NA,NA,NA,NA,NA,NA,NA,NA,NA,NA,NA
"F8WBR5",NA,NA,NA,NA,NA,NA,NA,NA,NA,NA,NA,NA,0.0420292191545984,NA,NA,NA,NA,NA,NA,NA,NA,NA,NA,NA,NA,NA,NA,NA,NA,NA,NA,NA,NA
"F8WCR1",NA,0.00550976840922618,NA,NA,0.0157364424408821,NA,NA,0.0253088810484913,NA,NA,NA,NA,0.0172281936374648,0.011111111,0.0239716342694146,NA,NA,NA,0.0175010175389364,0.0122914107980058,NA,NA,0.00849816783446155,NA,0.00546540928519597,NA,NA,0.0109686230926323,NA,NA,NA,NA,0.0154660147777778
"F8WD15",NA,NA,NA,NA,0.0116566237854939,NA,NA,NA,NA,NA,NA,NA,NA,NA,NA,NA,NA,NA,NA,NA,NA,NA,NA,NA,NA,NA,NA,NA,NA,NA,NA,NA,NA
"F8WDM3",NA,NA,NA,NA,NA,NA,NA,0.00820828567158208,NA,NA,NA,NA,NA,NA,NA,NA,NA,NA,NA,NA,NA,NA,NA,NA,NA,NA,NA,NA,NA,NA,NA,NA,NA
"F8WDN6",NA,NA,NA,NA,NA,NA,NA,NA,NA,NA,NA,NA,NA,0.021052632,NA,NA,NA,NA,NA,NA,NA,NA,NA,NA,NA,NA,NA,NA,NA,NA,NA,NA,NA
"F8WE04",NA,0.0195447848176998,0.0292861404664896,0.0279471360694992,0.0320583749475099,0.0173335135531832,0.00533904383555014,0.0164165713431642,0.00594706910454997,NA,0.0285753553778482,0.0323739727785105,0.0352130298842135,0.066276544,0.0157921244741364,0.0413875402143031,0.0119802486017549,NA,0.0231048446429086,0.0364382196660761,NA,0.0222390195081572,0.025724184514414,0.0353329752586678,0.016839367686616,0.00675130371013763,0.0246874007010946,0.0205661681752885,0.0239360261155321,NA,0.0113527736840615,0.0121906572732749,0.0131222268947641
"F8WE91",NA,NA,NA,NA,NA,NA,NA,NA,NA,NA,NA,NA,NA,NA,NA,NA,NA,NA,NA,NA,NA,NA,NA,NA,NA,NA,NA,NA,NA,NA,NA,NA,0.00124225007860502
"F8WEF0",NA,NA,NA,NA,0.00562015794715886,NA,NA,0.0253088810484913,0.0209563381625891,NA,NA,0.0258154525152626,NA,0.027777778,NA,NA,NA,NA,0.0250014533270345,0.0263387378983954,NA,NA,NA,NA,NA,NA,NA,NA,NA,NA,NA,NA,0.0220943065602651
"F8WEQ1",NA,NA,NA,NA,0.0449612635772708,NA,NA,NA,0.0209563381625891,NA,NA,NA,NA,NA,NA,NA,NA,NA,NA,0.0526774757967909,NA,NA,NA,NA,NA,NA,NA,NA,NA,NA,NA,NA,NA
"F8WEU3",NA,0.0119488946164272,NA,NA,NA,NA,NA,NA,NA,NA,NA,NA,NA,NA,NA,NA,NA,NA,NA,NA,NA,NA,NA,NA,NA,NA,NA,NA,NA,NA,NA,NA,NA
"F8WF32",0.0239711253901368,0.0350032321495637,0.062251314186472,0.00598289718156535,0.0305472110194411,0.0657031607391406,0.0371848672063363,0.073246878808832,NA,NA,0.00962994905646859,0.0297636975307622,0.0278691358848091,0.047058824,0.0317271636381802,0.0432378076049941,0.0119198444330989,0.0418059675883565,0.0123536593157126,0.0390433056686492,NA,0.0265522685423392,0.0359922420396845,0.0390145776486007,0.0405083248076345,0.0117552108602512,0.0210539372037259,0.0203242132904208,NA,NA,NA,NA,NA
"F8WF69",NA,NA,0.0150292273226085,NA,0.00831359164502912,NA,NA,0.014325781209833,0.0110712725929907,NA,0.00643510722244572,0.00681917589061676,0.0162530120853883,0.028301887,NA,0.00660415724486322,NA,NA,NA,NA,NA,NA,NA,NA,NA,NA,NA,0.012417308937959,NA,NA,NA,NA,0.00437717378360634
"F8WJN3",NA,0.00285974081921128,0.00354371845602377,NA,0.00245031133214036,0.00414095518360577,NA,NA,NA,NA,0.00944112612470172,NA,0.00357678793545854,0.015282584,0.00373260786757069,NA,NA,NA,NA,NA,NA,0.00780949041584347,0.00352865154028364,NA,NA,NA,0.00309616755165109,0.00341583459782834,NA,NA,NA,NA,0.00160546880975617
"G1UI32",NA,NA,NA,NA,NA,NA,NA,NA,NA,NA,NA,NA,NA,NA,NA,NA,NA,NA,NA,NA,NA,NA,NA,0.00350924797065375,NA,NA,NA,NA,NA,NA,NA,NA,NA
"G3V0E4",NA,NA,0.00125506661179691,NA,0.00115709114767077,NA,NA,0.00223313618793524,NA,NA,NA,0.00265747260658627,0.000844518799376823,0.004901961,NA,NA,NA,NA,NA,NA,NA,NA,NA,NA,NA,NA,NA,NA,NA,NA,NA,NA,NA
"G3V0E5",NA,NA,0.00442875092819099,NA,NA,NA,NA,NA,NA,NA,NA,NA,NA,NA,NA,NA,NA,NA,NA,NA,NA,NA,NA,NA,NA,NA,NA,NA,NA,NA,NA,NA,NA
"G3V113",NA,NA,NA,NA,NA,NA,NA,NA,NA,NA,NA,NA,NA,NA,NA,NA,NA,NA,NA,NA,NA,NA,0.00485609634245525,NA,NA,NA,NA,NA,NA,NA,NA,NA,NA
"G3V153",NA,NA,NA,NA,NA,NA,NA,NA,NA,NA,NA,NA,NA,NA,NA,NA,NA,NA,NA,NA,NA,NA,NA,NA,NA,NA,NA,NA,NA,NA,NA,0.00830760928847403,NA
"G3V180",NA,NA,NA,NA,0.000765143268905832,NA,NA,0.0014766936262439,NA,NA,NA,NA,0.00167535152200176,0.005726634,NA,NA,NA,NA,NA,NA,NA,NA,NA,NA,NA,NA,NA,NA,NA,NA,NA,NA,0.00150398886514168
"G3V192",NA,NA,0.0189654545502833,NA,0.0257131402867426,NA,NA,0.0119100611875208,NA,NA,NA,0.0141731890422084,0.0168903852907608,0.011437908,NA,0.0210633159857872,NA,NA,NA,NA,NA,0.0073756304014212,0.0066652302339668,0.0304478841289164,0.0187538540593905,NA,0.0131587103049325,0.033873688817368,NA,NA,NA,0.0158418122705332,0.0136464830270057
"G3V1A4",NA,NA,NA,NA,NA,NA,NA,NA,NA,NA,NA,NA,0.061915180673633,NA,NA,NA,NA,NA,NA,NA,NA,NA,NA,NA,NA,NA,NA,NA,NA,NA,NA,NA,NA
"G3V1B3",NA,NA,NA,NA,NA,0.00305679760377758,NA,NA,NA,NA,NA,NA,NA,NA,NA,0.00905225063221898,NA,NA,NA,NA,NA,NA,0.0170940163333333,0.00726051222592425,NA,NA,NA,0.0141835643949819,NA,NA,NA,NA,0.00770337899031152
"G3V1C3",NA,NA,0.00213806822521278,NA,0.00197116216243524,NA,NA,0.0028531932401683,NA,NA,NA,NA,0.000719339780602202,NA,NA,NA,NA,NA,NA,NA,NA,NA,NA,NA,NA,NA,NA,NA,NA,NA,NA,NA,0.000968643600526148
"G3V1M7",NA,NA,NA,NA,NA,NA,NA,NA,NA,NA,NA,NA,NA,NA,NA,NA,NA,NA,NA,0.001486864200515,NA,NA,NA,NA,NA,NA,NA,NA,NA,NA,NA,NA,NA
"G3V1N2",0.464313446220058,0.24944222305226,NA,NA,NA,NA,NA,NA,NA,NA,NA,NA,NA,NA,NA,NA,NA,NA,NA,NA,NA,NA,NA,0.216775800682486,0.0720440254945987,0.173290706375217,NA,NA,NA,NA,NA,NA,NA
"G3V1V8",NA,NA,NA,NA,NA,0.0104976856888904,NA,NA,NA,NA,NA,NA,NA,NA,NA,NA,NA,NA,NA,NA,0.0114914670336112,NA,NA,NA,NA,NA,NA,NA,NA,NA,NA,NA,NA
"G3V203",NA,NA,NA,NA,NA,NA,NA,NA,NA,NA,NA,NA,NA,NA,NA,NA,NA,NA,NA,NA,NA,NA,NA,NA,NA,NA,NA,NA,NA,NA,NA,NA,0.0405511355041098
"G3V220",NA,NA,NA,NA,NA,NA,NA,0.00193580684834305,NA,NA,NA,NA,NA,NA,NA,NA,NA,NA,NA,NA,NA,NA,NA,NA,NA,NA,NA,NA,NA,NA,NA,NA,NA
"G3V227",NA,NA,NA,NA,NA,NA,NA,NA,NA,NA,NA,NA,0.0359544906650038,NA,NA,NA,NA,NA,NA,NA,NA,NA,NA,NA,NA,NA,NA,NA,NA,NA,NA,NA,NA
"G3V241",NA,NA,NA,NA,0.0136180749894931,NA,NA,NA,NA,NA,NA,NA,NA,NA,NA,NA,NA,NA,NA,NA,NA,NA,NA,NA,NA,NA,NA,NA,NA,NA,NA,NA,NA
"G3V279",NA,NA,0.0288488596060676,NA,NA,NA,0.0296780626427165,NA,NA,NA,NA,NA,NA,NA,NA,0.0147895919462645,NA,NA,NA,NA,NA,NA,NA,0.0133450263863982,NA,NA,NA,NA,NA,NA,NA,NA,NA
"G3V295",NA,NA,NA,NA,NA,NA,NA,0.00545580669308795,NA,NA,NA,NA,NA,NA,NA,NA,NA,NA,NA,NA,NA,NA,NA,NA,NA,NA,0.00535803790041176,NA,NA,NA,NA,NA,NA
"G3V2A3",0.0241742703271676,NA,NA,NA,NA,NA,NA,NA,NA,NA,NA,NA,NA,NA,NA,NA,NA,NA,NA,NA,NA,NA,0.0388899219292829,NA,NA,NA,NA,NA,0.0183464441846769,NA,NA,NA,NA
"G3V2D2",NA,NA,NA,NA,0.0121049556511257,NA,NA,0.0175215326831403,NA,NA,NA,NA,NA,NA,NA,NA,NA,NA,NA,NA,NA,NA,NA,NA,NA,NA,NA,NA,NA,NA,NA,NA,NA
"G3V2H3",NA,NA,NA,NA,NA,NA,NA,NA,NA,NA,NA,NA,NA,NA,NA,NA,NA,NA,NA,NA,NA,NA,NA,NA,0.00528910525211296,0.0214880192933836,NA,NA,NA,NA,NA,NA,NA
"G3V2J8",0.01976723500674,NA,NA,NA,0.0203563461760916,0.0231540990852707,0.00589685396095951,0.0117317076819595,0.010261828631201,NA,0.00488683956314139,0.0194806832962738,0.0174798737665674,0.028243596,0.0064401403406874,NA,0.00831720457428425,0.0176791401865357,NA,0.0183328814064331,NA,0.00364928580164015,0.0106681458440931,NA,0.00209759811911854,NA,0.00801306567887454,0.00589358833584289,NA,NA,NA,NA,0.00265461487151238
"G3V2K7",NA,0.00648208024808769,0.0200810688611541,NA,NA,0.00521453680721208,NA,NA,NA,NA,NA,NA,0.0135123080258703,0.006535948,NA,NA,NA,NA,NA,0.0108453630544782,NA,NA,NA,0.0123855796795178,NA,NA,NA,NA,NA,NA,NA,0.00544258615812591,NA
"G3V2N5",NA,NA,NA,NA,NA,NA,NA,NA,NA,NA,NA,NA,0.00478277731589943,NA,NA,NA,NA,NA,NA,NA,NA,NA,NA,NA,NA,NA,NA,NA,NA,NA,NA,NA,NA
"G3V2N6",0.059635484347695,NA,NA,NA,NA,NA,NA,NA,NA,NA,NA,NA,NA,NA,NA,NA,NA,NA,NA,NA,NA,NA,0.0777271477374966,NA,NA,NA,NA,NA,0.0256509533308275,NA,NA,NA,NA
"G3V2Q1",NA,NA,0.00747543437114203,NA,NA,NA,NA,NA,NA,NA,NA,NA,0.0113177911011366,NA,NA,NA,NA,NA,NA,NA,NA,NA,NA,NA,NA,NA,NA,NA,NA,NA,NA,NA,NA
"G3V2S6",NA,NA,NA,NA,NA,NA,NA,NA,NA,NA,NA,NA,NA,NA,NA,NA,NA,NA,NA,NA,NA,NA,NA,NA,NA,NA,NA,NA,NA,NA,NA,NA,0.00483312921207267
"G3V2T4",NA,NA,NA,NA,NA,NA,NA,NA,NA,NA,NA,NA,NA,NA,NA,NA,NA,NA,NA,NA,NA,NA,0.00504841668677619,NA,NA,NA,NA,NA,NA,NA,NA,NA,NA
"G3V2W0",NA,NA,NA,NA,NA,NA,NA,NA,NA,NA,NA,NA,NA,NA,NA,NA,NA,NA,0.0172141156637109,NA,NA,NA,NA,NA,NA,NA,NA,NA,NA,NA,NA,NA,NA
"G3V2W1",NA,NA,NA,NA,NA,0.00770844557625714,NA,NA,NA,0.00128463472593121,NA,NA,NA,NA,NA,NA,NA,NA,NA,NA,NA,NA,NA,0.00591231986816692,NA,0.00482701902950937,NA,NA,0.00213920915644039,NA,NA,NA,NA
"G3V2W4",NA,0.00833410246771401,0.00286872368410723,NA,NA,0.002514151959843,NA,0.00510431219782882,NA,NA,NA,NA,NA,NA,0.00453245225651818,NA,NA,NA,0.00294134695609299,NA,NA,NA,NA,0.00398107962261142,0.00275566788579724,NA,NA,NA,NA,NA,NA,NA,NA
"G3V2X6",NA,NA,NA,NA,NA,NA,NA,NA,NA,NA,0.00818545661614374,NA,0.00689127766172425,NA,NA,NA,NA,NA,NA,NA,NA,NA,NA,NA,NA,NA,NA,NA,NA,NA,NA,NA,NA
"G3V2Y1",NA,NA,NA,NA,NA,NA,NA,NA,NA,NA,NA,NA,NA,NA,0.0401063883120443,NA,NA,NA,NA,NA,NA,NA,NA,NA,NA,NA,NA,NA,NA,NA,NA,NA,NA
"G3V2Y4",NA,NA,0.0021883214819299,NA,0.0030262386767348,NA,NA,0.00389367372711568,NA,NA,NA,NA,0.00220874258849956,NA,0.00770391676165305,NA,NA,NA,0.00921106501278118,0.00236373271812877,NA,NA,NA,0.00404913169075625,0.0084083217501999,NA,NA,0.00421870096166409,NA,NA,NA,NA,NA
"G3V359",NA,NA,NA,NA,NA,NA,NA,NA,NA,NA,NA,NA,0.00801311317551505,NA,NA,0.0101750094888753,NA,NA,NA,0.00803944043693568,NA,NA,NA,NA,NA,NA,NA,NA,NA,NA,NA,NA,NA
"G3V361",NA,NA,NA,NA,NA,NA,NA,NA,NA,NA,NA,NA,NA,NA,NA,NA,NA,NA,NA,NA,NA,NA,NA,NA,NA,NA,NA,NA,0.0871114364019923,NA,NA,NA,NA
"G3V393",NA,NA,NA,NA,NA,NA,NA,NA,NA,NA,NA,0.0177745741295863,NA,NA,NA,NA,NA,NA,NA,NA,NA,NA,NA,NA,NA,NA,NA,NA,NA,NA,NA,NA,NA
"G3V3A0",0.0145775620798639,0.0137072274191738,0.0166525942142943,0.0363483588573568,0.0224586992797865,0.0197834430667384,NA,0.0260743200062037,0.0241611245005636,0.00778300932408978,0.0139751700520503,0.0255635944842551,0.0201695920217266,0.036585366,0.00789309898346835,0.0102444983276849,0.0240587732803176,0.0105931104121596,0.0247575367501878,0.0208654199372418,NA,0.0235786301661348,0.0174108814113707,0.015406453650251,0.0299930974563562,0.0121852794771487,NA,0.0374003299823934,0.0158405883071959,NA,0.0169777374421388,0.0114075273462669,0.0124482554119837
"G3V3A4",NA,NA,NA,NA,NA,NA,NA,0.000797828352299409,NA,NA,NA,NA,0.000452579124782655,NA,NA,NA,NA,NA,NA,NA,NA,NA,NA,NA,NA,NA,NA,NA,NA,NA,NA,NA,NA
"G3V3E6",NA,NA,0.0015105226297001,NA,0.0041778167192711,NA,NA,NA,NA,NA,NA,0.0023987805541509,0.00228692791986527,0.002212389,NA,NA,NA,NA,NA,NA,NA,NA,NA,NA,NA,NA,NA,NA,NA,NA,NA,NA,NA
"G3V3F0",NA,NA,NA,NA,0.00907871697439093,NA,NA,0.00876076679712999,NA,NA,NA,NA,0.00993934268193964,0.019230769,NA,NA,NA,NA,NA,NA,NA,0.0108506869894573,NA,NA,NA,NA,NA,NA,NA,NA,NA,0.00400344034740372,NA
"G3V3K9",NA,NA,NA,NA,0.0786822103160374,NA,NA,0.0949083034762827,0.0733471826888957,NA,NA,NA,0.193817174545136,0.208333333,0.0224734069927357,NA,0.0422161156161264,NA,0.0109381360930929,0.046092791322192,NA,0.0235098204939408,NA,0.0394790368273641,NA,NA,NA,NA,NA,NA,NA,0.0346964855089792,NA
"G3V3M6",NA,NA,NA,NA,0.00643219612832947,0.0146621663116267,NA,0.00692866723870997,NA,NA,NA,NA,0.0119315299818222,NA,NA,0.0156377913450577,0.00706277195933524,NA,NA,0.00715051625766246,NA,NA,0.0067856091656441,0.00540397452908817,NA,NA,0.00510337821592603,NA,NA,NA,NA,NA,NA
"G3V3R6",NA,NA,0.0130048830909333,0.0322886513914897,NA,0.015196649417231,NA,NA,0.0209563381625891,NA,0.0376790859848348,NA,NA,0.041269841,NA,0.00833381777567817,NA,NA,NA,0.010535495601849,NA,NA,NA,NA,NA,NA,NA,NA,NA,NA,NA,0.027757187907554,NA
"G3V3W4",NA,NA,NA,NA,NA,0.0221617806328272,0.0877976018969054,NA,0.0122245305948436,NA,NA,0.0225885204087302,NA,NA,NA,NA,NA,NA,0.0145841811074368,NA,NA,NA,NA,NA,NA,NA,NA,NA,NA,NA,NA,NA,NA
"G3V3X5",NA,NA,NA,0.00413018180593321,NA,0.00295803416106023,NA,NA,0.00170936196717678,NA,NA,NA,NA,NA,NA,NA,NA,NA,NA,NA,NA,NA,NA,NA,NA,NA,NA,NA,NA,NA,NA,NA,NA
"G3V438",NA,NA,NA,NA,0.00232558240347542,NA,NA,NA,NA,NA,NA,NA,0.00763811570620512,0.009852217,NA,NA,NA,NA,NA,0.00544939359019479,NA,NA,0.00251177365375197,NA,NA,NA,NA,NA,NA,NA,NA,0.00615307163764708,NA
"G3V445",NA,NA,NA,NA,NA,NA,NA,NA,NA,NA,NA,0.00363841978036727,NA,0.003355705,NA,NA,NA,NA,NA,NA,NA,NA,NA,NA,NA,NA,NA,NA,NA,NA,NA,NA,NA
"G3V448",NA,NA,0.016256103607633,NA,0.0299741757181806,NA,NA,NA,NA,NA,NA,0.060236055868946,0.0328156065347172,0.047619048,NA,NA,NA,NA,NA,0.0175591585989303,NA,NA,0.0161869871283307,NA,NA,NA,NA,0.0156694618429536,NA,NA,NA,NA,NA
"G3V461",NA,NA,NA,NA,NA,NA,NA,NA,NA,NA,NA,NA,NA,NA,NA,NA,NA,NA,NA,NA,NA,NA,NA,NA,NA,NA,NA,NA,NA,NA,0.00827689959869604,NA,0.0328281514845377
"G3V479",NA,NA,NA,NA,NA,NA,NA,NA,NA,NA,0.0346307777395171,NA,NA,NA,NA,NA,NA,NA,NA,NA,NA,NA,NA,NA,NA,NA,NA,NA,NA,NA,NA,NA,NA
"G3V4D9",NA,NA,NA,NA,NA,NA,NA,NA,NA,NA,NA,NA,NA,0.002808989,NA,NA,NA,NA,NA,NA,NA,NA,NA,NA,NA,NA,NA,NA,NA,NA,NA,NA,NA
"G3V4I9",NA,NA,NA,NA,NA,0.00972956219012786,NA,NA,NA,NA,NA,NA,NA,NA,NA,NA,NA,NA,NA,NA,NA,NA,NA,NA,NA,NA,NA,NA,NA,NA,NA,NA,NA
"G3V4K1",NA,NA,NA,NA,NA,NA,NA,NA,NA,NA,NA,NA,NA,0.010309278,NA,NA,NA,NA,NA,NA,NA,NA,NA,NA,NA,NA,NA,NA,NA,NA,NA,NA,NA
"G3V4N7",NA,0.0137744200313072,0.0284481813133577,0.00706314198334211,0.0202169568632131,NA,NA,0.0949083034762827,NA,NA,NA,NA,NA,0.029803241,0.011486408042481,NA,0.0128993680694574,0.0671766409637341,0.00692748573726569,0.0140839078142596,NA,NA,0.0116849808998572,0.011514719193085,0.015940776098048,NA,0.0300335387584133,0.00685538906270415,NA,NA,NA,0.031419594558615,0.0363584310614745
"G3V4T5",NA,NA,NA,NA,0.00134499465270885,0.00487072089546162,NA,NA,NA,NA,NA,NA,NA,NA,NA,NA,NA,NA,NA,NA,NA,NA,NA,NA,NA,NA,NA,NA,NA,NA,NA,NA,NA
"G3V4U0",NA,NA,0.00562711223580053,0.0037256139350465,NA,0.0141250910755332,NA,0.00500615180470306,NA,NA,NA,NA,NA,NA,NA,NA,NA,NA,NA,0.0040521138632076,NA,NA,NA,NA,NA,NA,NA,NA,NA,NA,NA,NA,NA
"G3V4W5",NA,NA,NA,NA,NA,NA,NA,NA,NA,NA,NA,NA,NA,NA,NA,NA,NA,NA,0.0197875821379639,NA,NA,NA,NA,NA,NA,NA,NA,NA,NA,NA,NA,NA,NA
"G3V4X5",NA,NA,NA,NA,0.00371726991253214,NA,NA,NA,NA,NA,NA,NA,NA,NA,NA,NA,NA,NA,NA,NA,NA,NA,NA,NA,NA,NA,NA,NA,NA,NA,NA,NA,NA
"G3V595",NA,NA,0.00511427994777087,0.00190466744398593,0.0035362787970624,0.00298810494907761,NA,0.00170621652586419,0.0118163922488598,NA,NA,0.00521143412993008,0.00387150374684288,NA,NA,0,0.00189735331730708,NA,0.0019664062408787,0.00552422984558681,NA,0.00845296963550054,NA,NA,0.0036845449444145,NA,NA,NA,NA,NA,NA,0,0.00289625773748929
"G3V5L0",NA,NA,NA,NA,NA,NA,NA,NA,NA,NA,NA,0.0030628505373233,NA,NA,0.00609448387390461,NA,NA,NA,NA,NA,NA,NA,NA,NA,NA,NA,NA,NA,NA,NA,NA,NA,NA
"G3V5M2",NA,NA,NA,NA,NA,NA,NA,NA,NA,NA,NA,NA,NA,NA,0.0209073873343742,NA,NA,NA,NA,NA,NA,NA,NA,NA,NA,NA,0.0124839053595145,0.00967819736906289,NA,0.0129807341351789,NA,0.00690789755986269,NA
"G3V5Z7",NA,0.00583387202492728,NA,NA,NA,0.00469308296692605,0.0123949557354454,0.0107190555243286,NA,NA,NA,NA,0.0121610777401291,NA,NA,0.0123536593157126,NA,0.0139353225294522,NA,NA,NA,0.0066380671355848,NA,0.00557351109265724,NA,NA,NA,NA,NA,NA,NA,NA,NA
"G3XAI2",NA,0.000761134774511269,0.0021904568024022,NA,0.00144924984070998,0.00211485695607714,NA,NA,0.00131720919964087,NA,NA,0.000832117735212321,NA,0.002391916,NA,NA,NA,NA,NA,0.00127347744042484,NA,NA,NA,NA,NA,NA,NA,NA,NA,NA,NA,0.00159768904062611,0.000712172847837743
"G3XAL0",0.00440550471609245,NA,0.0288128448915693,NA,0.0186076787363185,NA,NA,0.008071481047057,0.00634353996744241,NA,NA,0.0019536020112332,0.0136826066491875,NA,NA,0.0232265750680882,NA,NA,0.0103587103158802,0.00597960486440956,NA,0.00304992304296367,0.00436392391285537,0.021211979250499,0.00904008147591721,NA,0.00564283419030954,NA,NA,NA,NA,0.0287699508318425,NA
"G3XAL9",NA,NA,NA,NA,NA,NA,NA,NA,NA,NA,NA,NA,NA,0.00317662,NA,NA,NA,NA,NA,NA,NA,NA,NA,NA,NA,NA,NA,NA,NA,NA,NA,NA,NA
"G3XAM7",NA,NA,NA,NA,0.00111700665282935,NA,NA,NA,NA,NA,NA,NA,NA,NA,NA,NA,NA,NA,NA,NA,NA,NA,NA,NA,NA,NA,NA,NA,NA,NA,NA,NA,0.000289987771283578
"G3XAN0",NA,0.0309924448225017,0.0160021018607469,0.0158920704796123,0.0590116579730747,0.0249320030124746,NA,0.0284724909517728,NA,NA,NA,0.0847069528880497,0.0646057248483786,0.03125,0.0337101110284653,0.0328144072292175,NA,NA,0.0328144072292175,0.0345695932150873,NA,0.0352647313051469,0.047802195980934,NA,0.0153714623848967,0.0312247785352945,0.0838867802072274,0.0462738791347813,NA,NA,NA,0.0130111819617778,0.0724969428208945
"G3XAP6",NA,NA,0.0137354709569495,0.0229484335413706,NA,0.00854644330720642,NA,0.0024061259317611,0.00983312168138783,NA,NA,0.00286333354239541,0.00181987918009978,NA,NA,0.00739479649816275,NA,NA,NA,0.0220726045132635,NA,NA,0.000897694137226423,NA,NA,NA,NA,NA,0.00311842515174362,NA,NA,0.00204025075933728,NA
"G5E971",NA,NA,0.00343669332637553,NA,NA,NA,NA,NA,NA,NA,NA,NA,NA,NA,NA,NA,NA,NA,0.00643502286448507,NA,NA,NA,NA,NA,NA,NA,NA,NA,NA,NA,NA,NA,NA
"G5E972",NA,NA,0.00270220145957259,NA,NA,NA,NA,NA,NA,NA,NA,NA,NA,0.00237467,NA,NA,0.00133665778699905,NA,NA,NA,NA,NA,NA,NA,NA,NA,0.00177069736808363,NA,NA,NA,NA,NA,NA
"G5E9A6",NA,NA,NA,NA,NA,0.00103211391837187,NA,0.00235736007149833,NA,NA,0.00211784119829942,NA,0.00200587027555968,0.001293661,NA,NA,NA,NA,NA,NA,NA,NA,NA,NA,NA,NA,NA,NA,NA,NA,NA,NA,NA
"G5E9G0",NA,0.00487738963924375,0.00404995326948146,NA,NA,NA,NA,NA,NA,NA,NA,NA,NA,NA,NA,0.00448744001765408,NA,NA,0.00433785882374042,0.00526255295901286,NA,NA,0.00736023694155298,NA,NA,NA,0.00254926601035447,NA,NA,NA,NA,NA,NA
"G5E9R0",NA,NA,NA,0.0147139386604212,NA,NA,NA,NA,NA,NA,NA,NA,NA,NA,NA,NA,NA,NA,NA,NA,NA,NA,NA,NA,NA,NA,NA,NA,NA,NA,NA,NA,NA
"G5E9U5",NA,NA,NA,NA,0.00240863871555957,NA,NA,NA,NA,NA,NA,NA,NA,NA,NA,NA,NA,NA,NA,NA,NA,NA,NA,NA,NA,NA,NA,NA,NA,NA,NA,NA,NA
"G5E9V5",NA,NA,NA,NA,NA,NA,NA,0.00253793762027288,NA,NA,NA,NA,NA,NA,NA,NA,NA,NA,NA,NA,NA,NA,NA,NA,NA,NA,NA,NA,NA,NA,NA,NA,NA
"G5E9W2",NA,NA,NA,NA,0.00123584669012185,NA,NA,NA,NA,NA,NA,NA,NA,NA,NA,NA,NA,NA,NA,NA,NA,NA,NA,NA,NA,NA,NA,NA,NA,NA,NA,NA,NA
"G5EA20",NA,NA,NA,NA,NA,NA,NA,NA,NA,NA,NA,NA,NA,NA,0.00262463148935196,NA,NA,NA,NA,NA,NA,NA,NA,NA,NA,NA,NA,NA,NA,NA,NA,NA,NA
"G5EA31",NA,NA,NA,NA,NA,NA,NA,NA,NA,NA,NA,0.000551780820050506,NA,0.002035623,NA,NA,NA,NA,0.00160314707763765,NA,NA,NA,NA,NA,NA,NA,NA,NA,NA,NA,NA,NA,NA
"G8JLB6",NA,NA,NA,NA,0.0140569848177663,NA,NA,NA,NA,NA,NA,0.00911000102488664,NA,NA,NA,NA,NA,NA,NA,NA,NA,NA,NA,NA,NA,NA,NA,NA,NA,NA,NA,0.0100062700974174,NA
"G8JLD5",NA,NA,NA,NA,0.000663052156425885,NA,NA,0.00127966216661822,NA,NA,NA,0.000507607431665072,NA,NA,NA,NA,NA,NA,NA,0.000776844580048492,NA,NA,NA,NA,NA,NA,0.000628365223895305,NA,NA,NA,NA,0.00116954412788641,NA
"H0Y2P0",NA,0.00544922057726271,0.0112542254957356,0.011176840788047,0.00518783759666158,0.00438364848678582,NA,NA,NA,0.0019481283216785,NA,NA,0.0113592483363489,NA,NA,NA,NA,NA,0.0115391322240112,NA,NA,0.00620039175935316,NA,0.00260301363584196,0.0162160477545499,NA,0.00491644088834679,NA,NA,NA,NA,NA,0.00254934327879079
"H0Y2S9",NA,NA,NA,NA,0.000396404439175068,NA,NA,NA,NA,NA,NA,NA,NA,NA,NA,NA,NA,NA,NA,NA,NA,NA,NA,NA,NA,NA,NA,NA,NA,NA,NA,NA,NA
"H0Y2V1",NA,NA,NA,NA,NA,0.00206779490827874,NA,0.00192686420838492,NA,NA,NA,NA,NA,NA,NA,NA,NA,NA,NA,NA,NA,NA,0.00446016158830959,NA,NA,NA,NA,NA,NA,NA,NA,NA,NA
"H0Y2V6",NA,NA,NA,NA,NA,NA,NA,NA,NA,NA,NA,NA,NA,NA,NA,NA,NA,NA,NA,NA,NA,NA,NA,NA,0.000678464377027579,NA,NA,NA,NA,NA,NA,NA,NA
"H0Y2W2",NA,NA,0.000447611305316072,NA,NA,NA,NA,NA,NA,NA,NA,NA,NA,NA,NA,NA,NA,NA,NA,NA,NA,NA,NA,NA,NA,NA,NA,NA,NA,NA,NA,NA,NA
"H0Y2Y8",NA,NA,0.00327199508541939,NA,NA,NA,NA,NA,NA,NA,NA,0.00519608116413303,NA,0.004792332,NA,NA,NA,NA,NA,NA,NA,0.00180266986992061,NA,NA,NA,NA,NA,0.00630783407620962,NA,NA,NA,NA,NA
"H0Y390",NA,NA,NA,NA,0.000116739222268655,NA,NA,3.75381320708173e-05,NA,NA,NA,NA,0.00038341688737217,8.24e-05,NA,NA,NA,NA,NA,NA,NA,NA,NA,NA,NA,NA,NA,8.13433096683942e-05,NA,NA,NA,NA,7.64639755320538e-05
"H0Y3V4",NA,NA,NA,NA,0.00518783759666158,NA,NA,NA,NA,NA,NA,NA,NA,NA,NA,NA,NA,NA,NA,NA,NA,NA,NA,NA,NA,NA,NA,NA,NA,NA,NA,NA,NA
"H0Y3Y9",NA,NA,NA,NA,0.0168604738414766,NA,NA,NA,NA,NA,NA,NA,NA,NA,NA,NA,NA,NA,NA,NA,NA,NA,NA,NA,NA,NA,NA,NA,NA,NA,NA,NA,NA
"H0Y3Z3",0.00679181956688795,0.0113638961043312,0.0158039809897603,0.0063568281918449,0.0213894911257288,0.0132970685392612,0.0043898804635952,0.0257834222606476,0.00901559163275743,NA,NA,0.0102903264097239,0.0175720935287533,0.009548611,0.00449468183003656,0.00725562980955787,0.00633241729175962,0.0106934247361806,0.0124775770180204,0.0168750833198933,0.0145558580096805,0.0176846093645896,0.0148363851578106,0.015360649756258,0.0145858099723101,0.00416330413777024,0.00875115212690393,0.00522723460454115,0.0110704116798988,NA,NA,0.0125035851511488,0.0138549717070869
"H0Y3Z4",NA,NA,NA,NA,0.00195079889159516,NA,NA,NA,NA,NA,NA,0.00298691190607373,NA,NA,NA,NA,NA,NA,0.00578546036080642,NA,NA,NA,NA,NA,NA,NA,NA,0.00815848025548527,NA,NA,NA,NA,NA
"H0Y400",NA,NA,NA,NA,NA,NA,NA,NA,NA,NA,NA,NA,NA,NA,NA,NA,NA,NA,NA,NA,NA,NA,NA,NA,NA,NA,NA,0.00527901692624814,NA,NA,NA,NA,NA
"H0Y449",NA,0.00198882039167725,0.00342290949988313,NA,0.00378684418518913,NA,0.00281703558597782,0.00487229829692015,0.0023533857337978,NA,0.00218862493438753,0.00579812343068694,NA,0.007130125,0.00336500261265682,NA,NA,NA,0.0112305990915403,NA,NA,NA,NA,NA,NA,NA,NA,NA,NA,NA,NA,NA,0.00196426673533165
"H0Y4K8",NA,NA,0.00906313782646962,NA,NA,0.0211811710468225,NA,NA,NA,NA,NA,NA,NA,NA,NA,NA,NA,NA,NA,NA,NA,NA,NA,NA,0.0217649026834203,NA,NA,NA,NA,NA,NA,NA,NA
"H0Y4R1",NA,NA,0.00700589532163776,NA,0.0052846261576027,NA,NA,NA,NA,NA,NA,0.00404570490508997,0.00707127334591823,NA,NA,NA,NA,NA,0.00522418383845932,0.00550361641198777,NA,NA,NA,NA,NA,NA,NA,NA,NA,NA,NA,NA,NA
"H0Y4W0",NA,NA,NA,NA,0.0151069844411071,NA,NA,NA,NA,NA,NA,NA,NA,NA,NA,NA,NA,NA,NA,NA,NA,NA,NA,NA,NA,NA,NA,NA,NA,NA,NA,NA,NA
"H0Y4Y4",NA,NA,NA,NA,NA,NA,NA,NA,NA,NA,NA,NA,0.00577481320947445,0.011173184,NA,NA,NA,NA,NA,NA,NA,NA,NA,NA,NA,NA,NA,NA,NA,NA,NA,NA,NA
"H0Y4Z8",NA,NA,NA,NA,NA,NA,NA,NA,NA,NA,NA,NA,0.00270246160517407,NA,NA,NA,NA,NA,NA,NA,NA,NA,NA,NA,NA,NA,NA,NA,NA,NA,NA,NA,NA
"H0Y512",NA,NA,NA,NA,0.00823136999383534,NA,NA,0.0136934951088462,NA,NA,NA,NA,0.00689127766172425,0.019948718,0.00331914931059324,0.00592342157934733,NA,NA,0.00807739287182617,0.0127965748808741,NA,0.00983795612854318,0.0031377850936372,NA,NA,NA,NA,0.00632805144249614,NA,NA,NA,0.00533792046320497,0.00808991552215647
"H0Y555",NA,NA,NA,NA,NA,NA,NA,NA,NA,NA,NA,NA,NA,NA,NA,NA,NA,NA,NA,NA,NA,NA,0.00317688550533428,NA,NA,NA,NA,NA,NA,NA,NA,NA,NA
"H0Y579",NA,NA,NA,NA,NA,NA,NA,NA,NA,NA,NA,0.0097974311526987,NA,NA,NA,NA,NA,NA,NA,NA,NA,NA,NA,NA,NA,NA,NA,NA,NA,NA,NA,NA,NA
"H0Y586",NA,NA,NA,NA,NA,NA,NA,NA,NA,NA,NA,NA,NA,NA,NA,NA,NA,NA,NA,NA,NA,NA,0.00181778978568726,NA,NA,NA,NA,NA,NA,NA,NA,NA,NA
"H0Y5C6",NA,0.00726465881914143,NA,0.0176151248677959,NA,0.00607280086585808,NA,NA,NA,0.00693977329832937,NA,NA,0.00776013162869117,NA,0.00831756052068549,0.00947392889087732,0.00791239188077724,0.0233247214629813,NA,0.0270698488425176,NA,NA,0.0127018883600141,0.0137122913355931,0.00991942553414538,NA,NA,0.0133106776312095,0.00562806976691798,0.00607024412170689,0.00512519713108906,NA,NA
"H0Y5E4",NA,NA,NA,NA,NA,NA,NA,NA,NA,NA,NA,0.00665183398467386,NA,NA,NA,0.0128841848007571,0.00207195680599608,NA,NA,NA,NA,NA,NA,NA,NA,NA,NA,0.0181688850832804,NA,NA,NA,NA,NA
"H0Y5F3",NA,0.00356747536335382,NA,0.00731721270960627,NA,0.00573974201639937,NA,NA,NA,NA,NA,NA,0.00371831478684879,NA,NA,0.00755439632437638,0.00728911383026482,NA,NA,0.0159169347747122,NA,NA,0.00733654846773024,0.0170413111879259,NA,NA,NA,0.0142039722862534,NA,NA,NA,NA,NA
"H0Y5J4",NA,NA,NA,NA,NA,NA,NA,NA,NA,NA,NA,NA,NA,0.009625323,NA,NA,NA,NA,NA,NA,NA,NA,NA,NA,NA,NA,NA,NA,NA,NA,NA,NA,0.00359674755799756
"H0Y5N9",NA,0.0020157684464202,0.00249788867128361,NA,0.00383815694621641,0.00713501190044251,0.00513937207018466,0.00296299136535573,0.00930256982089392,NA,0.00598935835986567,NA,NA,NA,NA,NA,NA,NA,NA,NA,NA,NA,0.00165817889066954,NA,0.0047988957897717,NA,NA,NA,0.00576021505705859,NA,NA,NA,NA
"H0Y6A0",NA,NA,NA,NA,NA,NA,NA,NA,NA,NA,NA,NA,0.00155209000114064,NA,NA,NA,NA,NA,NA,NA,NA,NA,NA,NA,NA,NA,NA,NA,NA,NA,NA,NA,NA
"H0Y6E7",0.00279115888242321,NA,NA,NA,0.00229040673439083,NA,NA,NA,NA,NA,NA,NA,0.00708007936463796,0.003805175,0.00123142010799609,NA,NA,NA,NA,0.00505126471150923,0.0239274356706631,NA,0.0049475634862231,NA,NA,NA,0.00146529759017464,NA,NA,NA,NA,NA,0.00211863209778046
"H0Y6T7",NA,NA,NA,NA,0.0112738694509479,NA,NA,NA,NA,NA,NA,NA,0.0171424809638856,0.012437811,NA,NA,NA,NA,0.00696557880129943,0.00275180820599388,NA,NA,NA,NA,NA,NA,NA,NA,NA,NA,NA,0.00517857949171261,NA
"H0Y723",NA,NA,NA,NA,NA,NA,NA,NA,0.012573802545487,NA,NA,0.00774463553772897,NA,NA,NA,NA,NA,NA,NA,NA,NA,NA,NA,NA,NA,NA,NA,NA,NA,NA,NA,NA,NA
"H0Y7A7",NA,NA,NA,NA,NA,NA,NA,NA,0.00391184936787019,0.00709118679307991,NA,0.0397557969168743,NA,NA,0.00719149071231379,NA,NA,0.00737023691198514,0.0140008134011125,NA,NA,NA,NA,NA,NA,0.00999192913129425,0.00894792322210426,0.0131623475137235,NA,NA,NA,0.0166543129110755,NA
"H0Y7C1",NA,0.000829228894879684,NA,NA,NA,NA,NA,NA,NA,NA,NA,NA,NA,NA,NA,NA,NA,NA,NA,NA,NA,NA,NA,NA,NA,NA,NA,NA,NA,NA,NA,NA,NA
"H0Y7G5",NA,NA,NA,NA,NA,NA,0.00534807715525024,NA,NA,NA,NA,NA,NA,NA,NA,NA,NA,NA,NA,NA,NA,NA,NA,NA,NA,NA,NA,NA,NA,NA,NA,NA,NA
"H0Y7L5",NA,NA,NA,NA,NA,NA,NA,0.0146772693272542,NA,NA,NA,NA,NA,NA,NA,NA,NA,NA,0.00845774072829116,NA,NA,NA,NA,NA,NA,NA,NA,NA,NA,NA,NA,NA,NA
"H0Y7Z1",0.00562323983282707,0.00288674738769005,NA,NA,0.00673907563352001,NA,0.00181728499155957,0.010953754495024,NA,NA,NA,NA,0.00341392258841956,0.014634135,0.00451877080569661,0.00397519609516517,0.0057161971002639,0.00919406738023388,NA,0.00775256259346469,NA,0.00291971888415665,0.00623188484388386,0.00130937814822065,NA,0.0017593948685249,0.00942500590808344,0.00127707120544811,NA,0.00383727446835325,NA,NA,NA
"H0Y827",NA,0.00267728209805225,0.00432732883849669,NA,0.00827456086235247,0.00574333461830546,0.00445170929105036,0.00586025364367941,0.00338941704053242,NA,NA,0.00610844525185988,NA,0.006295436,NA,NA,NA,0.0025024697990951,NA,0.00545323109159841,NA,NA,NA,NA,NA,NA,0.000840180462408957,0.00254904660792889,NA,NA,NA,NA,NA
"H0Y867",NA,NA,NA,NA,NA,NA,NA,0.000228694691803481,NA,NA,NA,NA,NA,NA,NA,NA,NA,NA,NA,NA,NA,NA,NA,NA,NA,NA,NA,NA,NA,NA,NA,NA,NA
"H0Y875",NA,NA,NA,NA,NA,NA,0.00716715111075323,NA,NA,NA,NA,NA,NA,NA,NA,0.014286544458288,NA,NA,NA,NA,NA,NA,NA,NA,NA,NA,NA,NA,NA,NA,NA,0.0115654951696597,NA
"H0Y897",NA,NA,NA,0.00584992148962455,NA,NA,NA,NA,NA,NA,NA,NA,NA,NA,NA,NA,NA,NA,NA,NA,NA,NA,NA,NA,NA,NA,NA,NA,NA,NA,NA,NA,NA
"H0Y8B3",NA,NA,0.00106018098175614,NA,0.00171048264822519,NA,NA,0.000628791956897214,NA,NA,NA,NA,NA,0.002070393,NA,NA,NA,NA,NA,0.00572581205754262,NA,NA,0.0014075638320861,NA,NA,NA,NA,NA,NA,NA,NA,NA,NA
"H0Y8C6",NA,NA,NA,NA,0.00161307470092199,NA,NA,NA,NA,NA,NA,NA,NA,NA,NA,NA,NA,NA,NA,0.00125993943460832,NA,NA,NA,NA,NA,NA,NA,NA,NA,NA,NA,NA,NA
"H0Y8E6",NA,NA,NA,NA,NA,NA,NA,0.00451049357101749,NA,NA,NA,NA,NA,NA,NA,NA,NA,NA,NA,NA,NA,NA,NA,NA,NA,NA,NA,NA,NA,NA,NA,NA,NA
"H0Y8L3",0.0195349971770855,0.0130283332044853,0.0278793042879055,0.0269616191957985,0.0218264153297345,0.0339106308239969,0.0144217939369083,0.00965078315285312,0.028951421979807,0.0323234183113526,0.0103490315976489,0.0303427862460503,0.0127839534208457,0.009962984,0.00721554193264949,0.020427609037417,0.00999632455435549,0.0144794035718021,0.0261656643929638,0.0367714616948536,NA,0.0147910811731965,0.00751469488731649,0.0162672905672297,0.0320229440719236,NA,0.0129858176376427,0.0212704028146231,0.0126660742504513,0.0015558578077168,0.0103596357915035,0.0190844486301019,0.0157443482885188
"H0Y8M8",NA,NA,0.0240031527911204,0.00993254404975766,0.0110646858699515,0.0363591713258002,NA,NA,0.0057302489638797,NA,NA,NA,NA,NA,NA,0.00820360180730438,NA,NA,NA,0.00864239830377181,NA,NA,NA,NA,0.0384286559622417,NA,NA,0.00771231318913021,NA,NA,NA,NA,NA
"H0Y8S0",NA,NA,0.00502026747132216,NA,NA,NA,NA,NA,NA,NA,NA,NA,NA,NA,NA,0.00686314429763167,NA,NA,NA,0.00542268152723911,NA,NA,NA,NA,NA,NA,NA,NA,NA,NA,NA,NA,NA
"H0Y8X1",NA,NA,NA,NA,NA,NA,NA,NA,NA,NA,NA,NA,NA,NA,NA,NA,NA,0.00940081279868596,NA,0.00877957929946514,NA,NA,NA,NA,NA,NA,NA,NA,NA,NA,NA,NA,NA
"H0Y8X4",NA,NA,NA,NA,NA,0.0113974868634672,NA,NA,NA,NA,NA,NA,NA,0.003174603,NA,NA,NA,NA,0.00500029087541911,NA,NA,NA,NA,NA,NA,NA,NA,NA,NA,NA,NA,NA,NA
"H0Y8X7",NA,NA,0.00495548993885534,0.00328094312355559,NA,0.00343150127542014,NA,NA,0.00709811436858672,NA,NA,0.00582929558934974,NA,0.006451613,0.00347975290932127,NA,NA,NA,0.0033872931752465,NA,NA,0.00364022981864099,0.00328961302631409,0.00305644110847484,0.00634692649929027,0.00322320249433038,NA,NA,NA,NA,NA,0.00537235908415813,NA
"H0Y8Y3",NA,NA,0.00312236083910451,NA,NA,NA,NA,NA,NA,NA,NA,NA,NA,NA,NA,NA,NA,NA,NA,NA,NA,NA,NA,NA,NA,NA,NA,NA,NA,NA,NA,NA,NA
"H0Y983",NA,NA,NA,NA,NA,NA,NA,NA,NA,NA,NA,NA,0.0477756616644858,NA,NA,NA,NA,NA,NA,NA,NA,NA,NA,NA,NA,NA,NA,NA,NA,NA,NA,NA,NA
"H0Y9B6",NA,NA,0.00253498692010305,NA,NA,NA,NA,NA,NA,NA,NA,NA,NA,NA,NA,NA,NA,NA,NA,NA,NA,NA,NA,NA,NA,NA,NA,NA,NA,NA,NA,NA,NA
"H0Y9B7",NA,NA,NA,NA,NA,NA,NA,0.0107190555243286,NA,NA,NA,0.0127558706801121,0.0121610777401291,NA,NA,NA,NA,NA,NA,0.0130144352228831,NA,NA,NA,NA,NA,NA,NA,NA,NA,NA,NA,NA,NA
"H0Y9C7",NA,NA,NA,NA,0.0188837305513839,NA,NA,NA,NA,NA,NA,NA,NA,NA,NA,NA,NA,NA,NA,NA,NA,NA,0.0135970687390945,NA,NA,NA,NA,NA,NA,NA,NA,NA,NA
"H0Y9D7",NA,0.0141944792314535,0.0347781509248011,0.0293428178741729,0.0246189064687717,0.0248511068403961,0.0135978359159961,0.0106435209669726,0.0389083724829478,0.0216502789496675,NA,0.0175493257374624,0.0137839342680397,NA,NA,0.0178618626118664,NA,NA,0.0214720018393048,0.0273253717883857,NA,0.034180994766691,NA,0.01102777212346,0.0219924416452076,0.00772571863740727,NA,0.0167820744479866,NA,NA,0.00923827095051047,0.0230478087080538,0.00849036404333608
"H0Y9J2",NA,NA,NA,0.00279421045128488,NA,NA,NA,NA,NA,NA,NA,NA,NA,NA,NA,NA,NA,NA,NA,NA,NA,NA,NA,NA,NA,NA,NA,NA,NA,NA,NA,NA,NA
"H0Y9P2",NA,NA,NA,NA,NA,NA,NA,NA,NA,NA,NA,NA,NA,NA,NA,0.00375021841907959,NA,NA,NA,NA,NA,NA,NA,NA,NA,NA,NA,NA,NA,NA,NA,NA,NA
"H0Y9Q1",NA,NA,NA,NA,NA,NA,NA,NA,NA,NA,NA,0.00308025273372463,NA,0.007575758,0.020174991214296,NA,NA,NA,NA,0.00785672603239992,NA,NA,0.0115884107760639,NA,NA,NA,NA,NA,NA,NA,NA,0.00354850447419962,NA
"H0Y9R4",NA,NA,NA,NA,NA,NA,NA,NA,NA,NA,NA,0.0441731075649438,NA,NA,NA,NA,NA,NA,NA,NA,NA,NA,NA,NA,NA,NA,NA,NA,NA,NA,NA,NA,NA
"H0YAB0",0.00485129852632242,NA,NA,NA,NA,NA,NA,NA,NA,0.0112017373178124,NA,NA,NA,0.019459707,NA,NA,0.00974218083854816,0.00813531885920919,0.0057695655869751,NA,NA,NA,NA,NA,0.00945936184600319,0.00549007045715419,NA,NA,0.0121652877939018,NA,NA,NA,NA
"H0YAB8",NA,NA,NA,NA,NA,NA,NA,NA,NA,NA,NA,0.0500776023277272,NA,NA,NA,NA,NA,NA,NA,NA,NA,NA,NA,NA,NA,NA,NA,NA,NA,NA,NA,NA,NA
"H0YAC7",NA,NA,NA,NA,NA,NA,NA,NA,NA,NA,NA,NA,NA,NA,NA,NA,NA,NA,NA,NA,NA,NA,NA,NA,NA,NA,NA,NA,NA,NA,NA,0.0052926840184759,NA
"H0YAG8",NA,NA,NA,NA,0.00393411084626716,NA,NA,NA,NA,NA,NA,NA,NA,NA,NA,NA,NA,NA,NA,NA,NA,NA,NA,NA,NA,NA,NA,NA,NA,NA,NA,NA,NA
"H0YAS8",NA,0.0106259813653601,0.0646180112258604,0.0270013844616892,0.00618217364745609,0.0149592018074848,NA,0.0181681607194894,0.0256715143371883,0.0303907994780931,NA,0.0154892710754579,NA,0.006547619,NA,0.00750043578809814,NA,0.0239720721628482,0.0293767069242228,0.00658468447459886,NA,0.015449310642546,NA,0.0191755317942924,0.0317384101870471,0.0071370920938969,NA,0.0223289833236441,0.00948892455009406,NA,NA,0.0128872655465629,0.0143612987073958
"H0YB34",NA,NA,NA,NA,NA,NA,NA,NA,NA,NA,NA,NA,0.0069844029377497,NA,NA,NA,NA,NA,NA,NA,NA,NA,NA,NA,NA,NA,NA,NA,NA,NA,NA,NA,NA
"H0YB39",NA,NA,NA,NA,NA,NA,NA,NA,NA,NA,NA,NA,NA,NA,NA,NA,NA,NA,NA,NA,NA,NA,NA,NA,NA,0.00360719432923184,NA,NA,NA,NA,NA,NA,NA
"H0YBB2",NA,NA,0.0275737609230773,0.0230714834274995,NA,0.00666634449584655,NA,NA,NA,NA,NA,NA,NA,NA,NA,NA,NA,NA,NA,NA,NA,NA,NA,NA,0.0014697813579605,NA,NA,NA,NA,NA,NA,NA,NA
"H0YBE8",NA,NA,NA,NA,NA,NA,NA,NA,NA,NA,NA,NA,NA,NA,NA,NA,NA,NA,NA,NA,0.00236041035113891,NA,NA,NA,NA,NA,NA,NA,NA,NA,NA,NA,NA
"H0YBF2",NA,NA,NA,NA,NA,0.0121805208967674,NA,NA,NA,NA,NA,NA,NA,NA,NA,NA,NA,NA,NA,NA,NA,NA,NA,NA,NA,NA,NA,NA,NA,NA,NA,NA,NA
"H0YBG6",NA,0.00608440602304827,NA,0.00311991602016982,0.00386170401402746,0.00571039724830972,NA,NA,0.00269989660308495,NA,NA,0.00665183398467386,NA,NA,NA,0.00483156916902627,NA,0.0145337722321071,NA,0.00490148268425389,NA,NA,0.00625631979679904,NA,0.00301771073879903,0.00306500927313081,NA,0.00151407342788134,NA,NA,NA,NA,NA
"H0YBG7",NA,NA,NA,NA,NA,0.00870353566961151,NA,NA,NA,NA,NA,NA,NA,NA,NA,0.0132962276993919,NA,NA,NA,NA,NA,NA,NA,NA,NA,NA,0.0223698080552606,NA,NA,NA,NA,NA,NA
"H0YBJ4",NA,NA,NA,NA,NA,0.00433835840630553,0.007734209484393,0.00492346495761998,NA,NA,NA,NA,NA,NA,NA,NA,NA,NA,NA,NA,NA,NA,NA,NA,NA,NA,NA,NA,NA,NA,NA,NA,NA
"H0YBN2",NA,NA,NA,NA,NA,NA,NA,NA,0.0145722876658194,NA,NA,NA,NA,NA,NA,NA,NA,NA,NA,NA,NA,NA,NA,NA,NA,NA,NA,NA,NA,NA,NA,NA,NA
"H0YBR5",NA,NA,NA,NA,NA,NA,NA,NA,NA,NA,NA,0.0126812743491207,0.012089959758216,0.011695906,NA,NA,NA,NA,NA,NA,NA,NA,NA,NA,NA,NA,0.00523270344504743,NA,NA,NA,NA,NA,NA
"H0YBS0",NA,0.000423104889683856,NA,NA,NA,NA,NA,NA,NA,NA,NA,NA,NA,NA,NA,NA,NA,NA,0.000895956174498305,NA,NA,NA,NA,NA,NA,NA,NA,0.00299150386654446,NA,NA,NA,NA,NA
"H0YBT4",NA,NA,NA,0.00448717314044714,NA,NA,NA,NA,0.00517744826228867,NA,NA,NA,NA,NA,NA,NA,NA,NA,NA,NA,NA,NA,NA,NA,NA,NA,NA,NA,NA,NA,NA,NA,NA
"H0YBU5",NA,NA,NA,NA,NA,NA,NA,NA,0.0279219391095691,NA,NA,NA,NA,NA,NA,NA,NA,NA,NA,NA,NA,NA,NA,NA,NA,NA,NA,NA,NA,NA,NA,NA,NA
"H0YBV6",NA,NA,NA,NA,0.00689187239509,NA,NA,NA,NA,NA,NA,NA,NA,NA,NA,NA,NA,NA,NA,NA,NA,NA,NA,NA,NA,NA,NA,NA,NA,NA,NA,NA,NA
"H0YBX6",NA,NA,0.00997533649089016,NA,0.00613108088188974,NA,NA,NA,NA,NA,NA,NA,0.0128652088162562,NA,NA,NA,NA,NA,NA,NA,NA,NA,NA,NA,NA,NA,NA,0.00480767588246768,NA,NA,NA,NA,NA
"H0YC04",NA,NA,NA,NA,0.0151828989262967,NA,NA,NA,NA,NA,NA,NA,0.00519443052295094,0.018425461,0.00542072177254489,NA,NA,NA,0.00791503243516116,NA,NA,NA,NA,NA,NA,NA,NA,0.00496068422743567,NA,NA,NA,0.00836900124944248,0.0194296659995337
"H0YC07",NA,NA,NA,NA,NA,NA,NA,NA,NA,NA,NA,NA,0.00149665725552914,NA,NA,NA,NA,NA,NA,NA,NA,NA,NA,NA,NA,NA,NA,NA,NA,NA,NA,NA,NA
"H0YC23",NA,NA,NA,NA,0.0190360183964155,NA,NA,0.00734773948289367,NA,NA,NA,NA,NA,0.008064516,NA,NA,NA,NA,NA,0.00892118520309,NA,NA,NA,NA,NA,NA,NA,NA,NA,NA,NA,NA,NA
"H0YC35",NA,NA,NA,0.0108201332223436,NA,NA,NA,NA,NA,NA,NA,NA,NA,NA,NA,NA,NA,NA,NA,NA,NA,NA,NA,NA,NA,NA,NA,NA,NA,NA,NA,NA,NA
"H0YC70",NA,NA,NA,NA,NA,NA,NA,0.121482627757191,0.029338872899525,NA,NA,NA,0.0689127735161677,NA,NA,NA,NA,NA,NA,NA,NA,NA,NA,NA,NA,NA,NA,NA,NA,NA,NA,NA,NA
"H0YCD9",NA,NA,NA,NA,NA,NA,NA,NA,NA,NA,NA,0.00288364044185961,0.00549835962754445,0.003546099,NA,NA,NA,NA,NA,NA,NA,NA,NA,NA,NA,NA,NA,NA,NA,NA,NA,NA,0.00987192424726574
"H0YCE3",NA,NA,NA,NA,NA,NA,NA,NA,NA,NA,NA,0.00420251550052533,NA,NA,NA,NA,NA,NA,NA,NA,NA,NA,NA,NA,NA,NA,NA,NA,NA,NA,NA,NA,NA
"H0YCI3",NA,NA,NA,NA,NA,NA,NA,NA,NA,NA,NA,NA,NA,0.004901961,NA,NA,NA,NA,NA,NA,NA,NA,NA,NA,NA,NA,NA,NA,NA,NA,NA,NA,NA
"H0YCR7",NA,NA,0.00359345452480875,NA,0.00331293525071202,0.00559876570074154,NA,NA,NA,NA,NA,NA,NA,NA,NA,NA,NA,NA,NA,0.00388149826318362,NA,NA,NA,NA,NA,NA,NA,NA,NA,NA,NA,NA,NA
"H0YCU9",NA,0.0098519031541327,0.0170689089928415,0.0193090405726407,NA,0.0199896327262118,NA,NA,NA,NA,NA,0.0277644334572707,NA,0.009933775,NA,NA,NA,NA,NA,0.0109890099468865,NA,NA,NA,NA,NA,NA,NA,0.0185231717224015,0.0175953566056778,NA,NA,NA,NA
"H0YCV6",NA,NA,NA,NA,0.00276077969032219,0.00233281930791701,NA,0.00266409307762214,NA,NA,NA,NA,NA,NA,NA,NA,NA,NA,NA,NA,NA,NA,NA,NA,NA,NA,NA,NA,NA,NA,NA,NA,NA
"H0YCY8",NA,NA,NA,NA,0.016123404070595,NA,NA,NA,NA,NA,NA,NA,NA,NA,NA,NA,NA,NA,0.0129105864852679,0.0045337175237945,NA,NA,NA,NA,NA,NA,0.00855675760011139,NA,NA,NA,NA,NA,NA
"H0YD14",NA,NA,0.00119781851631442,0.00089218643073424,NA,0.000349922457384298,NA,NA,NA,NA,NA,NA,NA,NA,NA,NA,NA,NA,NA,NA,NA,NA,NA,NA,NA,NA,NA,0.000865943954344025,NA,NA,NA,NA,NA
"H0YD17",NA,NA,NA,NA,NA,NA,NA,NA,NA,NA,NA,NA,NA,NA,NA,NA,NA,NA,NA,0.00807464942934688,NA,NA,NA,NA,NA,NA,NA,NA,NA,NA,NA,NA,NA
"H0YD71",NA,NA,NA,NA,NA,NA,NA,NA,NA,NA,NA,NA,NA,NA,0.00152362042911438,NA,NA,NA,NA,NA,NA,NA,NA,NA,NA,NA,NA,NA,NA,NA,NA,NA,NA
"H0YD73",NA,NA,NA,NA,NA,NA,NA,NA,NA,NA,NA,NA,NA,NA,NA,NA,NA,NA,NA,NA,NA,NA,NA,NA,NA,NA,NA,NA,NA,NA,NA,0.00188397168327362,NA
"H0YDD4",NA,NA,NA,NA,NA,NA,NA,0.00233620478294123,NA,NA,NA,NA,0.00265049172641444,NA,NA,NA,NA,NA,NA,NA,NA,NA,NA,NA,NA,NA,NA,NA,NA,NA,NA,NA,NA
"H0YDD8",NA,NA,NA,0.0172388565789268,NA,NA,NA,NA,0.0397815228739886,NA,0.0277473104938308,NA,NA,NA,0.0457086247393904,NA,NA,NA,NA,NA,NA,0.0478165844188789,0.0172844103128925,NA,0.016674129138903,NA,NA,0.0167317985569902,NA,NA,NA,0.0258753446454704,0.038665036480464
"H0YDN1",NA,NA,NA,NA,NA,NA,0.000659674659489657,0.000659519469132367,NA,0.000320964826173538,NA,NA,NA,NA,0.000324531823446136,NA,0.000576015927407022,0.000815784572591245,NA,NA,NA,NA,NA,0.000794529190583137,NA,NA,NA,NA,0.000564172976929804,NA,0.000135881987706907,NA,0.00104553629397927
"H0YDS0",NA,NA,NA,NA,0.00797454842577694,NA,NA,NA,NA,NA,NA,NA,NA,NA,NA,NA,NA,NA,0.00354750308691934,0.00298980298531827,NA,NA,NA,NA,NA,NA,NA,NA,NA,NA,NA,NA,NA
"H0YDT6",NA,NA,0.0167890908629983,NA,NA,NA,NA,NA,NA,NA,NA,NA,NA,NA,NA,NA,NA,NA,NA,0.018134868988951,NA,NA,NA,NA,NA,NA,NA,NA,NA,NA,NA,NA,NA
"H0YE29",NA,NA,NA,NA,0.0028269057937805,0.00179152118888124,NA,0.00136395167327199,NA,NA,NA,NA,NA,0.003742515,NA,NA,NA,NA,NA,0.00248404264610616,NA,NA,NA,NA,NA,NA,NA,NA,NA,NA,NA,NA,0.00208374448098309
"H0YEB7",NA,NA,NA,NA,NA,NA,NA,NA,NA,NA,NA,NA,NA,NA,NA,NA,NA,NA,NA,NA,NA,NA,NA,NA,NA,NA,NA,NA,NA,NA,NA,NA,0.00418000437019434
"H0YEF7",NA,NA,NA,NA,NA,NA,NA,NA,NA,NA,NA,NA,NA,NA,NA,NA,NA,NA,NA,NA,NA,NA,NA,0.00547686072629576,NA,NA,NA,NA,NA,NA,NA,NA,NA
"H0YEN5",NA,NA,NA,NA,NA,NA,NA,NA,NA,NA,NA,NA,NA,NA,NA,NA,NA,NA,NA,NA,NA,NA,NA,NA,NA,NA,0.00504754675418939,NA,NA,NA,NA,NA,NA
"H0YEP8",NA,NA,NA,NA,NA,NA,NA,NA,NA,0.0379884990816969,NA,NA,NA,NA,NA,NA,NA,NA,NA,NA,NA,NA,NA,NA,NA,NA,NA,NA,NA,NA,NA,NA,NA
"H0YEV1",NA,NA,NA,NA,0.00993880575213607,NA,NA,NA,NA,NA,NA,NA,NA,NA,NA,NA,NA,NA,NA,NA,NA,NA,NA,NA,NA,NA,NA,NA,NA,NA,NA,NA,NA
"H0YF92",NA,NA,NA,NA,NA,NA,NA,NA,NA,NA,NA,NA,NA,0.002941176,NA,NA,NA,NA,NA,NA,NA,NA,NA,NA,NA,NA,NA,NA,NA,NA,NA,NA,NA
"H0YFA9",NA,NA,NA,NA,NA,NA,NA,NA,NA,NA,NA,NA,NA,0.00375,NA,NA,NA,NA,NA,NA,NA,NA,0.00509890090463297,NA,NA,NA,NA,NA,NA,NA,NA,NA,NA
"H0YFC6",0.0237383969194761,NA,NA,NA,NA,NA,NA,NA,0.00854530299135669,NA,NA,0.0315800683149472,NA,NA,NA,NA,NA,NA,NA,NA,NA,NA,0.0198015571884178,NA,NA,NA,NA,NA,NA,NA,NA,0.016169236062365,NA
"H0YFG1",NA,NA,NA,NA,NA,NA,NA,NA,NA,NA,NA,NA,NA,0.056372549,NA,NA,NA,NA,NA,NA,NA,NA,NA,NA,NA,NA,NA,NA,NA,NA,NA,NA,NA
"H0YFT5",NA,NA,NA,NA,NA,NA,0.00286296497004666,NA,NA,NA,NA,NA,NA,0.002717391,NA,NA,NA,NA,NA,NA,NA,NA,NA,NA,NA,NA,NA,NA,NA,NA,NA,NA,NA
"H0YFX9",0.008858895016374,NA,NA,NA,NA,0.00650400085523895,NA,NA,NA,NA,0.0289160152556619,NA,NA,NA,0.0430453048298133,NA,NA,0.0246771330042994,NA,NA,0.0379717997063344,NA,NA,NA,NA,0.00543039665799627,NA,NA,NA,NA,0.0271659303097068,NA,0.0353028588707066
"H0YFY6",NA,NA,NA,NA,0.00272845829711044,NA,NA,0.00236286232342978,NA,NA,NA,0.00168710987151366,NA,0.001037344,NA,NA,NA,NA,NA,0.00229507695289012,NA,NA,NA,NA,NA,NA,NA,NA,NA,NA,NA,0.000431906289310668,NA
"H0YG15",NA,NA,NA,NA,0.00590116579730747,NA,NA,NA,NA,NA,NA,NA,NA,NA,NA,NA,NA,NA,NA,NA,NA,NA,NA,NA,NA,NA,NA,NA,NA,NA,NA,NA,NA
"H0YG47",NA,NA,NA,NA,NA,NA,0.00595238032533489,NA,NA,NA,0.00231227607912232,NA,NA,NA,NA,NA,NA,NA,NA,NA,NA,NA,NA,NA,NA,NA,NA,NA,NA,NA,NA,NA,NA
"H0YGH1",NA,NA,NA,NA,NA,NA,NA,0.00253088828707308,NA,NA,NA,NA,NA,NA,NA,NA,NA,NA,NA,NA,NA,NA,NA,NA,NA,NA,NA,NA,NA,NA,NA,NA,NA
"H0YGI8",NA,NA,NA,NA,NA,NA,NA,NA,NA,NA,NA,NA,NA,0.00729927,0.00787389446805588,NA,NA,NA,NA,NA,NA,NA,NA,NA,NA,NA,0.00217711025124696,NA,NA,NA,NA,NA,NA
"H0YGW7",NA,NA,NA,NA,0.00311172626912744,NA,NA,NA,NA,NA,NA,0.00408379999359841,NA,0.002824859,NA,NA,NA,NA,NA,NA,NA,NA,NA,NA,NA,NA,NA,NA,NA,NA,NA,NA,NA
"H0YGZ3",NA,0.0122121687408263,0.00669829651882974,0.00968328315397656,0.0134631264268268,0.00602204329684517,NA,0.00520873927232311,0.023392945370531,0.00822340178490495,0.00733942500975801,0.00850432977693988,NA,0.001809576,NA,NA,0.00304242356584726,0.011605169401959,0.00568555020385799,NA,NA,NA,NA,NA,0.00609767073544553,NA,NA,NA,NA,NA,NA,NA,0.00439524582151274
"H0YH15",NA,NA,NA,NA,NA,NA,NA,NA,NA,NA,NA,NA,NA,NA,NA,NA,NA,NA,NA,NA,NA,NA,0.0016690344506955,NA,NA,NA,NA,NA,NA,NA,NA,NA,NA
"H0YH80",NA,NA,0.0268893768858898,NA,NA,NA,NA,NA,NA,NA,NA,NA,NA,NA,NA,NA,NA,NA,NA,NA,NA,NA,NA,NA,NA,NA,NA,NA,NA,NA,NA,NA,NA
"H0YH81",NA,NA,0.0108107127767649,NA,NA,NA,NA,NA,NA,NA,NA,NA,NA,NA,NA,NA,NA,NA,NA,NA,0.00535798295747739,NA,NA,NA,NA,NA,NA,NA,NA,NA,NA,NA,NA
"H0YI76",NA,NA,NA,NA,NA,NA,NA,NA,NA,NA,NA,0.00269713660339331,NA,NA,NA,0.00496809705425941,NA,NA,NA,NA,NA,NA,NA,NA,0.00619215235128204,NA,NA,0.00245566172433653,NA,NA,NA,NA,NA
"H0YI87",NA,NA,NA,NA,0.0749858758513811,NA,NA,NA,NA,NA,NA,NA,NA,NA,NA,0.0100967410897827,NA,NA,NA,NA,NA,NA,NA,NA,NA,NA,NA,NA,NA,NA,NA,NA,NA
"H0YI90",NA,NA,NA,NA,NA,NA,NA,0.00921439872305103,NA,NA,NA,NA,NA,NA,NA,NA,NA,NA,0.00764607505290018,NA,NA,NA,NA,NA,NA,NA,NA,NA,NA,NA,NA,NA,NA
"H0YI98",NA,NA,0.00382139716885664,NA,NA,NA,NA,NA,NA,NA,NA,NA,NA,0.003731343,NA,NA,NA,NA,NA,0.0103192813255906,NA,NA,NA,NA,NA,NA,NA,NA,NA,NA,NA,NA,NA
"H0YIB4",NA,0.00909869947022129,NA,NA,0.0173245235802328,NA,NA,NA,NA,NA,0.0187739832147417,0.0348153350435192,NA,0.006116208,NA,NA,0.00464764575590382,NA,NA,0.0050744357418927,NA,0.00517647436143336,NA,NA,NA,NA,0.00820910393916297,0.00905666143216583,NA,NA,NA,NA,NA
"H0YID2",NA,NA,NA,NA,0.0231418267301616,NA,NA,NA,NA,NA,NA,NA,0.0202684625556513,NA,NA,NA,NA,NA,NA,NA,NA,NA,NA,NA,NA,NA,NA,NA,NA,NA,NA,NA,NA
"H0YIQ2",NA,NA,NA,NA,0.000394397098617456,NA,NA,NA,NA,NA,NA,0.00181161093108839,NA,0.000417711,NA,NA,NA,NA,NA,NA,NA,NA,NA,NA,NA,NA,NA,NA,NA,NA,NA,NA,NA
"H0YIV0",NA,NA,NA,NA,NA,NA,0.0196929203568826,NA,NA,NA,0.0305998381692579,0.0303995043953306,NA,NA,NA,NA,0.0189380706230502,0.0110701154524235,NA,NA,NA,0.0210929236400397,NA,NA,0.00689560949643047,NA,NA,0.0184518897114242,NA,NA,NA,0.0272383619264448,NA
"H0YIX7",NA,NA,NA,NA,0.0349698713564818,NA,NA,NA,NA,NA,NA,NA,NA,0.018518519,NA,NA,NA,NA,NA,NA,NA,NA,NA,NA,NA,NA,NA,NA,NA,NA,NA,NA,NA
"H0YIZ0",NA,NA,0.00506463809936164,NA,NA,0.00352573786421452,NA,NA,0.0036117927902305,NA,NA,NA,NA,NA,NA,0.00397750412931204,0.00287837140414648,NA,NA,NA,NA,NA,0.00386280393194804,NA,0.00714229564365125,NA,NA,0.00498573776937832,NA,NA,NA,NA,NA
"H0YJ11",NA,NA,NA,0.00851972321918621,0.0350268633994724,0.0143637952582312,NA,0.00781798112113634,NA,NA,0.0018171075222223,NA,0.00678926470534287,0.020586623,0.0144345379381154,NA,0.0075555870158359,NA,NA,NA,NA,NA,0.00460969705513976,NA,NA,0.00783049700385676,0.00437553445560898,0.0104163405198513,NA,0.00836513580695353,0.00676413307019251,NA,0.0123960557572309
"H0YJC4",NA,NA,0.0931031381919943,NA,NA,NA,NA,NA,NA,NA,NA,NA,NA,0.136363636,NA,NA,NA,NA,NA,0.100566089453547,NA,NA,NA,NA,NA,NA,NA,NA,NA,NA,NA,NA,NA
"H0YJE6",NA,0.0012941413529313,NA,NA,0.00050982012486668,NA,NA,NA,NA,NA,NA,NA,NA,NA,NA,0.000566987804296531,0.000911795140566184,NA,0.000566987804296531,NA,NA,0.00453999166446723,NA,NA,0.00159358532949905,0.00130084525683155,0.000966298755847549,NA,NA,0.00506471216200005,0.00108004894359607,0.00258167331220425,0.000836688493042137
"H0YJG0",NA,0.00969596008112645,0.0187853348917388,0.0142052022087741,0.0101100047091284,0.0193141772940701,0.00441440444104555,0.0412415585356713,NA,NA,0.00228644032240478,NA,0.00577481320947445,0.019765895,0.0325424984973475,NA,0.00566026108524895,0.0187491071298207,0.00439969691787573,0.0261621652660686,NA,NA,0.00911535307688086,0.00979256592570809,0.00549594168241694,NA,0.0157046879535028,0.0125924695143463,0.00329844598705159,NA,0.0102806178895754,0.0317169623119362,0.0503274788539996
"H0YJH0",NA,NA,NA,NA,0.0030262386767348,NA,NA,NA,NA,NA,NA,NA,NA,NA,NA,NA,NA,NA,NA,NA,NA,NA,NA,NA,NA,NA,NA,NA,NA,NA,NA,NA,NA
"H0YJH7",NA,NA,NA,NA,NA,NA,NA,NA,NA,NA,0.00241764500650495,NA,NA,NA,NA,NA,NA,NA,0.00221531900811252,NA,NA,NA,NA,NA,NA,NA,NA,NA,NA,NA,NA,NA,NA
"H0YJI8",NA,0.00356747536335382,0.00368393680957015,NA,NA,NA,NA,NA,NA,NA,NA,NA,NA,NA,NA,NA,NA,NA,NA,NA,NA,NA,NA,0.00340826185858642,NA,NA,NA,NA,NA,NA,NA,NA,NA
"H0YJV3",NA,NA,NA,0.00192631117261353,NA,NA,NA,NA,NA,NA,NA,NA,NA,NA,NA,NA,NA,NA,NA,NA,NA,NA,NA,NA,NA,NA,NA,NA,NA,NA,NA,NA,NA
"H0YJW3",NA,0.00926970635904862,NA,0.00893258039403509,0.0138398993397207,0.0121755512504709,NA,NA,0.00198666008749199,NA,0.0033985393775526,NA,0.00902905732205036,0.022714263,0.00545762598401353,0.00771564054616509,0.0100367932601903,NA,0.0079161497000985,NA,NA,NA,NA,0.0111616572220655,NA,NA,0.00360850863429466,0.00859036880690047,0.0060767207838857,NA,NA,NA,0.0130520656294482
"H0YK49",NA,NA,NA,NA,NA,NA,NA,NA,NA,NA,NA,NA,0.00451393687258557,NA,NA,NA,NA,NA,NA,NA,NA,NA,NA,NA,NA,NA,NA,NA,NA,NA,NA,0.00545446901038796,NA
"H0YK93",NA,NA,NA,NA,0.0295058289865374,0.0332426709492409,NA,0.0537813720002642,0.00916839816617428,NA,NA,0.09035408271917,0.0305082590710334,0.0625,NA,NA,NA,NA,NA,NA,NA,NA,NA,NA,NA,NA,NA,NA,NA,NA,NA,NA,NA
"H0YKB3",NA,NA,NA,NA,0.00806997074881266,NA,NA,NA,NA,NA,NA,0.00926708593531823,NA,NA,NA,NA,NA,NA,NA,NA,NA,NA,NA,NA,NA,NA,NA,NA,NA,NA,NA,NA,NA
"H0YKD0",NA,NA,NA,NA,NA,NA,NA,NA,NA,NA,NA,NA,NA,NA,NA,NA,NA,NA,NA,0.0202977429675708,NA,NA,NA,NA,NA,NA,NA,NA,NA,NA,NA,NA,NA
"H0YKD8",NA,0.0148277575261545,0.00853445398435352,0.0119657943631307,0.0158752926232534,0.00664853387071853,NA,0.0293880769710502,NA,NA,NA,0.0143503542440638,0.00506711589733573,0.01127451,0.0317271636381802,0.00926524396175393,NA,NA,0.0105520843051056,NA,NA,0.0066380671355848,0.0144968748410756,NA,NA,NA,0.0339494729804345,0.0124364828591202,NA,NA,0.00682438446044278,0.0142867882487227,0.0231990217026862
"H0YKF0",NA,NA,0.00354371845602377,NA,NA,NA,NA,NA,NA,NA,NA,NA,NA,NA,NA,NA,NA,NA,NA,NA,NA,NA,NA,NA,NA,NA,NA,NA,NA,NA,NA,NA,NA
"H0YKK6",NA,NA,0.00853445398435352,NA,NA,NA,NA,NA,NA,NA,NA,NA,0.00574273155705214,NA,NA,NA,NA,NA,NA,NA,NA,NA,NA,0.026670282302976,NA,NA,NA,NA,NA,NA,NA,NA,NA
"H0YKL9",NA,0.0287008822957324,0.033204612274007,0.0399131755519249,0.026227403753408,0.0196433962161528,NA,0.0296804151968685,0.0193369846310921,NA,0.00651115829986631,NA,0.034652161227669,0.084090909,0.00980657765566959,0.022492010123923,NA,NA,NA,0.0375027706536057,NA,0.0277843336187859,0.0190564986497715,0.0360694835305353,NA,NA,0.0257591731019227,NA,NA,NA,NA,0.0557667144698958,0.00937334200836203
"H0YKN4",NA,NA,NA,NA,NA,NA,NA,NA,NA,NA,NA,NA,NA,NA,NA,NA,NA,NA,0.00760913810606194,NA,NA,NA,NA,NA,NA,NA,NA,0.0143069002010905,NA,NA,NA,NA,NA
"H0YKS4",NA,NA,NA,NA,0.00357646431986228,NA,NA,0.00258840818551392,NA,NA,NA,0.011597618436355,0.00587324752554504,NA,NA,0.00497187937409428,NA,NA,0.00447469227673367,0.00942807057514371,NA,NA,0.00579420538803197,0.0125615118470018,0.00279481125327453,NA,NA,NA,NA,NA,NA,NA,NA
"H0YKS8",NA,NA,0.0172642288559184,0.00430971389045857,NA,NA,NA,NA,NA,NA,NA,NA,NA,NA,NA,NA,NA,NA,NA,NA,NA,NA,NA,NA,NA,NA,NA,NA,NA,NA,NA,NA,NA
"H0YKT8",NA,NA,NA,NA,NA,NA,NA,NA,NA,NA,NA,NA,NA,NA,0.00595979876598237,NA,NA,NA,NA,0.0122235028422076,NA,NA,NA,NA,NA,NA,NA,NA,NA,NA,NA,NA,NA
"H0YKX5",NA,NA,NA,NA,NA,NA,NA,NA,NA,NA,NA,NA,NA,NA,NA,NA,NA,NA,NA,NA,NA,NA,NA,NA,NA,NA,NA,NA,0.00311842515174362,NA,NA,NA,NA
"H0YL11",NA,NA,0.00209863597382434,NA,NA,NA,NA,NA,NA,NA,NA,NA,NA,0.004098361,0.00221049873015394,0.00537941121053847,NA,NA,NA,NA,NA,0.00693732420967598,NA,NA,NA,NA,NA,NA,NA,NA,NA,NA,NA
"H0YL33",NA,0.0270929258270228,0.0602332171753632,NA,0.0158793875602234,0.0249275439735998,NA,0.0141515851435105,0.0101584126238607,0.00524348243550645,0.00665961956360463,0.0128956065223432,0.0136826965803565,NA,0.0126610743469113,0.0354982214670704,0.00535133841371422,NA,0.0243412033021789,0.0441018747969265,NA,0.0379375203341122,0.0266757556781592,0.0217034525127019,0.025009593600606,NA,0.0218972064892311,0.0119672751028664,NA,NA,0.018030428717478,NA,0.0123685213023524
"H0YL43",NA,NA,NA,NA,NA,NA,NA,NA,NA,NA,NA,NA,NA,0.006451613,NA,NA,NA,NA,NA,NA,NA,NA,NA,NA,NA,NA,NA,NA,NA,NA,NA,NA,NA
"H0YL55",NA,NA,NA,NA,NA,NA,NA,0.00920322930652054,NA,NA,NA,NA,NA,NA,NA,NA,NA,NA,NA,NA,NA,NA,NA,NA,NA,NA,NA,NA,NA,NA,NA,NA,NA
"H0YL69",NA,NA,NA,NA,NA,NA,NA,NA,NA,NA,NA,NA,0.00253355743182207,0.004901961,NA,NA,NA,NA,NA,NA,NA,NA,NA,NA,NA,NA,NA,NA,NA,NA,NA,NA,NA
"H0YL72",NA,NA,NA,NA,NA,NA,NA,NA,NA,NA,NA,NA,NA,NA,NA,NA,NA,NA,NA,0.00428770149261723,NA,NA,NA,NA,NA,NA,NA,NA,NA,NA,NA,NA,NA
"H0YL90",NA,NA,NA,0.00416841227922523,NA,NA,NA,NA,NA,NA,NA,NA,NA,NA,NA,NA,NA,NA,NA,NA,NA,NA,NA,NA,NA,NA,NA,NA,NA,NA,NA,NA,NA
"H0YL99",NA,NA,NA,NA,NA,NA,NA,NA,NA,NA,NA,NA,NA,NA,NA,NA,NA,NA,0.00889882201468651,NA,NA,NA,NA,NA,NA,NA,NA,NA,NA,NA,NA,NA,NA
"H0YLA2",NA,0.0172479689475633,0.0178110347583498,NA,0.00821031746683013,NA,NA,NA,NA,NA,NA,NA,0.00449431120391403,NA,NA,0.00913096530724991,NA,NA,NA,0.0192387297523174,NA,NA,NA,0.00823910310718978,NA,NA,NA,NA,NA,NA,NA,0.00724100546869098,NA
"H0YLA4",NA,NA,NA,NA,NA,NA,NA,0.00135583268553211,NA,NA,NA,0.00645386312881564,NA,NA,NA,NA,NA,NA,0.0031251811408488,NA,NA,NA,NA,NA,NA,NA,NA,NA,NA,NA,NA,NA,NA
"H0YLC7",NA,NA,0.00636108384226778,NA,NA,NA,NA,0.0169773855695839,NA,NA,NA,NA,NA,0.0126294,NA,NA,NA,NA,NA,0.00916129951331359,NA,NA,NA,NA,NA,NA,NA,NA,NA,NA,NA,NA,NA
"H0YLE8",NA,NA,NA,0.000519454572524798,NA,NA,NA,NA,NA,NA,NA,NA,NA,NA,NA,NA,NA,NA,NA,NA,NA,NA,NA,NA,NA,NA,0.00045699280876092,NA,NA,NA,NA,NA,NA
"H0YLG5",NA,NA,NA,NA,NA,NA,NA,NA,NA,NA,NA,NA,0.00745450623618603,NA,NA,NA,NA,NA,NA,NA,NA,NA,NA,NA,NA,NA,NA,NA,NA,NA,NA,NA,NA
"H0YLH9",NA,NA,NA,NA,NA,NA,NA,NA,NA,NA,NA,0.00218598584600615,0.00208405560692539,NA,NA,NA,NA,NA,NA,NA,NA,NA,NA,NA,NA,NA,NA,NA,NA,NA,NA,NA,NA
"H0YLM6",NA,NA,NA,NA,NA,NA,NA,NA,NA,NA,NA,0.0125105658500423,NA,NA,NA,NA,NA,NA,NA,NA,NA,NA,NA,NA,NA,NA,NA,NA,NA,NA,NA,NA,NA
"H0YLP6",NA,NA,NA,NA,NA,NA,NA,NA,NA,NA,NA,NA,NA,NA,NA,NA,NA,NA,NA,0.0526182871220717,NA,NA,NA,NA,NA,NA,NA,NA,NA,NA,NA,NA,NA
"H0YLR3",NA,NA,NA,NA,NA,NA,NA,0.0102373000663049,NA,NA,NA,NA,NA,NA,NA,NA,NA,NA,NA,NA,NA,NA,NA,NA,NA,NA,NA,NA,NA,NA,NA,NA,NA
"H0YLW0",NA,NA,NA,NA,NA,NA,NA,NA,NA,NA,NA,NA,NA,NA,NA,NA,NA,NA,NA,NA,NA,NA,0.018210360519372,NA,NA,NA,NA,0.0176281445733228,NA,NA,NA,NA,NA
"H0YM50",NA,NA,NA,0.0387102002310676,NA,NA,NA,NA,NA,NA,NA,0.0116602283946849,NA,0.039304052,NA,NA,NA,NA,NA,NA,NA,NA,NA,NA,NA,NA,NA,0.0068237974535293,NA,NA,NA,0.0196971266607589,NA
"H0YMR4",NA,NA,NA,NA,NA,NA,NA,NA,NA,NA,NA,0.00293834405650359,NA,NA,NA,NA,NA,NA,NA,NA,NA,NA,NA,NA,NA,NA,NA,NA,NA,NA,NA,NA,NA
"H0YMU3",NA,NA,NA,NA,NA,NA,NA,NA,NA,NA,NA,NA,NA,NA,NA,0.00750043578809814,NA,NA,NA,NA,NA,NA,NA,NA,NA,NA,NA,NA,NA,NA,NA,NA,NA
"H0YN06",NA,NA,NA,NA,NA,NA,NA,NA,NA,NA,NA,NA,NA,NA,NA,NA,NA,NA,NA,NA,NA,NA,NA,NA,NA,NA,NA,NA,0.0361482825664764,NA,NA,NA,NA
"H0YN14",NA,NA,NA,NA,NA,NA,NA,0.00127966216661822,NA,NA,NA,0.00152282121074622,NA,NA,NA,NA,NA,NA,NA,NA,NA,NA,NA,NA,NA,NA,NA,NA,NA,NA,NA,NA,NA
"H0YN26",NA,NA,0.0115721414296889,NA,NA,NA,NA,NA,NA,NA,NA,NA,0.0146001640294657,NA,NA,NA,NA,NA,NA,NA,NA,NA,NA,NA,NA,NA,NA,NA,NA,NA,NA,NA,NA
"H0YN88",NA,NA,NA,NA,NA,NA,NA,NA,NA,NA,NA,0.0112942607464896,NA,NA,NA,NA,NA,NA,NA,NA,NA,NA,NA,NA,NA,NA,NA,NA,NA,NA,NA,NA,NA
"H0YNA5",NA,NA,NA,NA,NA,NA,NA,NA,NA,NA,NA,NA,NA,NA,NA,0.00777822943393781,NA,NA,NA,NA,NA,NA,NA,NA,NA,NA,NA,NA,NA,NA,NA,NA,NA
"H0YNP9",NA,NA,NA,NA,NA,NA,NA,0.00902098714203498,0.0174290334056584,NA,0.0081044124101873,NA,NA,0.00990099,NA,NA,NA,NA,NA,NA,NA,NA,NA,NA,NA,NA,NA,NA,NA,NA,NA,NA,NA
"H3BLU7",NA,NA,NA,0.00233278100649524,0.0108278272376455,NA,0.012082238938139,0.0118765984939148,NA,NA,NA,0.00746042893789698,0.00711255692094214,NA,0.00989654643615302,NA,NA,NA,NA,NA,NA,NA,NA,NA,NA,NA,NA,NA,NA,NA,NA,0.00763959313959175,NA
"H3BM18",NA,NA,NA,NA,0.005653811587561,NA,NA,NA,NA,NA,NA,NA,NA,NA,NA,NA,NA,NA,NA,NA,NA,NA,NA,NA,NA,NA,NA,NA,NA,NA,NA,0.0049863212707515,NA
"H3BM67",NA,NA,NA,NA,0.0051314488888621,NA,NA,NA,NA,NA,NA,NA,NA,0.007246377,NA,NA,NA,NA,NA,NA,NA,NA,NA,NA,NA,NA,NA,NA,NA,NA,NA,NA,NA
"H3BM89",0.00734250786015408,0.00504648441819532,0.0124044319982576,0.00687224694128726,0.0130366288746451,0.00996947348068377,NA,0.0208507832386631,0.00859021083099816,NA,0.00553071412893255,0.0053814497938995,0.0203841088705131,0.009881707,0.00728867291719553,0.00531687587587835,0.00743747375532324,NA,0.00885561935367429,0.0100951973505759,NA,0.00621280607324398,0.00674862887694316,0.00474222660324958,0.00861663580844002,0.00450086947315606,0.00257510313865829,0.00601133277658789,NA,NA,0.00504567708623618,0.0107944621028347,0.00632419065436075
"H3BMJ7",NA,NA,NA,NA,NA,NA,NA,NA,NA,NA,NA,NA,0.0234929911358718,0.022727273,NA,NA,NA,NA,NA,0.0251415226399435,NA,NA,NA,NA,0.0223584910099698,NA,NA,NA,NA,NA,NA,NA,NA
"H3BML9",NA,NA,NA,NA,NA,0.0135224426769566,NA,NA,NA,NA,NA,NA,NA,NA,NA,NA,NA,NA,NA,NA,NA,NA,NA,NA,NA,NA,NA,NA,NA,NA,NA,NA,NA
"H3BMQ8",NA,NA,NA,NA,NA,0.00454316463879578,NA,NA,NA,NA,NA,NA,NA,NA,NA,0.00772677434328033,NA,NA,NA,NA,NA,NA,NA,NA,NA,NA,NA,NA,NA,NA,NA,NA,NA
"H3BMV3",NA,NA,NA,NA,NA,NA,NA,NA,NA,NA,NA,0.00190219126079301,NA,NA,NA,NA,NA,NA,NA,NA,NA,NA,NA,NA,NA,NA,NA,NA,NA,NA,NA,NA,NA
"H3BN50",NA,NA,NA,NA,NA,NA,0.00557445062979224,0.00361555443549876,NA,NA,NA,NA,NA,NA,NA,NA,NA,NA,NA,NA,NA,NA,NA,NA,NA,NA,NA,NA,NA,NA,NA,NA,NA
"H3BNF6",NA,NA,NA,0.0041201664959804,NA,NA,0.00731646638575411,NA,NA,NA,NA,NA,NA,NA,NA,NA,NA,NA,0.00729209002868788,0.00768213133391851,NA,NA,NA,NA,NA,NA,NA,NA,NA,NA,NA,0.00578274716847205,NA
"H3BNG6",NA,NA,NA,NA,NA,NA,NA,NA,NA,NA,NA,0.024642022954046,NA,NA,NA,NA,NA,NA,NA,NA,NA,NA,NA,NA,NA,NA,NA,NA,NA,NA,NA,NA,NA
"H3BNS8",NA,NA,NA,NA,NA,NA,NA,NA,NA,NA,NA,0.0142664344559476,NA,NA,NA,NA,NA,NA,NA,NA,NA,NA,NA,NA,NA,NA,NA,NA,NA,NA,NA,NA,NA
"H3BNU9",NA,NA,NA,NA,NA,NA,0.0443608936011056,NA,NA,NA,NA,NA,NA,NA,NA,NA,NA,NA,NA,NA,NA,NA,NA,NA,NA,NA,NA,NA,NA,NA,NA,NA,NA
"H3BNW0",NA,NA,NA,NA,NA,NA,NA,NA,NA,NA,NA,NA,0.00712890785463257,NA,NA,NA,NA,NA,NA,NA,NA,NA,NA,NA,NA,NA,NA,NA,NA,NA,NA,NA,NA
"H3BP20",NA,NA,0.00530639631807203,NA,0.0024460794881238,NA,NA,NA,NA,NA,NA,NA,NA,NA,NA,NA,NA,NA,NA,NA,NA,NA,NA,NA,NA,NA,0.00231811520455017,NA,NA,NA,NA,NA,NA
"H3BP36",NA,NA,NA,NA,NA,NA,NA,NA,NA,NA,NA,NA,NA,0.021276596,NA,NA,NA,NA,NA,NA,NA,NA,NA,NA,NA,NA,NA,NA,NA,NA,NA,NA,NA
"H3BPE1",NA,NA,NA,NA,NA,NA,NA,NA,NA,NA,NA,NA,0.000225631100843673,NA,NA,NA,NA,NA,NA,NA,NA,NA,NA,NA,NA,NA,NA,NA,NA,NA,NA,NA,NA
"H3BPE4",NA,NA,NA,NA,0.00637963892945886,NA,NA,NA,NA,NA,NA,0.007326007,0.0069844029377497,NA,NA,NA,NA,NA,NA,NA,NA,NA,NA,NA,NA,NA,NA,NA,NA,NA,NA,NA,NA
"H3BPE7",NA,NA,0.00326851405218901,NA,0.00892847801412412,NA,NA,NA,NA,NA,NA,NA,NA,NA,NA,0.00599916668178164,NA,NA,NA,NA,NA,NA,0.00272653120161366,NA,NA,NA,NA,NA,NA,NA,NA,0.00442933859333172,NA
"H3BPK7",NA,0.0020157684464202,0.00208157389273634,NA,NA,0.00162159343241328,NA,NA,0.00357791167268986,NA,NA,0.00220375777131544,0.00630299757139527,NA,NA,NA,NA,NA,NA,NA,NA,0.0015290945479908,0.00414544824645402,0.00288870952645507,NA,NA,0.00242491135258295,NA,NA,NA,NA,NA,NA
"H3BPS8",NA,0.00949555747823386,0.0226236538352543,0.0119742809830399,0.0141460574864041,0.00599479521048085,0.00448328166000918,0.0108940078200108,0.00873923881093649,NA,0.0139326924434865,0.00768970965204062,0.00783909016137186,0.019650456,0.00678983770589939,NA,NA,0.0126010895465153,0.0177297533834531,0.0149066043965216,NA,0.0120050150564506,0.00925757875937415,0.0127676881147765,0.0104656766429646,NA,0.0142786010576798,0.0116220734452851,NA,0.00791832192904688,0.0122568546566772,0.013583305075065,0.016946802765295
"H3BPT9",NA,0.0173992676167582,NA,NA,0.0331293515629337,0.0279938277058836,NA,NA,0.0308830241510877,NA,NA,0.0570657367395413,0.00604497987910801,0.026315789,NA,NA,NA,NA,NA,0.0388149815256092,NA,NA,0.0357817604301215,NA,NA,NA,NA,0.0173188790868805,NA,NA,NA,0.0292180925780945,NA
"H3BPY5",NA,NA,NA,NA,NA,NA,NA,NA,NA,NA,NA,NA,NA,0.021535581,NA,NA,NA,NA,NA,NA,NA,NA,NA,NA,NA,NA,NA,NA,NA,NA,NA,NA,NA
"H3BQ34",NA,0.0152069592623214,0.0187782376395215,0.0167965566100783,0.0279479212160482,0.00398912048199594,NA,0.014213467483125,0.0123223267410238,0.00425471186311236,0.0114596392626012,0.0101196569436093,0.031320855406494,0.017133333,0.00215744710582178,0.0175010175389364,0.00810549413345231,NA,0.0313318208087705,0.0247057355823067,NA,NA,0.0292336988598224,0.0189183546121583,0.0163962268718143,NA,0.00928027503955055,0.0108589369702953,NA,NA,NA,0.0113804474334735,0.00927960868107449
"H3BQ94",NA,NA,NA,NA,NA,NA,NA,NA,NA,NA,NA,NA,0.00680060223478506,0.006578947,NA,NA,NA,NA,NA,NA,NA,NA,NA,NA,NA,NA,NA,NA,NA,NA,NA,NA,NA
"H3BQB1",NA,0.0154962224112509,0.0158020760995548,0.0317841409592245,0.0201623167888627,0.00623300075311865,0.016462050421518,0.037963321572737,0.00534823219025448,NA,NA,0.0134119345686909,0.0372252036111352,0.021378968,0.0421376387855817,NA,NA,NA,NA,0.0331291938665343,NA,NA,NA,0.00740231934591221,NA,NA,0.0209716950518068,NA,NA,NA,NA,0.0162639774522222,0.0217490828462683
"H3BQC4",NA,NA,NA,NA,NA,NA,NA,NA,NA,NA,NA,NA,NA,NA,NA,NA,NA,NA,NA,0.00601210360071269,NA,NA,NA,NA,NA,NA,NA,NA,NA,NA,NA,NA,NA
"H3BQC6",NA,NA,NA,NA,NA,NA,NA,NA,NA,NA,NA,0.010952009960854,NA,NA,NA,NA,NA,NA,NA,NA,NA,NA,NA,NA,NA,NA,NA,NA,NA,NA,NA,NA,NA
"H3BQI1",NA,NA,NA,NA,NA,NA,NA,NA,0.00352066478314965,NA,NA,NA,NA,0.009333333,NA,NA,NA,NA,NA,NA,NA,NA,NA,NA,NA,NA,NA,NA,NA,NA,NA,NA,NA
"H3BQN4",NA,NA,NA,0.00140871584519828,0.00348730006513128,NA,NA,NA,NA,NA,NA,0.00725836070507923,0.00143170627768717,0.003462604,0.00511899200756019,0.00436313484282568,0.00140330622569813,0.00656233994089652,NA,NA,NA,NA,0.00141243838135093,0.00174976332635158,NA,NA,0.00289175761439605,0.00364607959993777,NA,NA,NA,NA,0.00235631813861576
"H3BQZ9",NA,NA,NA,NA,NA,NA,NA,NA,NA,NA,NA,NA,NA,NA,NA,NA,NA,NA,NA,NA,NA,NA,0.0177739466107247,NA,0.0120024667554137,NA,NA,NA,NA,NA,NA,NA,NA
"H3BR29",NA,NA,NA,NA,NA,NA,NA,NA,NA,NA,NA,NA,NA,0.004016064,NA,NA,NA,NA,NA,NA,NA,NA,NA,NA,NA,NA,NA,NA,NA,NA,NA,NA,NA
"H3BR66",NA,0.0059744468123345,NA,NA,0.00568787028398348,0.00961233869346802,NA,0.00274433630164177,0.00530220565937817,NA,NA,NA,NA,NA,NA,NA,NA,NA,NA,NA,NA,0.00679802005748513,NA,NA,NA,NA,NA,NA,NA,NA,NA,NA,NA
"H3BR68",NA,NA,0.0292797437222834,NA,NA,0.00613710867932424,0.00405219718892307,0.0206754090945549,0.0124126001067285,NA,NA,NA,NA,0.01981685,NA,NA,NA,NA,0.0294824827220923,0.0333286333168243,NA,NA,NA,NA,NA,NA,NA,NA,NA,NA,NA,0.0169745878390902,NA
"H3BR70",0.00618649244794123,NA,NA,NA,NA,NA,NA,NA,NA,NA,NA,NA,NA,NA,NA,NA,NA,NA,NA,NA,NA,NA,NA,NA,NA,0.00298266578515982,NA,NA,NA,NA,NA,NA,NA
"H3BR94",NA,NA,NA,NA,0.00390159683900378,NA,NA,NA,NA,NA,NA,NA,NA,0.002754821,NA,NA,NA,NA,NA,NA,NA,NA,NA,NA,NA,NA,NA,NA,NA,NA,NA,NA,NA
"H3BRC9",NA,NA,NA,NA,NA,NA,NA,NA,NA,NA,NA,NA,NA,0.006578947,NA,NA,NA,NA,NA,NA,NA,NA,NA,NA,NA,NA,NA,NA,NA,NA,NA,NA,NA
"H3BRQ4",NA,NA,NA,NA,NA,NA,NA,NA,NA,NA,NA,NA,NA,0.040816327,NA,NA,NA,NA,NA,NA,NA,NA,NA,NA,NA,NA,NA,NA,NA,NA,NA,NA,NA
"H3BRS6",NA,NA,NA,NA,0.00558690275347134,NA,NA,NA,NA,NA,NA,NA,NA,NA,NA,NA,NA,NA,NA,NA,NA,NA,NA,NA,NA,NA,NA,NA,NA,NA,NA,NA,NA
"H3BRV9",NA,NA,NA,NA,NA,NA,NA,NA,NA,NA,NA,NA,NA,0.009345794,NA,NA,NA,NA,NA,NA,NA,NA,NA,NA,NA,NA,NA,NA,NA,NA,NA,NA,NA
"H3BS19",NA,NA,NA,NA,NA,NA,0.000374270642671363,NA,NA,NA,NA,NA,NA,NA,NA,NA,NA,NA,NA,NA,NA,NA,NA,NA,NA,NA,NA,NA,NA,NA,NA,NA,0.000659297637572981
"H3BS51",NA,NA,NA,NA,NA,NA,NA,NA,NA,NA,NA,NA,NA,0.002020202,NA,NA,NA,NA,NA,NA,NA,NA,NA,NA,NA,NA,NA,NA,NA,NA,NA,NA,NA
"H3BSC1",NA,NA,0.00624997958483002,NA,0.00596077323697944,NA,NA,NA,NA,NA,NA,NA,NA,0.017676768,0.00136202440471767,0.0026516697695617,NA,NA,NA,0.00419025395769509,NA,NA,0.00257520296122542,NA,NA,NA,NA,NA,NA,NA,NA,NA,NA
"H3BSW3",NA,NA,NA,NA,NA,NA,NA,NA,NA,NA,NA,NA,NA,NA,NA,NA,NA,NA,0.0333352711027127,NA,NA,NA,NA,NA,NA,NA,NA,NA,NA,NA,NA,NA,NA
"H3BT29",NA,NA,NA,NA,0.00823418461387402,0.00579814034678351,NA,NA,0.00511724489449682,NA,NA,0.00472782980255987,0.00600983436479049,0.011627907,NA,NA,NA,NA,NA,NA,NA,0.0065608796917041,NA,NA,NA,NA,NA,NA,NA,NA,NA,NA,NA
"H3BT37",NA,NA,NA,NA,NA,0.0239347228919756,NA,NA,NA,NA,NA,NA,NA,0.01,NA,NA,0.0202637353336308,NA,NA,NA,NA,0.0338541420529411,NA,NA,NA,NA,NA,NA,NA,NA,NA,0.0222057508256726,NA
"H3BT57",NA,NA,0.00209863597382434,NA,0.00193480814856424,0.000817442590929644,NA,NA,NA,NA,0.00335469561627955,0.00222182135960491,0.00211822014791681,0.006147541,NA,NA,NA,NA,0.00215176406419097,0.00075561940292792,NA,0.0011562205135341,NA,NA,NA,NA,NA,NA,NA,NA,NA,0.000853192123277943,NA
"H3BTE6",NA,NA,NA,NA,NA,NA,NA,NA,NA,NA,NA,NA,NA,NA,NA,NA,NA,NA,NA,NA,NA,NA,NA,NA,NA,NA,NA,NA,NA,0.0145744779473234,NA,NA,NA
"H3BTH8",NA,NA,NA,NA,0.00144813853316703,0.00163154229889537,NA,NA,0.00494980999890598,NA,NA,NA,NA,NA,NA,NA,NA,NA,NA,NA,NA,NA,NA,NA,NA,NA,NA,NA,NA,NA,NA,NA,NA
"H3BTP7",NA,0.00622279695882352,0.0296267481489824,0.00897434526380177,NA,0.0101683462953691,NA,NA,0.00258872369106124,NA,NA,0.0135569084178263,0.0380033676794806,0.007026144,0.00660982571300739,0.00509588423146772,NA,NA,0.0133831307503451,0.0181117554823707,NA,NA,0.0407150327168891,NA,NA,NA,NA,0.0151947693363537,NA,NA,0.00423582520169978,0.0175523392774257,0.00964351503122891
"H3BTV5",NA,NA,NA,NA,NA,NA,NA,NA,NA,NA,NA,NA,NA,0.006465517,NA,NA,NA,NA,NA,NA,NA,NA,NA,NA,NA,NA,NA,NA,NA,NA,NA,NA,NA
"H3BU31",NA,NA,NA,NA,0.0375268785987971,NA,NA,0.0230888039393661,NA,NA,NA,NA,NA,NA,NA,NA,NA,NA,NA,NA,NA,0.0131984954387282,NA,NA,NA,NA,0.00733392367507076,NA,NA,NA,NA,NA,NA
"H3BUY5",NA,0.00620859002211689,NA,NA,0.00821491376684634,0.011476937378283,0.0120179226290169,0.00860309479787632,NA,NA,0.00254174471426231,0.00526541238199509,0.0081883052948551,0.007758465,NA,NA,0.00626018416760259,NA,NA,NA,NA,NA,0.00646248569663643,NA,NA,NA,0.00453633579424877,0.00641226546022904,NA,NA,NA,NA,0.00864450205537221
"H3BUZ1",NA,0,NA,NA,NA,NA,NA,NA,NA,NA,NA,NA,NA,NA,NA,NA,NA,NA,NA,NA,NA,NA,NA,NA,NA,NA,NA,NA,NA,NA,NA,NA,NA
"H3BV48",NA,NA,NA,NA,NA,NA,NA,NA,NA,NA,NA,NA,0.0175201970420971,NA,NA,NA,NA,NA,NA,NA,NA,NA,NA,NA,NA,NA,NA,NA,NA,NA,NA,NA,NA
"H3BV90",NA,NA,NA,NA,NA,NA,NA,NA,NA,NA,NA,NA,NA,0.004065041,NA,NA,NA,NA,NA,NA,NA,NA,NA,NA,NA,NA,NA,NA,NA,NA,NA,NA,NA
"H3BVC7",NA,NA,NA,NA,NA,NA,NA,NA,NA,NA,NA,NA,NA,NA,NA,NA,NA,NA,NA,NA,NA,0.0389128073854444,NA,NA,NA,NA,NA,NA,NA,NA,NA,NA,NA
"H6VRF8",NA,NA,NA,NA,NA,0.0107041904888819,NA,NA,NA,NA,NA,NA,NA,NA,NA,NA,NA,NA,NA,NA,NA,NA,NA,NA,NA,NA,NA,NA,NA,NA,NA,NA,NA
"H6VRG1",0.0125039175830183,0.0159815650889295,0.00294944699103625,0.0160972821158476,0.0224402772564471,NA,NA,0.0156411337577492,0.00914372974820495,0.00334992504818423,0.0275287768101843,0.0209742764068088,0.0147312991792255,0.021976435,0.0178859063945889,0.028872342659713,0.0166636902461256,0.0183481992619453,0.0103634996442441,0.0153022564329925,NA,0.00914311340456339,0.0132458809195077,0.0080874116997885,0.0333006869219605,0.0131049086569915,0.0116938896390656,0.0215789358164079,0.00821711491719231,0.0130216169672162,0.00898538870121231,0.0220700872908459,0.0303989169647887
"H7BXF3",NA,NA,NA,NA,NA,NA,NA,NA,NA,NA,NA,0.0042686969750512,NA,NA,NA,NA,NA,NA,NA,NA,NA,NA,0.00802976546109889,NA,NA,NA,NA,NA,NA,NA,NA,NA,NA
"H7BXS3",NA,NA,NA,NA,NA,NA,NA,NA,NA,NA,NA,0.0103755884980984,NA,NA,NA,NA,NA,NA,NA,NA,NA,NA,NA,NA,NA,NA,NA,NA,NA,NA,NA,NA,NA
"H7BXV5",NA,NA,NA,0.000911372863855994,NA,NA,NA,NA,NA,NA,NA,NA,NA,0.001344086,NA,0.000940914537554911,NA,NA,NA,0.000991242431601006,NA,NA,NA,NA,NA,NA,NA,0.00117942172115469,NA,NA,NA,NA,0.00124725921137107
"H7BXY3",NA,NA,0.00046678924832051,NA,NA,NA,NA,NA,NA,NA,NA,NA,NA,NA,NA,NA,NA,NA,NA,0.00100841107437535,NA,NA,NA,NA,NA,NA,NA,NA,NA,NA,NA,NA,NA
"H7BXZ6",NA,NA,NA,NA,NA,NA,NA,NA,NA,NA,NA,NA,NA,0.002016129,NA,NA,NA,NA,NA,NA,NA,NA,NA,NA,NA,NA,NA,NA,NA,NA,NA,NA,NA
"H7BY16",0.00351828396359188,0.00432777408567356,NA,NA,NA,0.0059650698802972,0.00355936185465261,NA,0.00429510541549908,0.00179675311933472,0.00230446387932787,NA,NA,NA,NA,NA,0.00199670843802141,0.00308464206972583,NA,NA,NA,NA,NA,0.00565510478615782,NA,NA,NA,NA,NA,NA,NA,NA,NA
"H7BY82",NA,0.00187832959854989,NA,NA,NA,NA,NA,NA,NA,NA,NA,NA,NA,NA,NA,NA,NA,NA,NA,NA,NA,NA,NA,NA,NA,NA,NA,NA,NA,NA,NA,NA,NA
"H7BYF4",NA,NA,NA,NA,NA,NA,NA,NA,NA,NA,NA,NA,NA,0.006329114,NA,NA,NA,NA,NA,NA,NA,NA,NA,NA,NA,NA,NA,NA,NA,NA,NA,NA,NA
"H7BYH4",NA,NA,0.0301216038037985,0.019942990266187,0.00925673106973924,0.0156436096238121,0.0103291301307283,0.0401964577606722,NA,NA,0.0240748726411715,0.0212597841054371,0.0101342317946715,0.044117647,NA,NA,NA,NA,0.0102947164464475,NA,NA,NA,0.00999784535095021,NA,NA,0,NA,0.0193563937509497,NA,NA,NA,0.0163277576416621,0.0363906220239891
"H7BYK1",NA,NA,NA,NA,NA,NA,NA,NA,NA,NA,NA,NA,NA,0.01863354,NA,NA,NA,NA,NA,NA,NA,NA,NA,NA,NA,NA,NA,NA,NA,NA,NA,NA,NA
"H7BZ35",NA,NA,0.0122569289758769,NA,0.0179964633644427,0.00636561746789442,NA,0.00888503259219976,NA,NA,NA,0.014418204377796,0.00549835962754445,0.010638298,0.00860683642225184,NA,NA,NA,0.00837814610211597,0.0166718605733219,NA,0.00600250752822531,0.00542436272959551,NA,NA,NA,0.00475953368589326,0.0131273412624596,NA,NA,NA,NA,0.002467980597836
"H7BZ72",NA,NA,0.00997533649089016,NA,NA,NA,NA,NA,NA,NA,NA,NA,NA,NA,NA,NA,NA,NA,NA,NA,NA,NA,NA,NA,NA,NA,NA,NA,NA,NA,NA,NA,NA
"H7BZ94",NA,0.00115320754904325,0.00922911930797818,NA,0.0067703300959556,0.00463851179873235,0.00612541359579748,NA,NA,NA,NA,0.0025215088666156,NA,NA,0.00250865899890206,0.00488400501668701,NA,0.00275465628323954,0.00325600299443766,0.00694607666140985,0.00812419778830678,0.00393652804071674,0.00592895404223871,0.00328318658593663,NA,NA,0.00312136848261383,0.0022957579543924,NA,NA,NA,NA,0.00377658451831505
"H7BZD1",NA,NA,0.0224590907800547,NA,NA,NA,NA,NA,NA,NA,NA,NA,NA,NA,NA,NA,NA,NA,NA,NA,NA,NA,NA,NA,NA,NA,NA,NA,NA,NA,NA,NA,NA
"H7BZH1",0.00133828936105698,NA,NA,NA,0.00465116480695084,0.00131005588795494,0.000865000941630326,NA,NA,NA,0.00201612216602193,NA,NA,NA,NA,NA,NA,NA,NA,NA,NA,NA,NA,NA,NA,NA,NA,NA,NA,NA,NA,NA,NA
"H7BZI1",NA,NA,NA,NA,NA,0.00811346576573877,NA,NA,NA,NA,NA,NA,0.0105121184319966,0.010169492,NA,0.0017797641929251,NA,NA,NA,NA,NA,NA,NA,NA,NA,NA,NA,NA,NA,NA,NA,NA,NA
"H7BZJ3",NA,0.0241892253240753,0.0260890638935451,0.0124035672532141,0.0243083248082065,0.0182699555972113,0.0513937185947041,0.0296299090979588,0.0250453799484966,0.0172955771030601,0.00831855377781356,0.0132225487963906,0.0420199841538657,0.016260163,0.0178325570425562,0.0170741635294546,NA,0.00963010048237254,0.0256112447691513,0.0269811460318951,NA,0.0300466975989294,0.0331635829122916,0.023109680001628,0.0159963189713145,NA,0.0218242030680389,0.00561807538703255,NA,NA,0.0126845162480057,0.0135400921293546,0.0226331919955925
"H7BZJ7",NA,NA,NA,NA,NA,NA,NA,NA,NA,NA,NA,NA,NA,NA,NA,NA,NA,NA,NA,NA,NA,NA,NA,NA,NA,NA,NA,0.00300968271420882,NA,NA,NA,NA,NA
"H7BZJ8",NA,NA,NA,NA,NA,NA,NA,NA,NA,NA,NA,NA,NA,NA,NA,NA,NA,NA,NA,NA,NA,NA,NA,NA,NA,NA,NA,NA,NA,NA,0.0056477666155596,NA,NA
"H7BZM7",NA,NA,NA,NA,NA,NA,NA,0.00369372850665595,NA,NA,NA,NA,0.0041906415559115,NA,NA,NA,NA,NA,NA,NA,NA,NA,NA,NA,NA,NA,NA,NA,NA,NA,NA,NA,NA
"H7BZU1",NA,NA,NA,NA,0.00786822074834779,0.00531882757526928,NA,0.0091111971045673,0.00440083097893706,NA,0.00545697135027771,0.00542124498483518,NA,NA,0.00359574481679512,NA,0.00675457878227251,NA,0.00350020308776286,0.0110622698288279,NA,0.00752314305458848,NA,0.00631664615767738,NA,0.0133225718419947,NA,0.00329058663163686,NA,NA,NA,0.0027757185409407,NA
"H7C024",NA,0.00337332777964509,0.00522517630590125,NA,NA,NA,NA,0.00206603136631921,0.00299376297186967,NA,NA,0.00368792225257279,NA,NA,NA,NA,NA,NA,NA,NA,NA,NA,NA,NA,NA,NA,NA,NA,NA,NA,NA,NA,NA
"H7C068",NA,NA,NA,NA,NA,NA,NA,NA,NA,NA,NA,NA,NA,NA,NA,NA,NA,NA,NA,NA,NA,NA,NA,NA,NA,NA,NA,NA,NA,NA,NA,NA,0.00539512087301591
"H7C0A4",NA,NA,0.00488417535575318,NA,NA,NA,NA,NA,NA,NA,NA,NA,NA,NA,NA,NA,NA,NA,NA,NA,NA,NA,0.00307162685439958,NA,NA,NA,NA,NA,NA,NA,NA,NA,NA
"H7C0B8",NA,0.0150266397636738,NA,NA,NA,NA,NA,NA,NA,NA,NA,NA,NA,NA,NA,NA,NA,NA,NA,0.0111740098163689,NA,NA,0.00772560786389609,NA,NA,NA,0.010168094245194,0.00997147553875663,NA,NA,NA,NA,NA
"H7C0I0",NA,NA,NA,NA,NA,NA,NA,NA,NA,NA,NA,NA,NA,0.01010101,NA,NA,NA,NA,NA,NA,NA,NA,NA,NA,NA,NA,NA,NA,NA,NA,NA,NA,NA
"H7C0W8",NA,NA,NA,NA,NA,NA,NA,NA,NA,NA,NA,NA,NA,NA,NA,NA,NA,NA,NA,NA,NA,NA,NA,NA,NA,NA,NA,NA,0.0204376839188589,NA,NA,NA,NA
"H7C0X5",NA,NA,NA,NA,NA,NA,NA,NA,NA,NA,NA,NA,NA,NA,NA,NA,NA,NA,NA,NA,NA,NA,NA,NA,NA,NA,NA,0.0018281040133014,NA,NA,NA,NA,NA
"H7C0X8",NA,NA,0.0149145805838692,0.0148120270621526,0.0091668596192991,0.0103278201627019,NA,0.00884582255546026,NA,NA,0.00596028361796513,0.0333345165546665,0.0171445617850715,0.009708738,NA,0.0254869185931023,NA,NA,0.0101947674372409,0.021480135890679,NA,NA,0.00990077859420889,0.00689924872194369,NA,NA,0.0173746084415052,0.00479211700014142,NA,NA,NA,NA,NA
"H7C109",NA,NA,NA,NA,NA,NA,NA,NA,NA,NA,NA,0.00172926438826674,NA,NA,NA,NA,NA,NA,NA,NA,NA,NA,NA,NA,NA,NA,NA,NA,NA,NA,NA,NA,NA
"H7C125",NA,NA,0.0147711710271613,NA,0.0181574330045953,NA,NA,NA,0.00846313683648135,NA,NA,0.0104254715417019,0.0298180270121273,0.022435897,NA,NA,NA,NA,NA,0.0106367983378065,NA,NA,NA,0.00911054725169844,NA,NA,NA,NA,NA,NA,NA,NA,NA
"H7C144",NA,NA,NA,NA,NA,NA,NA,NA,0.00367189669924224,NA,NA,NA,NA,NA,NA,NA,NA,NA,NA,NA,NA,NA,NA,NA,NA,NA,NA,NA,NA,NA,NA,NA,NA
"H7C1H2",NA,NA,NA,NA,NA,NA,NA,NA,NA,NA,NA,NA,NA,NA,NA,NA,NA,NA,NA,NA,NA,0.00138974300000108,NA,NA,NA,NA,NA,NA,NA,NA,NA,NA,NA
"H7C1J8",NA,NA,NA,NA,NA,NA,NA,NA,NA,NA,0.00524708723863751,NA,NA,NA,0.0046099294182589,NA,NA,NA,0.0134623211030233,NA,NA,NA,NA,NA,NA,NA,NA,0.00632805144249614,NA,NA,NA,NA,0.0118969343730628
"H7C1K0",NA,NA,NA,NA,NA,NA,NA,NA,NA,NA,NA,0.00768970965204062,0.00733114651462314,NA,NA,NA,NA,NA,NA,NA,NA,NA,NA,NA,NA,NA,NA,NA,NA,NA,NA,NA,NA
"H7C1L0",NA,NA,NA,0.00508546255347592,0.00354069947838448,NA,NA,NA,NA,NA,NA,NA,0.00516845798787029,NA,NA,NA,NA,NA,NA,NA,NA,NA,NA,NA,NA,NA,NA,NA,NA,NA,NA,NA,NA
"H7C1L7",NA,NA,NA,NA,NA,NA,NA,0.0263547025191814,NA,NA,0.0202945201841219,0.0268822060704145,0.0690551552305092,0.067493113,NA,NA,NA,NA,NA,NA,NA,NA,0.0337117412738244,NA,NA,NA,NA,NA,NA,NA,NA,NA,0.0178945626064844
"H7C1M2",NA,NA,NA,NA,0.00049904129146795,NA,NA,NA,NA,NA,0.00173054058868695,0.00343842137888472,0.00327809137773194,0.001057082,NA,NA,NA,NA,NA,NA,NA,NA,NA,NA,NA,NA,NA,NA,NA,NA,NA,NA,NA
"H7C1M3",NA,NA,NA,NA,NA,NA,NA,NA,NA,NA,NA,NA,NA,NA,NA,NA,NA,NA,NA,NA,NA,0.00520032911839527,NA,NA,NA,NA,NA,NA,NA,NA,NA,NA,NA
"H7C1W1",NA,NA,NA,NA,NA,NA,NA,0.00082829072869882,NA,NA,NA,NA,NA,NA,NA,NA,NA,NA,NA,NA,NA,NA,NA,NA,NA,NA,NA,NA,NA,NA,NA,NA,NA
"H7C2E7",NA,NA,NA,NA,NA,NA,NA,NA,NA,NA,NA,NA,NA,NA,0.0119858171347073,NA,NA,NA,NA,NA,NA,NA,NA,NA,NA,NA,NA,NA,NA,NA,NA,NA,NA
"H7C2L4",NA,NA,NA,NA,NA,NA,NA,NA,NA,NA,NA,NA,0.00966066873045805,0.007009346,0.0201630572956301,NA,NA,NA,NA,NA,NA,NA,NA,NA,NA,NA,NA,NA,NA,NA,NA,NA,NA
"H7C2S8",NA,NA,NA,NA,NA,NA,NA,NA,NA,NA,NA,NA,NA,NA,NA,NA,NA,NA,NA,NA,NA,NA,NA,NA,NA,NA,NA,NA,NA,NA,NA,NA,0.00419891806860811
"H7C2U0",NA,NA,0.0119641883166718,NA,NA,NA,NA,NA,NA,NA,NA,NA,NA,NA,NA,NA,NA,NA,NA,NA,NA,NA,NA,NA,NA,NA,NA,NA,NA,NA,NA,NA,NA
"H7C2V1",NA,NA,NA,NA,0.00437123427363017,0.0167444560880888,NA,NA,0.00651974923983905,NA,NA,0.010039342283408,0.0229709241608254,0.014444444,NA,NA,NA,NA,NA,NA,NA,NA,NA,NA,0.00364360619013065,NA,NA,NA,NA,NA,NA,NA,NA
"H7C2W6",NA,NA,0.0152721817304372,NA,0.00745410431410205,0.00629861141333423,NA,NA,NA,NA,NA,NA,0.00544048220130469,0.005263158,NA,NA,NA,NA,0.00552663711755885,0.00582224739477543,NA,NA,0.00536726421748525,NA,NA,NA,NA,NA,NA,NA,NA,NA,0.007326007
"H7C2Y0",NA,NA,NA,NA,NA,NA,NA,NA,NA,NA,NA,0.00865092240982782,NA,NA,NA,NA,NA,NA,NA,NA,NA,NA,NA,NA,NA,NA,NA,NA,NA,NA,NA,NA,NA
"H7C2Y5",NA,NA,NA,NA,NA,NA,NA,NA,NA,NA,NA,NA,0.0061897700948718,0.010479042,0.00322971126209784,NA,NA,NA,NA,NA,NA,0.00506798537781051,NA,NA,NA,NA,NA,NA,NA,NA,NA,NA,NA
"H7C2Z0",NA,NA,NA,NA,NA,NA,NA,NA,NA,NA,NA,NA,NA,0.005357143,NA,NA,NA,NA,NA,NA,NA,NA,NA,NA,NA,NA,NA,NA,NA,NA,NA,NA,NA
"H7C306",NA,NA,NA,NA,0.00467419068379867,NA,NA,NA,NA,NA,NA,NA,NA,NA,NA,NA,NA,NA,NA,NA,NA,NA,NA,NA,NA,NA,NA,NA,NA,NA,NA,NA,NA
"H7C342",NA,NA,NA,NA,NA,NA,NA,NA,NA,NA,NA,0.0650549398180222,0.0413476639029623,NA,NA,NA,NA,NA,0.0105006103133496,NA,NA,NA,0.0407912072370637,NA,NA,NA,NA,NA,NA,NA,NA,NA,NA
"H7C3A1",NA,NA,NA,NA,NA,NA,NA,0.00227779927614183,NA,NA,NA,NA,NA,NA,NA,NA,NA,NA,NA,NA,NA,NA,NA,NA,NA,NA,NA,NA,NA,NA,NA,NA,NA
"H7C3F9",NA,NA,NA,NA,NA,NA,NA,NA,NA,NA,NA,NA,0.00626479749840692,NA,NA,NA,NA,NA,NA,NA,NA,NA,NA,NA,NA,NA,NA,NA,NA,NA,NA,NA,NA
"H7C3G6",NA,NA,NA,NA,NA,NA,NA,0,NA,NA,NA,NA,NA,NA,NA,NA,NA,NA,NA,NA,NA,NA,NA,NA,NA,NA,NA,NA,NA,NA,NA,NA,NA
"H7C3M2",NA,NA,0.0137336049838557,NA,NA,NA,NA,NA,NA,NA,NA,NA,NA,NA,NA,NA,NA,NA,NA,NA,NA,NA,NA,NA,NA,NA,NA,NA,NA,NA,NA,NA,NA
"H7C3P4",NA,NA,NA,NA,NA,NA,NA,NA,NA,NA,NA,NA,0.00263025824708352,NA,NA,NA,NA,NA,NA,0.0112593076603381,NA,NA,NA,NA,NA,NA,NA,NA,NA,NA,NA,NA,NA
"H7C3T2",NA,NA,NA,NA,NA,NA,NA,NA,NA,NA,NA,NA,0.000824973758649892,NA,NA,NA,NA,NA,NA,NA,NA,NA,NA,NA,NA,NA,NA,NA,NA,NA,NA,NA,NA
"H7C3T4",NA,NA,0.0258583110243768,NA,0.0241096632418733,0.0507518534010897,NA,0.0264092667452815,NA,NA,0.00762620166375895,NA,0.0168765979122324,0.031055901,0.0100502192360536,0.0260884723064283,NA,NA,0.0241120736847754,0.0421836230034855,NA,NA,0.0167399588523174,0.0147126841199818,NA,NA,0.0231999024186136,0.0291247607710857,NA,NA,NA,0.0197834617861743,0.0326611482230262
"H7C422",NA,NA,NA,NA,NA,NA,NA,NA,NA,NA,NA,0.00710982943498471,NA,NA,NA,NA,NA,NA,NA,NA,NA,NA,NA,NA,NA,NA,NA,NA,NA,NA,NA,NA,NA
"H7C457",NA,NA,NA,NA,NA,0.000969017201884044,NA,0.00430353455102667,NA,NA,NA,NA,NA,NA,NA,NA,NA,NA,NA,NA,NA,NA,NA,NA,NA,NA,NA,NA,NA,NA,NA,NA,NA
"H7C466",NA,NA,NA,NA,NA,NA,NA,0.0256653438795316,NA,NA,NA,NA,NA,0.014084507,NA,NA,NA,NA,NA,NA,NA,NA,NA,NA,NA,NA,NA,NA,NA,NA,NA,NA,NA
"H7C4C5",NA,NA,NA,NA,0.00291603983454262,NA,NA,NA,NA,NA,NA,NA,NA,NA,NA,0.00296962929991096,NA,NA,NA,NA,NA,NA,NA,NA,NA,NA,NA,NA,NA,NA,NA,NA,NA
"H7C4C8",NA,NA,0.00639340655182471,NA,0.00709125059899762,NA,NA,0.00698419269610462,NA,NA,NA,NA,NA,NA,NA,NA,NA,NA,NA,NA,NA,NA,NA,NA,NA,NA,NA,NA,NA,NA,NA,NA,NA
"H7C4F6",NA,NA,0.0100405349426443,NA,NA,NA,NA,NA,NA,NA,NA,NA,NA,NA,NA,NA,NA,NA,NA,NA,NA,NA,NA,NA,NA,NA,NA,NA,NA,NA,NA,NA,NA
"H7C4N2",NA,NA,NA,NA,NA,NA,NA,NA,0.00553563629649534,NA,NA,NA,NA,NA,NA,NA,NA,NA,NA,NA,NA,NA,NA,NA,NA,NA,NA,NA,NA,NA,NA,NA,NA
"H7C597",NA,NA,NA,0.00508546255347592,NA,NA,NA,NA,NA,NA,NA,NA,NA,NA,NA,0.00295329665062958,NA,NA,0.00546906752151591,NA,NA,0.00188078604576497,NA,0.00173707729067511,NA,NA,0.00889127213060047,NA,NA,NA,NA,NA,NA
"H7C5E4",NA,NA,NA,NA,NA,NA,NA,NA,NA,NA,NA,NA,NA,NA,NA,NA,NA,NA,NA,NA,NA,NA,NA,NA,NA,NA,NA,0.00101456923748037,NA,NA,NA,NA,NA
"H7C5E8",NA,NA,NA,NA,NA,NA,NA,NA,NA,NA,NA,NA,NA,NA,NA,NA,NA,NA,NA,NA,NA,0.00538050537628663,NA,NA,NA,NA,NA,NA,NA,NA,NA,0.00776424817358422,NA
"H7C5H1",NA,NA,NA,0.00166736450485309,NA,NA,NA,NA,NA,NA,NA,NA,NA,NA,NA,NA,NA,NA,NA,NA,NA,NA,NA,NA,NA,NA,NA,NA,NA,NA,NA,NA,NA
"H7C5K4",NA,NA,0.00566446037344262,NA,NA,NA,NA,NA,NA,NA,NA,NA,NA,NA,NA,NA,NA,NA,NA,NA,NA,NA,NA,NA,NA,NA,NA,NA,NA,NA,NA,NA,NA
"H7C5N5",NA,NA,0.0069669013998235,0.0138379931628977,0.00856405034007824,NA,NA,NA,0.00748440610942488,NA,NA,0.0135223794242689,NA,NA,NA,NA,NA,NA,NA,NA,NA,NA,NA,NA,NA,NA,NA,0.0134309670119099,NA,NA,NA,NA,NA
"H7C5R1",NA,NA,NA,NA,NA,NA,NA,NA,NA,NA,NA,0.00328701251195226,NA,NA,NA,NA,NA,NA,NA,NA,NA,NA,NA,NA,NA,NA,NA,NA,NA,NA,NA,NA,NA
"H7C5W8",NA,NA,0.00296951695520681,0.00841449279384467,NA,0.00531487116557524,NA,NA,NA,NA,NA,NA,0.00411157655299626,0.012052451,0.00759788902363744,NA,NA,NA,0.00780677849325774,0.00156608664589415,NA,NA,0.00574551190417291,0.0125013315829051,NA,NA,0.00941706104705454,NA,NA,NA,NA,NA,0.00530846974307377
"H7C5W9",NA,NA,NA,NA,NA,NA,NA,NA,NA,NA,NA,NA,0.000734155682270231,NA,NA,NA,NA,NA,NA,0.000523781882990259,NA,NA,NA,NA,NA,NA,NA,NA,NA,NA,NA,NA,NA
"H9KV75",NA,NA,NA,0.00361805843622551,0.00553996440862629,NA,NA,NA,NA,NA,0.00365422193750578,NA,0.003884318421578,0.005462309,NA,0.00273937296702086,NA,NA,NA,NA,NA,NA,0.00352340069213205,0.00466687880915742,NA,NA,0.00112315584993104,0.00541585730124345,NA,NA,NA,NA,0.00624013410300584
"H9KVB4",NA,0.000646236607790588,NA,0.000441830072108541,NA,NA,NA,NA,0.000382348596281031,NA,NA,NA,NA,NA,NA,NA,NA,NA,NA,NA,NA,NA,NA,NA,0.000427356167507907,NA,NA,NA,NA,NA,NA,NA,NA
"H9KVC7",NA,NA,NA,NA,NA,0.00809973680868793,NA,NA,0.00893569718683342,NA,NA,NA,0.0183650786672247,NA,NA,NA,NA,NA,0.00533025890372271,NA,NA,0.00286414053914834,0.00647068676885144,NA,NA,NA,NA,NA,NA,NA,NA,0.00493148028376662,NA
"H9KVC9",NA,NA,NA,NA,NA,NA,NA,NA,NA,NA,NA,NA,NA,NA,NA,NA,NA,NA,NA,NA,NA,NA,NA,0.0141417442947655,NA,NA,NA,NA,NA,NA,NA,NA,NA
"I0CMK4",NA,NA,NA,NA,NA,NA,NA,NA,NA,NA,NA,NA,0.0194983530122343,NA,NA,NA,NA,NA,NA,NA,NA,NA,NA,NA,NA,NA,NA,NA,NA,NA,NA,NA,NA
"I1VZV6",NA,NA,NA,NA,NA,NA,NA,NA,NA,NA,NA,NA,NA,NA,0.0708616425247992,NA,NA,NA,0.0573369970238882,NA,NA,NA,NA,NA,NA,NA,0.0454035421708859,NA,NA,0.0355154672684146,0.0544497403512134,0.0490585604119321,NA
"I3L0K7",0.00164650156499982,NA,NA,NA,NA,NA,NA,NA,0.00114307271863531,NA,0.0030316508411038,NA,NA,0.002020202,NA,NA,0.00163747395121357,NA,NA,NA,NA,NA,NA,NA,NA,NA,NA,NA,NA,NA,0.00145472821557944,NA,NA
"I3L0N3",NA,NA,NA,NA,0.00221987411240835,NA,NA,NA,NA,NA,NA,0.000849724854674069,0.00324041228530877,NA,NA,NA,NA,NA,NA,0.00260084694077478,NA,NA,NA,NA,NA,NA,NA,NA,NA,NA,NA,NA,NA
"I3L0N7",NA,NA,NA,NA,NA,NA,NA,NA,NA,NA,NA,NA,NA,0.008695652,NA,NA,NA,NA,NA,NA,NA,NA,NA,NA,NA,NA,NA,NA,NA,NA,NA,NA,NA
"I3L0Q0",NA,NA,NA,NA,NA,NA,NA,0.0371885600381472,NA,NA,NA,NA,0.0421914942637352,NA,NA,NA,NA,NA,NA,NA,NA,NA,NA,NA,NA,NA,NA,NA,NA,NA,NA,NA,NA
"I3L0S0",NA,NA,NA,NA,NA,NA,NA,0.025650892609804,NA,NA,NA,NA,0.0055293186908918,0.013738739,NA,NA,NA,NA,NA,NA,NA,NA,NA,NA,0.0132942382168816,NA,NA,NA,NA,NA,0.00324364934969748,0.0225058282357043,NA
"I3L0U5",NA,NA,NA,0.00348319400349235,NA,NA,NA,NA,NA,NA,NA,NA,NA,NA,NA,NA,NA,NA,NA,NA,NA,NA,NA,NA,NA,NA,NA,NA,NA,NA,NA,NA,NA
"I3L0W5",NA,NA,NA,NA,NA,NA,NA,0.0479536690193605,NA,NA,NA,0.0285328678276462,NA,0.052631579,NA,NA,NA,NA,NA,NA,NA,NA,NA,NA,NA,NA,NA,NA,NA,NA,NA,NA,NA
"I3L107",NA,NA,NA,NA,NA,0.00940196763790539,0.00975528886552922,NA,NA,NA,NA,NA,NA,NA,NA,NA,NA,NA,NA,NA,NA,NA,NA,NA,NA,NA,NA,NA,NA,NA,NA,NA,NA
"I3L182",NA,NA,NA,NA,NA,NA,0.00235434924593854,NA,NA,NA,NA,NA,NA,NA,NA,NA,NA,NA,NA,NA,NA,NA,NA,NA,NA,NA,NA,NA,NA,NA,NA,NA,NA
"I3L1D2",NA,NA,NA,NA,0.0309569350979605,NA,NA,NA,NA,NA,NA,NA,NA,NA,NA,NA,NA,NA,NA,NA,NA,NA,NA,NA,NA,NA,NA,NA,NA,NA,NA,NA,NA
"I3L1L3",NA,NA,NA,NA,NA,NA,NA,0.000795737332563911,NA,NA,NA,NA,NA,NA,NA,NA,NA,NA,NA,NA,NA,NA,NA,NA,NA,NA,NA,NA,NA,NA,NA,NA,NA
"I3L1M4",NA,NA,NA,NA,0.00437123427363017,NA,NA,NA,NA,NA,NA,NA,NA,NA,NA,NA,NA,NA,NA,NA,NA,NA,NA,NA,NA,NA,NA,NA,NA,NA,NA,NA,NA
"I3L1M7",NA,NA,NA,NA,NA,NA,NA,NA,NA,0.00492443542070521,NA,NA,NA,NA,NA,NA,NA,NA,NA,NA,NA,NA,NA,NA,NA,NA,NA,NA,NA,NA,NA,NA,NA
"I3L1P8",NA,NA,0.00396951364781423,NA,NA,NA,0.0122508282451662,0.00706294350603853,NA,NA,NA,NA,0.00400655658775752,0.001937984,NA,0.0125491785796251,NA,NA,NA,0.00428770149261723,NA,NA,NA,NA,NA,NA,0.00346818730232562,NA,NA,NA,NA,NA,NA
"I3L1Q5",NA,NA,NA,NA,0.00140087066722386,NA,NA,NA,NA,NA,NA,NA,NA,NA,NA,NA,NA,NA,NA,NA,NA,NA,NA,NA,NA,NA,NA,NA,NA,NA,NA,NA,NA
"I3L1U4",NA,NA,NA,NA,NA,NA,NA,NA,NA,NA,NA,NA,NA,NA,NA,NA,NA,NA,NA,NA,NA,NA,0.030902429416024,NA,NA,NA,NA,0.0448716399244048,NA,NA,NA,NA,NA
"I3L1U9",NA,0.0169927419494775,NA,NA,0.0398671043911286,NA,0.0196929203568826,NA,0.0119258277128131,NA,NA,NA,0.0308078869848894,NA,NA,NA,0.0162826236108693,NA,0.0138183400954533,NA,NA,NA,NA,NA,NA,NA,NA,NA,NA,NA,NA,NA,0.0301906417157072
"I3L1Y9",NA,NA,NA,NA,NA,NA,NA,NA,NA,NA,NA,NA,NA,0.013888889,NA,NA,NA,NA,NA,NA,NA,NA,NA,NA,NA,NA,NA,NA,NA,NA,NA,NA,NA
"I3L209",NA,NA,NA,0.0339030833508086,NA,NA,NA,NA,NA,NA,NA,NA,NA,0.066666667,NA,NA,NA,NA,NA,NA,NA,NA,NA,NA,NA,NA,NA,NA,NA,NA,NA,NA,NA
"I3L223",NA,NA,NA,NA,NA,NA,NA,NA,NA,NA,NA,NA,NA,0.012096774,NA,NA,NA,NA,NA,NA,NA,NA,NA,NA,NA,NA,NA,NA,NA,NA,NA,NA,0.00748355526822641
"I3L234",NA,NA,NA,NA,NA,NA,NA,NA,NA,NA,NA,NA,0.00527393691217835,NA,0.00550369179461703,0.0107149088687465,NA,NA,NA,0.0112880308439486,NA,NA,0.0104059205881498,0.00483416791013597,NA,NA,0.0045652671144028,NA,NA,NA,NA,NA,NA
"I3L239",NA,NA,NA,NA,NA,NA,NA,NA,NA,0.00494733959834231,NA,NA,NA,NA,NA,NA,NA,NA,NA,NA,NA,NA,NA,NA,NA,NA,NA,NA,NA,NA,NA,NA,NA
"I3L246",NA,NA,0.0568499160780058,NA,NA,0.0235548070355113,NA,NA,NA,NA,NA,0.0309785432351649,0.0443010686151299,NA,NA,0.0410023830783146,NA,NA,0.0460026739537337,0.0537310253569757,NA,NA,0.0308246477222842,0.0586545686216564,0.0304501350569274,NA,NA,NA,NA,NA,NA,NA,0.036455605267661
"I3L297",NA,NA,NA,NA,NA,NA,NA,0.00612860755423965,NA,NA,NA,0.00243105105704763,NA,NA,NA,NA,NA,NA,NA,NA,NA,NA,NA,NA,NA,NA,NA,NA,NA,NA,NA,0.00373415093293503,NA
"I3L2F4",NA,NA,NA,NA,0.00349698741890414,NA,NA,NA,NA,NA,NA,NA,NA,NA,NA,NA,NA,NA,NA,0.00409713730141093,NA,NA,NA,NA,NA,NA,NA,NA,NA,NA,NA,NA,NA
"I3L2R7",NA,NA,NA,NA,NA,0.0196606651187194,NA,NA,NA,NA,NA,NA,NA,NA,NA,NA,NA,NA,NA,NA,NA,NA,NA,NA,NA,NA,NA,NA,NA,NA,NA,NA,NA
"I3L312",NA,NA,NA,0.00488986752692915,0.0158877539970442,0.0115070783748209,NA,0.0109509582686326,0.0105789208255601,0.00511383604664759,NA,0.00781910284308967,0.0183148154132927,0.009615385,NA,0.00504837001986084,0.0048710899126807,0.00569472272764547,NA,0.00531839861578974,NA,0.00542534293049294,0.00490278901759933,0.00455527315210078,0.0047296804311148,NA,NA,0.0047460385818721,NA,NA,NA,0.00900774161437403,0.00669202506286986
"I3L392",NA,NA,NA,NA,NA,NA,NA,0.0175552933128915,NA,NA,NA,NA,NA,NA,NA,NA,NA,NA,NA,NA,NA,NA,NA,NA,NA,NA,NA,NA,NA,NA,NA,NA,NA
"I3L397",NA,NA,0.0146137912514786,0.00696638698989218,0.0159259520072036,0.0109290971016568,NA,0.0150813190296518,0.0120570710545993,NA,NA,0.0112456354317226,0.0151715990815206,0.022260274,NA,0.0107882986842875,NA,NA,0.0100690782819732,0.00820830487964576,NA,NA,0.00582066358482611,NA,0.011454898373754,NA,NA,0.0057370133236682,NA,NA,NA,0.0190117725394205,0.0190676888800241
"I3L3C4",NA,NA,0.0129637282452838,NA,0.00597586417024958,NA,NA,NA,NA,NA,NA,NA,NA,NA,NA,NA,NA,NA,NA,NA,NA,NA,NA,NA,NA,NA,NA,NA,NA,NA,NA,NA,NA
"I3L3D5",NA,0.0267113547804341,0.042330893114251,0.0142392951497326,0.0490976994335982,0.0159564819279838,NA,0.0257543174526168,0.0193636563073231,NA,0.01309673058583,0.0440927929047425,0.0475498134884067,0.064,NA,0.0428424900784664,0.0202637353336308,NA,0.0378021971280586,0.0523614101543765,NA,0.00806050985139481,0.0605069570617178,0.060008135181696,0.0308249055745883,NA,0.0232646003774711,0.0138204652349213,NA,NA,NA,0.0310880504897691,0.011341743737322
"I3L3E4",NA,NA,NA,NA,0.0134883786955066,NA,NA,NA,NA,NA,NA,NA,0.00738351126357305,NA,NA,NA,NA,NA,NA,NA,NA,NA,NA,NA,NA,NA,NA,NA,NA,NA,NA,NA,NA
"I3L3H2",NA,NA,0.00336333149836972,NA,0.00619509389589935,NA,0.00756875876605096,0.00174544022939935,NA,NA,0.00470428505405117,NA,0.00346544074395105,0.010153257,0.00232483479697407,NA,0.0058229120096514,NA,NA,0.00323179345650483,NA,0.00918774557697459,NA,NA,NA,NA,NA,NA,NA,NA,NA,0.00717858343846898,0.00229619926581455
"I3L3P5",NA,NA,NA,NA,NA,NA,NA,0.029202554775607,NA,NA,NA,NA,0.00773059905974847,NA,NA,NA,NA,NA,NA,NA,NA,NA,NA,NA,NA,NA,NA,NA,NA,NA,NA,0.0106758417591256,NA
"I3L3U6",NA,NA,NA,NA,NA,NA,NA,NA,0.010145785759616,NA,NA,NA,NA,NA,NA,NA,NA,NA,NA,NA,NA,NA,NA,NA,0.00523283832148229,NA,NA,NA,NA,NA,NA,NA,NA
"I3L3X0",NA,NA,NA,NA,NA,NA,0.0339861691219587,NA,NA,NA,NA,NA,NA,NA,NA,NA,NA,NA,NA,NA,NA,NA,NA,NA,NA,NA,NA,NA,NA,NA,NA,NA,NA
"I3L3Z8",NA,NA,NA,NA,NA,NA,NA,NA,NA,NA,NA,0.00433699598786814,NA,NA,NA,NA,NA,NA,NA,NA,NA,NA,NA,NA,NA,NA,NA,NA,NA,NA,NA,NA,NA
"I3L4N8",NA,NA,NA,NA,NA,NA,NA,NA,0.0101889499900236,NA,NA,NA,NA,NA,NA,NA,NA,NA,NA,NA,NA,NA,NA,NA,NA,NA,NA,NA,NA,NA,NA,NA,NA
"I3L504",NA,NA,0.016619876188813,NA,0.0172426711059713,NA,NA,NA,NA,NA,NA,0.0182771343821705,0.0173960000303402,NA,NA,NA,NA,NA,NA,NA,NA,NA,NA,NA,NA,NA,NA,NA,NA,NA,NA,NA,0.0206883047950304
"I3NI22",NA,0.00383411650695841,NA,NA,0.00243347082123464,NA,NA,NA,NA,NA,NA,NA,0.00532830702282755,0.012886598,NA,NA,NA,NA,0.00270634329728022,NA,NA,NA,NA,NA,NA,NA,NA,NA,NA,NA,NA,NA,NA
"I4AY87",NA,NA,NA,NA,0.0790194199250531,0.0675934302120814,0.125843229420683,0.0607413143341553,NA,NA,0.0579803174248362,0.0502971063686652,0.043788324504602,0.080555556,NA,NA,0.033772891884989,NA,NA,NA,NA,NA,0.0169963366887033,NA,0.0163962268718143,NA,NA,NA,NA,NA,NA,0.0254440895397946,0.038665036480464
"I4DCY7",NA,NA,NA,NA,0.00313683218889551,NA,NA,NA,NA,NA,NA,NA,NA,NA,NA,NA,NA,NA,NA,NA,NA,NA,NA,NA,NA,NA,NA,NA,NA,NA,NA,NA,NA
"I6LPK7",NA,NA,NA,NA,NA,NA,NA,NA,NA,NA,NA,0.00774463553772897,NA,0.007142857,NA,NA,NA,NA,NA,NA,NA,NA,0.00728414400379278,NA,NA,NA,NA,NA,NA,NA,NA,NA,NA
"J3JS69",NA,NA,NA,NA,NA,NA,NA,NA,NA,NA,NA,0.0264450975927813,NA,NA,NA,0.0192084335768635,NA,NA,NA,NA,NA,NA,NA,0.00577742000040701,NA,NA,NA,NA,NA,NA,NA,NA,0.0311206385299593
"J3KMX5",NA,NA,0.0519488527440329,0.0162145183011854,0.022236277259487,0.00520320052462634,NA,0.0112239388450825,NA,NA,NA,0.0282847569611722,0.00449431120391403,NA,NA,0.0243492415193738,NA,NA,0.0340889377070989,0.0456919842679809,NA,NA,0.0339926723576264,NA,0.00641591460624728,NA,0.0142648051496559,NA,NA,NA,NA,0.014482010937382,0.0262249814586718
"J3KNB4",NA,NA,NA,NA,NA,NA,NA,NA,NA,NA,NA,NA,NA,NA,NA,NA,0.00878485612424761,NA,NA,NA,NA,NA,NA,NA,NA,NA,NA,NA,NA,NA,NA,NA,NA
"J3KNC0",NA,NA,NA,NA,0.00800158048606124,NA,NA,0.0308854138365739,0.0223771068366601,NA,NA,0.0183771021396908,0.0350403930505027,0.033898305,NA,NA,NA,NA,NA,NA,NA,NA,NA,NA,NA,NA,NA,NA,NA,NA,NA,NA,NA
"J3KNC2",NA,NA,NA,NA,NA,NA,NA,NA,NA,NA,NA,NA,NA,0.006993007,NA,NA,NA,NA,NA,NA,NA,NA,NA,NA,NA,NA,NA,NA,NA,NA,NA,NA,NA
"J3KNC9",NA,NA,0.0103573478837206,NA,NA,NA,NA,NA,0.00427265149567835,NA,NA,NA,NA,NA,NA,NA,NA,NA,NA,NA,NA,NA,NA,NA,NA,NA,NA,NA,NA,NA,NA,NA,NA
"J3KNE3",NA,NA,NA,NA,NA,NA,NA,NA,NA,NA,NA,NA,NA,NA,NA,NA,NA,NA,NA,NA,NA,NA,NA,0.0112797248078183,NA,NA,NA,NA,NA,NA,NA,NA,NA
"J3KNF5",NA,0.000821331524059793,NA,NA,NA,NA,NA,NA,NA,NA,NA,NA,NA,NA,NA,NA,NA,NA,NA,NA,NA,NA,NA,NA,NA,NA,NA,NA,NA,NA,NA,NA,0
"J3KNJ7",NA,NA,NA,NA,NA,NA,NA,NA,NA,NA,NA,NA,NA,NA,NA,NA,NA,NA,NA,NA,NA,NA,NA,NA,NA,NA,NA,NA,NA,0.00250108291489425,NA,NA,NA
"J3KNQ2",NA,NA,0.00143871441375974,NA,NA,0.00142180391784119,0.00142086512098347,0.0020172017276767,0.00108809049671686,NA,NA,NA,NA,NA,NA,NA,NA,NA,NA,NA,NA,NA,NA,NA,NA,NA,NA,NA,NA,NA,NA,NA,NA
"J3KP15",NA,0.0223704865107928,0.0192506483622173,0.0152946242362748,0.026030204732006,0.0136041430557242,NA,0.0182680640846213,NA,NA,0.0194891825753033,0.032608992422595,NA,0.041353383,0.0364981648211891,0.0144745253340565,0.0411369065601675,0.0178120662307205,0.019343229911456,0.025299050468533,NA,0.0212118679111999,0.0178908807249508,0.00712403667085909,0.0160263870273997,0.00375636383923293,0.0102117815855336,0.0129891593151604,NA,NA,NA,0.0198265631479881,0.0209314481737311
"J3KPM9",NA,NA,NA,NA,NA,NA,NA,NA,NA,NA,NA,0.00321648862019353,0.00250895970656619,NA,NA,NA,NA,NA,NA,0.0068617102605603,NA,NA,NA,NA,NA,NA,NA,NA,NA,NA,NA,0.00134743633853041,NA
"J3KPX7",NA,NA,NA,NA,NA,NA,NA,NA,NA,NA,NA,NA,NA,NA,NA,0.00352369505315588,NA,NA,NA,0.00556825657327856,NA,NA,NA,NA,NA,NA,NA,NA,NA,NA,NA,NA,NA
"J3KQ18",NA,NA,NA,NA,NA,NA,NA,NA,NA,NA,NA,0.0230691278718728,NA,0.021276596,NA,NA,NA,NA,NA,NA,NA,NA,NA,NA,NA,NA,NA,NA,NA,NA,NA,NA,NA
"J3KQ22",NA,NA,NA,NA,NA,NA,NA,NA,NA,NA,NA,NA,NA,NA,NA,NA,NA,NA,NA,0.0127152528166815,NA,NA,NA,NA,NA,NA,NA,NA,NA,NA,NA,NA,NA
"J3KQ32",NA,NA,NA,NA,0.0045393580151022,NA,NA,NA,NA,NA,NA,NA,NA,NA,NA,NA,NA,NA,NA,NA,NA,NA,NA,NA,NA,NA,NA,NA,NA,NA,NA,NA,NA
"J3KQL8",NA,NA,NA,NA,NA,NA,0.00302750329570614,NA,NA,NA,NA,0.00467348724283188,NA,0.005866858,NA,NA,NA,NA,NA,NA,NA,NA,NA,NA,NA,NA,NA,NA,NA,NA,NA,NA,NA
"J3KQN4",NA,NA,NA,NA,NA,NA,NA,NA,NA,NA,NA,NA,NA,NA,0.00759664525538093,NA,NA,NA,NA,0.00519355426340952,NA,NA,NA,NA,NA,NA,NA,NA,NA,NA,NA,NA,NA
"J3KQS6",NA,NA,NA,NA,NA,NA,NA,NA,NA,NA,NA,NA,0.00467733767187209,NA,NA,NA,NA,NA,NA,NA,NA,NA,NA,NA,NA,NA,NA,NA,NA,NA,NA,NA,NA
"J3KR24",NA,NA,NA,NA,0.00177478647168529,NA,NA,NA,NA,NA,NA,NA,NA,NA,NA,NA,NA,NA,NA,0.00237642777898433,NA,NA,NA,NA,NA,NA,NA,NA,NA,NA,NA,NA,NA
"J3KRC4",NA,NA,NA,NA,0.00518783759666158,NA,NA,NA,NA,NA,NA,NA,NA,NA,NA,NA,NA,NA,NA,NA,NA,NA,NA,NA,NA,NA,NA,NA,NA,NA,NA,NA,NA
"J3KRD5",NA,NA,NA,NA,NA,NA,NA,NA,NA,NA,NA,NA,NA,NA,NA,NA,NA,NA,NA,NA,NA,NA,NA,NA,NA,NA,NA,NA,NA,NA,NA,NA,0.0158175152190865
"J3KRE2",NA,NA,0.0211161759574794,0.0209709799060418,0.0438024681729178,0.0246749720124582,0.00543077933585427,0.0140894804906866,0.0362955128744657,NA,0.0168772303810987,0.0447112984080663,0.0159849221021742,0.030927835,NA,NA,NA,0.0244227303161587,NA,0.0114044014976399,NA,NA,0.0367961918639991,0.00976800870166875,NA,NA,0.00922466280193285,NA,NA,NA,NA,0.0171693950026423,NA
"J3KRF7",NA,NA,NA,NA,NA,NA,0.00836167647147397,NA,NA,NA,NA,NA,NA,NA,NA,NA,NA,NA,NA,NA,NA,NA,NA,NA,NA,NA,NA,NA,NA,NA,NA,NA,NA
"J3KRI4",NA,NA,NA,NA,NA,NA,NA,NA,NA,NA,NA,NA,NA,0.010479042,NA,NA,NA,NA,NA,NA,NA,NA,NA,NA,NA,NA,NA,NA,NA,NA,NA,NA,NA
"J3KRP2",NA,NA,NA,NA,NA,NA,NA,NA,NA,NA,NA,NA,NA,NA,NA,NA,NA,NA,NA,0.00153005130192674,NA,NA,NA,NA,NA,NA,NA,NA,NA,NA,NA,NA,NA
"J3KRX8",NA,NA,NA,NA,0.0110155098030361,NA,NA,NA,NA,NA,NA,NA,NA,0.005555556,0.00898936258134957,0.00875050824443766,NA,NA,NA,0.00921855782194761,NA,NA,NA,NA,NA,NA,NA,NA,NA,NA,NA,NA,NA
"J3KRZ1",NA,0.00657189189027125,0.00696443221149798,NA,NA,NA,NA,NA,NA,NA,NA,NA,0.00607879503233945,NA,NA,0.00775647531955164,NA,NA,NA,0.00928202538263654,NA,NA,NA,NA,NA,NA,NA,NA,NA,NA,NA,NA,NA
"J3KRZ4",NA,NA,NA,NA,NA,NA,NA,NA,NA,NA,NA,NA,NA,NA,0.00956315181999617,NA,NA,NA,NA,0.00294209252177352,NA,NA,NA,NA,NA,NA,NA,NA,NA,NA,NA,NA,NA
"J3KS22",NA,NA,NA,NA,NA,NA,NA,0.0102143462274393,NA,NA,NA,NA,NA,NA,NA,NA,NA,NA,NA,NA,NA,NA,NA,NA,NA,NA,NA,NA,NA,NA,NA,NA,NA
"J3KS23",NA,NA,NA,NA,NA,NA,NA,NA,NA,NA,NA,NA,0.0126059951427905,NA,NA,NA,NA,NA,NA,NA,NA,NA,NA,NA,NA,NA,NA,NA,NA,NA,NA,NA,NA
"J3KS25",NA,0.00326236292608173,NA,0.00669139772196055,0.00931763015658093,NA,NA,0.00599420828575018,NA,NA,NA,0.0062415650067115,0.00226686706703115,0.006578947,0.0212905963254809,NA,NA,NA,0.00345414846098954,0.0218334271772944,NA,NA,0.00419317497870156,NA,NA,NA,0.0117735834224509,0.00324729007558412,NA,NA,NA,0.012326383261775,NA
"J3KS39",NA,NA,NA,NA,0.0740538457253544,NA,NA,0.0238201232861613,0.0172581605809069,NA,0.00802495781990571,0.0106298925948431,0.0506711569059741,0.039215686,NA,NA,NA,NA,NA,NA,NA,NA,NA,NA,NA,NA,NA,NA,NA,NA,NA,NA,NA
"J3KS98",NA,NA,NA,NA,0.00907871697439093,NA,NA,NA,NA,NA,NA,NA,0.026504913129378,0.032051282,NA,NA,NA,NA,NA,NA,NA,NA,NA,NA,NA,NA,NA,NA,NA,NA,NA,NA,NA
"J3KSD8",NA,NA,0.00195445524382361,NA,0.00720753094661388,NA,NA,NA,NA,NA,NA,NA,NA,NA,NA,NA,NA,NA,NA,NA,NA,NA,NA,NA,NA,NA,NA,NA,NA,NA,NA,NA,NA
"J3KSJ0",NA,NA,NA,NA,NA,NA,NA,NA,0.0314345072438836,NA,NA,NA,NA,NA,NA,NA,NA,NA,NA,NA,NA,NA,NA,NA,NA,NA,NA,NA,NA,NA,NA,NA,NA
"J3KSP2",NA,0.0472265829644819,0.073152465210214,NA,0.112403157998991,0.0569874351151602,NA,0.108466632153843,0.0314345072438836,NA,0.0194891825753033,NA,0.0984468185704599,NA,0.0513677886447942,NA,0.0723704829001727,NA,0.050002906654069,NA,NA,NA,NA,NA,0.0234231809643709,NA,0.0355076321178081,0.0470083855288608,NA,NA,0.0914400297755836,0.0693929701852428,0.0883772253130997
"J3KSR4",NA,NA,NA,NA,NA,NA,NA,NA,NA,NA,NA,NA,NA,NA,NA,NA,NA,NA,NA,0.00216907216840485,NA,NA,NA,NA,NA,NA,NA,NA,NA,NA,NA,NA,NA
"J3KSR8",NA,NA,0.0107426692793167,NA,0.0132054059931942,0.0167375684726646,NA,NA,NA,NA,NA,0.0151643216510669,NA,0.019055944,NA,NA,NA,NA,NA,NA,NA,NA,NA,NA,NA,NA,NA,0.0207099878852275,NA,NA,NA,NA,0.0129784736928029
"J3KSV6",NA,NA,NA,NA,0.0080930277838159,NA,NA,NA,NA,NA,NA,NA,NA,NA,NA,NA,NA,NA,NA,NA,NA,NA,NA,NA,NA,NA,NA,NA,NA,NA,NA,0.00356878110016886,NA
"J3KSW7",NA,NA,0.0327348929768274,NA,0.112845491447613,0.0874327776110785,NA,0.0915280074389815,NA,NA,0.0672777257579087,0.0222790887559838,0.054280609495916,0.203020724,NA,NA,NA,0.0324521203099558,NA,NA,NA,NA,NA,NA,NA,NA,NA,0.0270459199544358,NA,NA,NA,0.0684423819746296,0.0127117925866827
"J3KSW8",NA,NA,NA,NA,0.0015437336423373,NA,NA,NA,NA,NA,NA,NA,NA,NA,NA,NA,NA,NA,NA,NA,NA,NA,NA,NA,NA,NA,NA,NA,NA,NA,NA,NA,NA
"J3KSZ0",NA,NA,0.00425485800752248,NA,0.00239467608518988,0.002931962067414,NA,NA,NA,NA,NA,0.00883541496640474,NA,0.002173913,NA,NA,NA,NA,0.00304365545243698,NA,NA,NA,NA,NA,NA,NA,NA,NA,NA,NA,NA,NA,0.00403461238934014
"J3KT12",NA,NA,NA,NA,NA,NA,NA,NA,0.00287636024351217,NA,NA,NA,NA,NA,NA,NA,NA,NA,NA,NA,NA,NA,NA,NA,NA,NA,NA,NA,NA,NA,NA,NA,NA
"J3KT29",NA,NA,NA,NA,0.0135436589283228,NA,NA,NA,NA,NA,NA,NA,NA,NA,NA,NA,NA,NA,NA,NA,NA,NA,NA,NA,NA,NA,NA,NA,NA,NA,NA,NA,0.0120432079167417
"J3KT73",NA,NA,NA,NA,NA,NA,NA,NA,NA,NA,NA,NA,NA,NA,NA,0.020509004518261,0.0356198472661478,NA,NA,NA,NA,NA,0.0438186796491895,NA,NA,NA,NA,NA,NA,NA,NA,NA,NA
"J3KTA4",0.00527821325304903,NA,NA,NA,0.00700975125049743,NA,NA,0.00477735233413287,NA,NA,NA,NA,0.00345032610541133,0.004223356,NA,0.00471829488533204,NA,NA,NA,0.00526907748575791,NA,NA,0.00288864157785484,0.00348060040259952,NA,NA,NA,NA,NA,NA,NA,0.00396531279614075,NA
"J3KTE4",NA,0.0170405199024159,0.0184766535787441,0.00786411759190222,0.0208467302212883,0.00822499040487802,NA,0.0180032243627842,0.00453693899928743,NA,NA,0.0270130760085975,0.0257534844605123,0.029209622,0.0194615072755474,0.013531714386279,NA,NA,0.012629599603832,0.0218584367569234,NA,0.0087252946111172,0.0172591666742938,0.00976800870166875,0.00760649708352406,NA,0.0130682727501344,0.00932898382785908,NA,NA,0.00494907362061772,0.0193155688575253,0.00717495538581121
"J3KTJ3",NA,0.0387724410553605,0.0337163630759845,NA,NA,NA,NA,NA,NA,NA,NA,0.0379264053864847,0.0404118112150987,0.030864198,0.0399527241419321,NA,NA,NA,0.0259274328465407,0.0477999318644466,NA,NA,0.0314746974205942,NA,NA,NA,NA,0.0365620773044997,NA,NA,NA,NA,0.0482255973778493
"J3KTL2",NA,0.0128706436452284,NA,NA,0.0206857350880994,NA,NA,NA,NA,NA,NA,0.008571137947386,NA,NA,0.0184761612695471,0.021285821818205,0.0201092689319296,NA,0.0224815441656237,0.0214978233539083,NA,0.0129350481476292,0.00829663071686539,0.0119841498879581,0.0110172273401273,NA,0.018012053123094,NA,NA,NA,NA,NA,NA
"J3KTM9",NA,NA,NA,NA,0.00364367246108118,0.00356968281326828,NA,0.00407659832026437,0.00196905148257907,NA,NA,NA,0.00578127274826769,0.003355705,NA,0.00117456466769828,NA,NA,0.00430673816495474,0.0079192986554597,NA,NA,0.00228138695483739,0.00529919937701261,NA,NA,NA,0.00110422358263539,NA,NA,NA,NA,NA
"J3QKQ5",NA,NA,NA,NA,NA,NA,NA,NA,NA,NA,NA,NA,NA,NA,NA,NA,NA,NA,NA,NA,NA,NA,NA,NA,NA,NA,0.00387915736278597,NA,NA,NA,NA,NA,NA
"J3QL05",NA,NA,NA,NA,NA,NA,NA,NA,NA,NA,NA,NA,0.0163005215849044,NA,NA,NA,NA,NA,NA,NA,NA,NA,NA,NA,NA,NA,NA,NA,NA,NA,NA,NA,NA
"J3QL52",NA,NA,NA,NA,NA,NA,NA,NA,NA,NA,NA,NA,NA,NA,NA,NA,NA,NA,NA,0.0162680434754904,NA,NA,NA,NA,NA,NA,NA,NA,NA,NA,NA,NA,NA
"J3QL71",NA,NA,NA,NA,0.00166817364992481,NA,NA,NA,NA,NA,NA,NA,NA,NA,NA,NA,NA,NA,NA,NA,NA,NA,NA,NA,NA,NA,NA,NA,NA,NA,NA,NA,NA
"J3QLI9",NA,NA,0.0341378169615486,NA,NA,NA,NA,NA,NA,NA,NA,NA,NA,NA,NA,NA,NA,NA,NA,0.0147496927363616,NA,NA,0.0135970687390945,0.0189499375255353,NA,NA,NA,NA,NA,NA,NA,NA,NA
"J3QLP3",NA,NA,0.0122650841590524,NA,NA,0.00716608475552498,NA,NA,0.00527045630436373,NA,NA,NA,NA,NA,NA,NA,NA,NA,NA,NA,NA,NA,NA,NA,NA,NA,NA,NA,NA,NA,NA,NA,NA
"J3QLR6",NA,NA,NA,NA,0.00268999024960422,NA,NA,NA,NA,NA,NA,NA,NA,NA,NA,NA,NA,NA,NA,NA,NA,NA,NA,NA,NA,NA,NA,NA,NA,NA,NA,NA,NA
"J3QLR7",NA,NA,0.0232757848040322,NA,NA,NA,NA,NA,NA,NA,NA,NA,NA,NA,NA,NA,NA,NA,NA,NA,NA,NA,NA,NA,NA,NA,NA,NA,NA,NA,NA,NA,NA
"J3QQJ5",NA,NA,NA,NA,0,NA,NA,NA,NA,NA,NA,NA,NA,NA,NA,NA,NA,NA,NA,NA,NA,NA,NA,NA,NA,NA,NA,NA,NA,NA,NA,NA,NA
"J3QQM1",NA,NA,NA,NA,0.00359006249423233,NA,NA,NA,NA,NA,NA,0.00309196479138986,NA,NA,NA,NA,NA,NA,NA,NA,NA,NA,NA,NA,NA,NA,NA,NA,NA,NA,NA,NA,NA
"J3QQN1",NA,0.0148023615730482,NA,NA,NA,NA,0.0157249435447016,0.0135988015262187,NA,NA,NA,NA,0.0539988148295013,0.052238806,NA,NA,NA,NA,NA,NA,NA,NA,0.00507353285285224,NA,NA,NA,0.0133551091665268,NA,NA,NA,NA,NA,NA
"J3QQW9",NA,NA,NA,NA,NA,NA,NA,NA,NA,NA,NA,NA,NA,NA,NA,NA,NA,NA,0.00256529594936822,NA,NA,NA,NA,NA,NA,NA,NA,NA,NA,NA,NA,NA,NA
"J3QR48",NA,0.0106640668650744,0.029365864218128,0.016404717651963,0.0544853155692551,0.0243064690296928,NA,0.058455350514288,0.0228717021477237,NA,0.0308054822143709,0.0495490135937218,0.0602060522449889,0.07437276,0.0512297023215097,NA,0.0217889623757108,NA,0.0442230000660573,0.035684741918587,NA,0.024268201800197,0.0392926055886659,0.0186782541662254,0.0105782105042259,0.0107440096466918,0.0267796264786951,0.0300752573445608,NA,NA,NA,0.037308048316565,0.0299342220008665
"J3QRG4",NA,NA,NA,NA,NA,NA,NA,NA,NA,NA,NA,NA,NA,NA,NA,NA,NA,NA,NA,NA,NA,NA,NA,NA,NA,NA,0.00745660238682277,NA,NA,NA,NA,NA,NA
"J3QRG6",NA,NA,NA,NA,0.0148241845249292,0.00578133418219286,NA,0.00990347491559061,0.0063780160773314,NA,NA,NA,0.0084268337657617,0.005434783,NA,NA,NA,NA,NA,NA,NA,NA,NA,NA,NA,NA,NA,NA,NA,NA,NA,0.00905125683586373,0.0117676193142486
"J3QRM1",NA,NA,NA,NA,0.0137502894289486,0.00774586512202646,NA,0.0221145563886506,NA,NA,0.00397352268482531,NA,0.015053761340472,0.014563107,NA,NA,NA,NA,0.00509738371862046,NA,NA,NA,0.00495038929710444,NA,0.00477560003109815,NA,0.0043436521103763,NA,NA,NA,NA,NA,NA
"J3QRP6",NA,NA,NA,NA,NA,NA,NA,0.0181517651202997,NA,NA,NA,0.0025215088666156,NA,NA,NA,NA,NA,NA,NA,NA,NA,NA,NA,NA,NA,NA,NA,NA,NA,NA,NA,NA,NA
"J3QRS3",NA,0.0229729310419887,0.0174133172385346,0.0286356558275218,0.0240047424023703,0.0161196098296781,NA,0.0180164911768882,0.0200565178556498,NA,0.0158005522523659,NA,0.0145514967953603,0.035734463,0.00812597813896496,0.0192807817318615,0.0180312897437923,0.0133842079118323,0.0352280365634638,0.0257286315927959,NA,0.0305722549425162,0.0192049001210405,0.0245349948151268,0.0180636394905725,NA,0.0109532020297555,0.0209147479494437,0.0100071526616535,0.0157695404126777,0.00813661257898371,NA,NA
"J3QRY4",NA,NA,NA,NA,0.01398794873143,0.0118196163906961,0.00390211596764018,0.0438687266647878,NA,NA,0.0272848551142972,0.0060236060205942,0.0344563862412381,NA,NA,NA,NA,NA,NA,NA,NA,NA,NA,NA,NA,NA,NA,NA,NA,NA,NA,NA,0.0068737838301452
"J3QSB4",0.0129367982435752,0.0177099686116807,0.0693593751194649,0.0215257672552956,0.0515746132211528,0.0315541544359734,0.0167233529429479,0.0671287937761284,0.0349272302709818,NA,0.0162409854794194,0.0712793324891197,0.078894186412437,0.054232804,0.043519931327135,0.034724240381972,0.022113203417971,NA,0.0493084214894088,0.0438978964973257,0,0.0388098625818184,0.0364207210387441,0.0363457793046388,NA,NA,0.0337322505119177,0.0274215582251688,NA,NA,0.027940009071425,0.0418560772017201,0.0319139977461869
"J3QSF7",NA,NA,NA,NA,NA,NA,NA,NA,NA,NA,NA,NA,NA,NA,NA,NA,NA,NA,NA,NA,NA,NA,NA,0.00550870230631991,0.0171588412744086,NA,NA,NA,NA,NA,NA,NA,NA
"J3QSV6",NA,NA,NA,NA,0.00439156544212832,NA,NA,0.000529720444060991,NA,NA,NA,NA,NA,NA,NA,NA,NA,NA,NA,NA,NA,NA,NA,NA,NA,NA,NA,NA,NA,NA,NA,NA,NA
"J3QSZ5",NA,NA,NA,NA,0.0045393580151022,NA,NA,NA,NA,NA,NA,0.00521273522872644,0.00248483541206201,NA,NA,NA,NA,NA,NA,NA,NA,NA,NA,NA,NA,NA,NA,NA,NA,NA,NA,NA,NA
"J3QT28",NA,NA,NA,NA,0.00197528542500114,NA,NA,NA,NA,NA,NA,NA,NA,NA,NA,NA,NA,NA,NA,NA,NA,NA,NA,NA,NA,NA,NA,NA,NA,NA,NA,NA,NA
"J3QT83",0.00144506816636303,0.00784624171587846,0.0221945015305103,0.0162768742088311,0.0093470000227075,0.0152963399315484,NA,0.00161546080262531,0.0285194232084216,NA,0.00993072447837445,NA,0.00678131044849953,NA,NA,0.00186181071160845,NA,NA,NA,0.0125961298702567,NA,NA,NA,NA,NA,NA,NA,NA,NA,NA,NA,NA,0.00164532101719791
"K4JQN1",NA,NA,NA,NA,NA,NA,NA,NA,NA,NA,NA,0.0217393279203137,NA,NA,NA,NA,NA,NA,NA,NA,NA,NA,NA,NA,NA,NA,NA,NA,NA,NA,NA,NA,NA
"K7EID3",NA,NA,NA,NA,NA,NA,0.00946321468927293,NA,NA,NA,NA,NA,NA,0.011976048,0.00322971126209784,NA,NA,NA,NA,NA,NA,NA,NA,NA,NA,NA,NA,NA,NA,NA,NA,NA,NA
"K7EIF7",NA,NA,NA,NA,NA,NA,0.00877975987361918,NA,NA,NA,NA,NA,NA,NA,NA,NA,NA,NA,NA,NA,NA,NA,NA,NA,NA,NA,NA,NA,NA,NA,NA,NA,NA
"K7EIH8",NA,NA,NA,NA,0.00180878662854306,NA,NA,NA,NA,NA,NA,NA,NA,NA,NA,NA,NA,NA,NA,NA,NA,NA,NA,NA,NA,NA,NA,NA,NA,NA,NA,NA,NA
"K7EII7",NA,NA,NA,NA,NA,NA,NA,NA,NA,NA,NA,NA,NA,NA,0.00586262842705971,NA,NA,NA,NA,NA,NA,NA,NA,NA,NA,NA,NA,NA,NA,NA,NA,NA,NA
"K7EIP7",NA,NA,NA,NA,0.0077392335384435,NA,NA,0.0149363890395489,NA,NA,NA,NA,NA,0.008196721,NA,NA,NA,NA,NA,NA,NA,NA,NA,NA,NA,NA,NA,NA,NA,NA,NA,NA,NA
"K7EIT4",NA,NA,NA,NA,0.0228931204453076,NA,NA,0.0278629883102657,NA,NA,NA,NA,NA,NA,NA,NA,NA,NA,NA,NA,NA,NA,NA,NA,NA,NA,NA,NA,NA,NA,NA,NA,NA
"K7EIU0",NA,NA,0.00984744769281907,NA,0.0181574330045953,NA,NA,0.00876076679712999,0.00423156797815758,NA,NA,0.0104254715417019,0.00993934268193964,NA,NA,NA,NA,NA,NA,NA,NA,NA,NA,NA,NA,NA,NA,NA,NA,NA,NA,NA,NA
"K7EIX0",NA,NA,NA,NA,0.0115144698944627,NA,NA,NA,NA,NA,NA,NA,NA,NA,NA,NA,NA,NA,NA,NA,NA,NA,NA,NA,NA,NA,NA,NA,NA,NA,NA,NA,NA
"K7EJ21",NA,NA,NA,NA,0.0115144698944627,NA,NA,0.00740747704670977,0.00715582246521353,NA,NA,NA,NA,NA,0.00877010986177333,NA,NA,NA,NA,NA,NA,NA,NA,NA,NA,NA,NA,NA,NA,NA,NA,NA,NA
"K7EJ34",NA,NA,NA,NA,0.00731927542215169,NA,NA,NA,NA,NA,NA,NA,NA,NA,NA,NA,NA,NA,NA,NA,NA,NA,NA,NA,NA,NA,NA,NA,NA,NA,NA,NA,NA
"K7EJ44",0.0300407376961747,0.0309924448225017,0.0570331327193361,NA,0.0408542249684794,0.0235255819410361,0.0607829557267037,0.032852873894778,NA,0.0153415092036207,0.0275472096399382,0.036836664668348,0.0530926528653947,0.053525641,0.0242021305245828,0.0395196790510321,NA,0.0113894466397933,0.065628814458435,0.0454089970248087,NA,0.0401475401682849,0.0469811729968304,0.059294475797,0.0224659830315689,0.00960762454901097,0.0222264122168725,0.0316402591868329,0.0255471040129407,NA,NA,0.0659233222172458,0.0330139923516719
"K7EJ51",NA,NA,0.00517239650932554,NA,NA,NA,0.0425685339976339,NA,NA,NA,0.00620110384434038,NA,0.0104413291640115,NA,NA,NA,NA,NA,NA,0.0111740098163689,NA,NA,NA,NA,NA,NA,0.0180766123891415,NA,NA,NA,NA,NA,NA
"K7EJ64",NA,NA,NA,NA,0.0363148660091907,0.0115070783748209,NA,NA,NA,NA,NA,0.0225168146855648,NA,NA,0.0311170257306947,NA,NA,NA,0.0201934811295044,0.0132959976457013,NA,0.0108506869894573,0.00490278901759933,0.0136658204037992,NA,NA,0.00430188588915249,0.0047460385818721,0.0170314032657157,NA,NA,NA,NA
"K7EJ70",NA,NA,NA,NA,NA,NA,NA,NA,0.0237882755380337,NA,NA,NA,NA,0.040540541,NA,NA,NA,NA,0.0283800278455378,NA,NA,0.0152496140863469,NA,NA,NA,NA,NA,0.0133402178884731,NA,NA,NA,NA,NA
"K7EJ74",NA,NA,NA,NA,NA,NA,NA,NA,NA,NA,0.00458141234624057,NA,NA,NA,NA,NA,NA,0,NA,NA,NA,NA,NA,NA,NA,NA,NA,NA,NA,NA,NA,NA,NA
"K7EJ78",NA,0.00736771340902786,NA,NA,0.0344005948617876,NA,NA,0.0213233628100828,NA,NA,NA,NA,0.0339221785583782,NA,0.0111495971088321,NA,NA,NA,NA,0.0132204124746419,NA,NA,NA,NA,NA,NA,0.0158545701414347,NA,NA,NA,NA,0.00989791214132408,0.00799277193867864
"K7EJB5",NA,NA,0.0189654545502833,NA,NA,NA,NA,NA,NA,NA,NA,NA,NA,NA,NA,NA,NA,NA,NA,NA,NA,NA,NA,NA,NA,NA,NA,NA,NA,NA,NA,NA,NA
"K7EJB9",NA,NA,0.00587391636528646,NA,0.0055746509890896,NA,NA,NA,0.0106902776923188,NA,NA,0.00438967205688779,0.00209249259774479,NA,NA,NA,NA,NA,NA,0.00877069297811165,NA,0.00456871013317074,NA,NA,NA,NA,NA,NA,NA,NA,NA,0.00730452335270253,NA
"K7EJD3",NA,NA,NA,NA,0.00460578814662239,NA,NA,NA,NA,NA,NA,0.00528901973540605,0.0100847965277091,0.007317073,NA,NA,NA,NA,NA,0.0107924588552488,NA,NA,NA,NA,NA,NA,NA,NA,NA,NA,NA,NA,NA
"K7EJD9",NA,NA,NA,NA,NA,NA,NA,NA,NA,NA,NA,NA,NA,0.018817204,NA,0.0148194094793103,NA,0.0191048771646189,NA,NA,NA,NA,0.0143920587747395,0.0152822074373679,NA,NA,NA,0.00796109735817621,NA,NA,NA,NA,NA
"K7EJE8",NA,NA,0.000704356708578789,NA,NA,NA,NA,0.0012532597396486,NA,NA,NA,0.00149140184331211,0.00213278899729302,NA,NA,NA,NA,NA,NA,NA,NA,NA,NA,NA,NA,NA,NA,NA,NA,NA,NA,NA,NA
"K7EJM4",NA,NA,NA,NA,NA,NA,NA,NA,NA,NA,NA,NA,NA,NA,NA,NA,NA,NA,NA,0.0368742323940174,NA,NA,NA,NA,NA,NA,NA,NA,NA,NA,NA,NA,NA
"K7EJP1",NA,0.0265731512869651,0.0397597194250505,0.0428833643665028,0.0386385855326472,0.0355511893330056,NA,0.0730040690504741,0.0316528025430981,NA,0.0497380177237674,0.0992281446568226,0.0499925249341759,0.081824194,0.0439063786463475,0.0694129676998643,NA,0.0581675288957438,0.0365299011800519,0.0538382795941012,NA,0.0443701221676921,0.0556708698261925,0.0427689563261035,0.0395266171395457,0.0254424121768768,0.0350637864926374,0.0483468186127758,0.0524233783326778,NA,0.0256857589057787,0.0380697549681598,0.0696328658383503
"K7EJT5",NA,0.0527530972114946,0.0381326687214996,0.0324603996670307,0.0502226872951451,0.0509249421366276,NA,0.0484638140564424,0.0374538802410852,NA,0.0609555279054804,0.0576728185954331,0.0879737530070197,0.037234043,0.0459031293832157,0.100537758475697,0.0485036213780793,NA,0.0353743961701334,0.0235367445990961,NA,0.0720300892102324,0.119335979031321,0.0403190155481084,0.0296527501604751,NA,0.0333167358012528,0.0262546835120952,NA,NA,0.0306421380818736,0.0708694166605919,0.0822660341566
"K7EJV0",NA,NA,NA,NA,NA,NA,NA,NA,NA,NA,0.00327418264645749,NA,NA,NA,NA,NA,NA,NA,NA,NA,NA,NA,NA,NA,NA,NA,NA,NA,NA,NA,NA,NA,NA
"K7EJV8",NA,NA,NA,0.00285700167452515,NA,NA,NA,NA,NA,NA,NA,NA,NA,NA,NA,NA,NA,NA,NA,NA,NA,NA,NA,NA,NA,NA,NA,NA,NA,NA,NA,NA,NA
"K7EJV9",NA,0.00583387202492728,NA,0.00598289718156535,NA,NA,NA,NA,NA,NA,NA,NA,NA,NA,0.0126908654552721,NA,NA,NA,NA,NA,NA,0.0033190330035567,0.00599870700661409,NA,NA,NA,0.00526348430093146,0.00580691822400252,NA,NA,NA,NA,0.0018195308228112
"K7EJY5",NA,NA,NA,NA,NA,NA,NA,0.0053385920534574,NA,NA,NA,NA,NA,NA,NA,NA,NA,NA,NA,NA,NA,NA,NA,NA,NA,NA,NA,NA,NA,NA,NA,NA,NA
"K7EJY8",NA,NA,NA,0.0139327739797844,0.073293018333066,0.027322742754142,NA,0.0312027294981347,0.0241141421091987,NA,NA,0.0594109044335392,0.0141601587292759,0.057077626,NA,0.014384397545676,NA,NA,0.0359609938641901,0.0454613824035831,NA,0.015458512198356,0.0419087741395394,0.0129794091342711,0.0202145256738833,NA,0.0245148578976028,0.0270459199544358,NA,NA,NA,0.034221190570957,0.0190676888800241
"K7EK06",NA,0.0241303704234178,0.011213151556713,NA,0.0361823305463158,0.0116470669842474,NA,0.0426740983896268,0.0299813299703175,NA,0.0358487147487117,0.033918112493035,0.0339533733034098,0.04379562,0.00787389446805588,NA,NA,NA,0.0206946332573193,0.0107661992391292,NA,0.0123555261731386,NA,0.00345801776205034,NA,NA,0.00326566537687045,NA,NA,NA,NA,0.00810428844016175,0.0250617166252774
"K7EK20",NA,NA,NA,NA,0.0111080769060125,0.0187723318677042,NA,0.0107190555243286,NA,NA,NA,NA,0.0304026943503228,0.023529412,NA,NA,NA,NA,NA,0.0260288704457662,NA,NA,NA,NA,NA,NA,NA,NA,NA,NA,NA,NA,NA
"K7EK33",NA,NA,0.0046132190619036,NA,0.00850618492454963,NA,NA,0.00205207119011559,NA,NA,NA,0.004884005028083,NA,0.002252252,0.00485911563770487,NA,NA,NA,NA,0.00249150193465173,NA,NA,NA,NA,NA,NA,NA,NA,NA,NA,NA,NA,NA
"K7EK45",NA,0.00278583797086446,NA,NA,NA,NA,NA,NA,NA,NA,NA,NA,NA,NA,NA,NA,NA,NA,NA,NA,NA,NA,NA,0.0159690488704778,NA,NA,NA,NA,NA,NA,NA,NA,NA
"K7EK60",NA,NA,NA,NA,NA,NA,NA,NA,NA,NA,NA,0.00207710556173072,NA,NA,NA,NA,NA,NA,NA,NA,NA,NA,NA,NA,NA,NA,NA,NA,NA,NA,NA,NA,NA
"K7EK97",NA,NA,NA,NA,NA,NA,NA,NA,NA,NA,NA,NA,NA,NA,0.0126908654552721,NA,NA,NA,NA,NA,NA,NA,NA,NA,NA,NA,NA,NA,NA,NA,NA,NA,NA
"K7EKD8",NA,NA,0.0067823482629458,NA,NA,NA,NA,NA,NA,NA,NA,NA,NA,NA,NA,NA,NA,NA,NA,NA,NA,NA,NA,NA,NA,NA,NA,NA,NA,NA,NA,NA,NA
"K7EKI4",NA,NA,NA,NA,NA,NA,NA,0.00538062838353875,NA,NA,NA,NA,0.0081393041783637,0.003937008,NA,NA,NA,NA,0.00413409868085399,NA,NA,NA,NA,NA,NA,NA,NA,NA,NA,NA,NA,NA,NA
"K7EKJ7",NA,NA,NA,NA,NA,NA,NA,0.00565912852319464,NA,NA,NA,NA,NA,NA,NA,NA,NA,NA,NA,0.00343548745577097,NA,NA,0.00316701913208382,0.00294253682399635,NA,NA,NA,NA,NA,NA,NA,NA,NA
"K7EKJ9",NA,NA,0.00252001612170302,NA,NA,NA,NA,NA,0.00173261067707231,NA,NA,0.0032015227312884,0.00610447813377277,0.001968504,NA,0.000689016446808999,NA,NA,NA,NA,NA,NA,NA,NA,NA,NA,NA,NA,NA,NA,NA,0.00163920407913519,NA
"K7EKL8",NA,NA,NA,NA,NA,NA,NA,NA,NA,NA,NA,NA,0.00708007936463796,NA,NA,NA,NA,NA,NA,NA,NA,NA,NA,NA,NA,NA,NA,NA,NA,NA,NA,NA,NA
"K7EKM4",NA,NA,0.0110121989537812,NA,0.0152288147171324,NA,NA,0.0146954789657873,NA,NA,NA,0.0174878867680492,0.0111149632369354,0.032258065,NA,NA,NA,NA,NA,NA,NA,NA,NA,NA,NA,NA,NA,NA,NA,NA,NA,NA,NA
"K7EKZ1",NA,NA,NA,NA,NA,NA,NA,NA,NA,NA,NA,NA,NA,NA,NA,NA,NA,NA,0.000793097446173889,NA,NA,NA,NA,NA,NA,NA,NA,NA,NA,NA,NA,NA,NA
"K7EL29",NA,NA,NA,NA,NA,NA,NA,NA,NA,NA,NA,NA,NA,NA,NA,NA,NA,NA,NA,0.00850943867024516,NA,NA,NA,0.00728843780135875,NA,NA,NA,NA,NA,NA,NA,NA,NA
"K7EL50",NA,NA,0.0161281021547648,NA,NA,NA,NA,NA,NA,NA,NA,NA,NA,NA,NA,NA,NA,NA,NA,NA,NA,NA,NA,NA,NA,NA,NA,NA,NA,NA,NA,NA,NA
"K7EL68",NA,NA,NA,NA,NA,0.00867200087437724,0.0114518609337579,NA,0.00956702367591401,NA,NA,NA,0.0112357780097851,0.005434783,NA,NA,NA,NA,NA,NA,NA,NA,NA,NA,NA,NA,NA,NA,NA,NA,NA,NA,NA
"K7EL81",NA,NA,NA,NA,NA,NA,NA,NA,NA,NA,NA,NA,NA,0.001574803,NA,NA,NA,NA,NA,NA,NA,NA,NA,NA,NA,NA,NA,NA,NA,NA,NA,NA,NA
"K7EL89",NA,NA,0.0246779406878641,NA,0.0455029651044274,0.02883701528258,NA,NA,NA,NA,NA,NA,0.0373623465764602,0.048192771,NA,NA,NA,NA,0.0379540128518469,0.0133280361915796,NA,NA,NA,NA,NA,NA,NA,NA,NA,NA,NA,NA,NA
"K7EL96",NA,NA,0.0029771354918943,0.0167544306724704,0.00434581960486759,NA,0.00612541359579748,NA,0.00767586778182832,NA,NA,0.00787971669901611,0.0203583151640788,0.009007223,NA,NA,NA,NA,NA,NA,NA,NA,NA,0.0156079909733194,NA,NA,NA,NA,NA,NA,NA,NA,NA
"K7ELC4",NA,NA,0.0427185710433755,NA,0.0462133493314804,NA,NA,NA,NA,NA,NA,NA,NA,0.029535865,NA,NA,NA,NA,NA,0.0231047408377407,NA,NA,NA,NA,NA,NA,NA,NA,NA,NA,NA,NA,NA
"K7ELC7",NA,NA,0.0161206362141207,0.012949093975158,0.0185777442466485,NA,NA,NA,NA,NA,NA,NA,0.0125622245057829,0.006944444,NA,0.0170148781336864,NA,NA,0.0218762711361247,0.0332892383615098,0.0242597598560619,NA,0.0118030112777778,0.0197395179399336,0.0136635222292163,NA,0.0207127851037906,0.0137107791125844,NA,NA,NA,0.0144568687538958,0.00644417228276357
"K7ELE0",NA,NA,NA,NA,NA,NA,NA,NA,NA,NA,NA,NA,NA,NA,NA,NA,NA,NA,NA,NA,NA,NA,0.00459360492388474,NA,NA,NA,NA,NA,NA,NA,NA,NA,NA
"K7ELI6",NA,0.0110195358266941,NA,NA,NA,0.0177294241871322,NA,0.023059202571093,0.0130394993598443,NA,NA,0.0240944219138788,0.00765697437571126,0.014814815,NA,NA,NA,NA,NA,NA,NA,NA,NA,NA,NA,NA,NA,0.0146248311192351,NA,NA,NA,0.0107944621028347,0.0206213524183965
"K7ELL7",NA,0.00588580544486745,0.00810393241175746,0.00452711843171218,0.0135417450622314,0.0170454998522072,NA,0.0117156838196117,0.0138672507785064,NA,0.00870362630613511,0.00683688167673723,0.0122602077306449,0.024092129,0.00320096004324211,0.00804942974656172,NA,NA,0.00311590805188108,0.00913649347944943,NA,0.00837144998990846,0.00302605389789415,0.000937188110262871,0.00291920942406302,NA,0.00796551015132602,0.00585861169986157,NA,NA,0.00712255462488125,0.0107075207604294,0.0126206352787651
"K7ELN9",NA,NA,NA,NA,NA,NA,NA,NA,NA,NA,NA,NA,NA,NA,NA,NA,NA,NA,NA,NA,NA,NA,NA,0.00382055185934199,NA,NA,NA,NA,NA,NA,NA,NA,NA
"K7ELS0",NA,NA,0.00575356519727585,NA,0.0106088373353737,NA,NA,0.0153559505550171,0.00988950776838856,NA,NA,NA,0.0116145122742202,0.02247191,NA,NA,NA,NA,NA,NA,NA,NA,NA,NA,NA,NA,NA,NA,NA,NA,NA,NA,NA
"K7ELV2",NA,NA,NA,NA,0.00359006249423233,NA,NA,NA,NA,NA,NA,NA,NA,NA,NA,NA,NA,NA,NA,NA,NA,NA,NA,NA,NA,NA,NA,NA,NA,NA,NA,NA,NA
"K7ELW0",NA,0.0107587182874415,0.00908995171644837,NA,0.0358492914091924,NA,NA,0.0166229928025258,0.00954815379284252,NA,0.0137231521210242,0.00320783739744673,0.0326214306691877,0.053075984,0.0127659597166844,NA,0.0119903764166747,0.0198585215566381,0.0243357335342667,0.0163643040288599,NA,0.013354691679332,0.0256453595855491,0.00960445179088586,0.0106720998883597,0.00591238433785291,0.0233846117133106,0.0116825577242096,0.0104808635481328,NA,NA,0.0147819342950193,0.0274544637236925
"K7ELW5",NA,NA,NA,NA,NA,NA,NA,NA,NA,NA,NA,NA,0.0032815604467334,NA,NA,NA,NA,NA,NA,NA,NA,NA,NA,NA,NA,NA,NA,NA,NA,NA,NA,NA,NA
"K7ELZ9",NA,0.00113733743377766,NA,NA,NA,NA,NA,NA,NA,NA,NA,NA,NA,NA,NA,NA,NA,NA,NA,NA,NA,NA,NA,NA,NA,NA,NA,NA,NA,NA,NA,NA,NA
"K7EM13",NA,NA,NA,NA,0.00318842915006758,NA,NA,NA,NA,NA,NA,NA,0.0270246170854323,0.019607843,NA,NA,NA,NA,NA,NA,NA,NA,NA,NA,NA,NA,NA,NA,NA,NA,NA,NA,NA
"K7EM16",NA,NA,NA,NA,NA,NA,NA,NA,NA,NA,NA,0.0118497160863909,NA,0.00273224,NA,NA,NA,NA,NA,NA,NA,NA,NA,NA,NA,NA,NA,NA,NA,NA,NA,NA,NA
"K7EM18",NA,NA,NA,NA,0.0156063892443882,NA,NA,0.00752991513564036,NA,NA,NA,NA,NA,0.016528926,NA,NA,NA,NA,NA,NA,NA,NA,NA,NA,NA,NA,NA,NA,NA,NA,NA,NA,NA
"K7EM19",NA,NA,NA,NA,NA,NA,NA,0.00548867260328355,NA,NA,NA,NA,NA,NA,NA,NA,NA,NA,NA,NA,NA,NA,NA,NA,NA,NA,NA,NA,NA,NA,NA,NA,NA
"K7EM20",NA,0.00779475557890197,0.0258844715165324,0.0086701389964079,0.0218332399099558,0.0287554656925665,NA,0.0612251699231116,0.0345931438277144,NA,0.0315082552332436,NA,0.0213003121147985,0.056919027,0.0107202338517905,0.0275015982397135,NA,NA,0.0266319828461863,NA,NA,0.0169387529624216,0.0384193861757818,0.0186914556402026,NA,NA,0.0234165110595974,0.0121608652696445,NA,NA,0.0178904402951836,0.00830858939478885,NA
"K7EM38",NA,0.0283643757515529,NA,NA,NA,NA,NA,NA,NA,NA,NA,NA,NA,NA,NA,NA,NA,NA,NA,NA,NA,NA,NA,NA,NA,NA,NA,NA,NA,NA,NA,NA,NA
"K7EM49",NA,NA,0.00749366703798535,NA,NA,NA,NA,NA,NA,NA,NA,0.00528901973540605,0.0100847965277091,0.011382114,NA,0.0076833732207332,NA,NA,0.00128056202844536,NA,NA,NA,0.0024872683360043,0.00231096762116405,NA,NA,0.00872968158513249,NA,NA,NA,NA,0.00609304116675911,NA
"K7EM56",NA,NA,NA,NA,NA,NA,NA,NA,NA,NA,NA,0.0154085986130876,NA,NA,NA,NA,NA,NA,NA,NA,NA,NA,NA,NA,NA,NA,NA,NA,NA,NA,NA,NA,NA
"K7EM73",NA,NA,0.00457202939568041,NA,NA,NA,NA,NA,NA,NA,NA,NA,NA,NA,NA,NA,NA,NA,NA,NA,NA,NA,NA,NA,NA,NA,NA,NA,NA,NA,NA,NA,NA
"K7EMC2",NA,NA,NA,NA,NA,NA,NA,NA,NA,NA,NA,NA,NA,NA,0.00173149800882518,NA,NA,NA,NA,NA,NA,NA,NA,NA,NA,NA,NA,NA,NA,NA,NA,NA,NA
"K7EMD6",NA,NA,NA,NA,0.0083556334385422,NA,NA,0.0241890192567704,NA,NA,NA,0.00959512438510161,NA,0.017699115,NA,NA,NA,NA,NA,NA,NA,NA,NA,NA,NA,NA,NA,NA,NA,NA,NA,NA,NA
"K7EMW4",NA,0.00334407884579853,NA,NA,NA,NA,NA,NA,NA,NA,NA,NA,NA,0.003612717,NA,NA,NA,NA,NA,0.00223803103983682,NA,NA,NA,NA,NA,NA,NA,NA,NA,NA,NA,NA,NA
"K7EN27",NA,NA,NA,NA,NA,NA,NA,NA,NA,NA,NA,NA,NA,0.025416667,NA,NA,NA,NA,NA,NA,NA,NA,NA,NA,NA,NA,NA,NA,NA,NA,NA,NA,NA
"K7EN45",NA,NA,NA,NA,NA,NA,NA,0.0101235522371726,NA,NA,NA,NA,NA,NA,NA,NA,NA,NA,NA,NA,NA,NA,NA,NA,NA,NA,NA,NA,NA,NA,NA,NA,NA
"K7EN58",NA,NA,NA,NA,NA,NA,NA,NA,NA,NA,NA,NA,NA,0.006410256,NA,NA,NA,NA,NA,NA,NA,NA,NA,NA,NA,NA,NA,NA,NA,NA,NA,NA,NA
"K7ENA8",NA,NA,NA,NA,0.00326708177618715,NA,NA,0.00157633185554003,NA,NA,NA,NA,NA,NA,NA,NA,NA,NA,NA,NA,NA,NA,NA,NA,NA,NA,NA,NA,NA,NA,NA,NA,NA
"K7ENC6",NA,NA,NA,NA,NA,NA,NA,NA,NA,NA,NA,NA,NA,NA,NA,NA,NA,NA,NA,NA,NA,NA,0.00421396727681048,NA,NA,NA,NA,NA,NA,NA,NA,NA,NA
"K7ENE5",NA,NA,NA,NA,NA,NA,NA,NA,0.00951531039124672,NA,NA,NA,NA,NA,NA,NA,NA,NA,NA,NA,NA,NA,NA,NA,NA,NA,NA,NA,NA,NA,NA,NA,NA
"K7ENG2",NA,NA,NA,NA,0.00329367384554961,NA,NA,NA,NA,NA,NA,NA,NA,NA,NA,0.007326007,NA,NA,NA,0.00514524201238608,NA,NA,NA,NA,NA,NA,NA,NA,NA,NA,NA,NA,NA
"K7ENW6",NA,NA,NA,NA,NA,NA,NA,NA,NA,NA,NA,0.003346447789219,NA,NA,NA,NA,NA,NA,NA,NA,NA,NA,NA,NA,NA,NA,NA,NA,NA,NA,NA,NA,NA
"K7EP67",NA,NA,NA,NA,NA,NA,NA,NA,NA,NA,NA,NA,NA,NA,NA,NA,NA,NA,NA,NA,NA,NA,NA,NA,NA,NA,NA,NA,0.00397144731022534,NA,NA,NA,NA
"K7EPB2",NA,NA,NA,NA,0.00203488436699436,NA,NA,NA,NA,NA,NA,NA,NA,NA,NA,NA,NA,NA,NA,NA,NA,NA,NA,NA,NA,NA,NA,NA,NA,NA,NA,NA,NA
"K7EPJ4",NA,0.00153999722746101,0.00106018098175614,0.00968869612031848,NA,0.00234006355071231,NA,NA,0.00212600535911047,NA,NA,NA,NA,NA,NA,NA,NA,NA,NA,0.00698916752107409,NA,NA,NA,NA,NA,NA,NA,NA,NA,NA,NA,NA,NA
"K7EPJ9",NA,NA,NA,NA,NA,NA,NA,NA,NA,NA,NA,NA,NA,NA,NA,0.00280765003540032,NA,NA,NA,NA,NA,NA,NA,NA,NA,NA,NA,NA,NA,NA,NA,NA,NA
"K7EPL2",NA,NA,0.00260593998371997,NA,NA,NA,NA,NA,0.00335941305508422,NA,NA,0.0020691775330649,0.0118361636624132,NA,NA,NA,NA,NA,NA,NA,NA,NA,NA,NA,NA,NA,NA,NA,NA,NA,NA,NA,NA
"K7EQ47",NA,NA,NA,NA,NA,NA,NA,NA,NA,NA,NA,NA,NA,NA,NA,NA,NA,NA,NA,NA,NA,NA,NA,0.0101881382915786,NA,NA,NA,NA,NA,NA,NA,NA,NA
"K7EQA1",NA,NA,NA,NA,0.0108527188270718,NA,NA,NA,NA,NA,NA,NA,NA,0.011494253,0.0123991214342167,NA,NA,NA,NA,NA,NA,NA,NA,NA,NA,NA,NA,NA,NA,NA,NA,NA,NA
"K7EQD0",NA,NA,NA,NA,NA,NA,NA,NA,NA,NA,NA,NA,NA,0.021428571,NA,NA,NA,NA,NA,NA,NA,NA,NA,NA,NA,NA,NA,NA,NA,NA,NA,NA,NA
"K7EQQ1",NA,NA,NA,NA,NA,NA,NA,NA,NA,NA,NA,NA,NA,0.00877193,NA,NA,NA,NA,NA,NA,NA,NA,NA,NA,NA,NA,NA,NA,NA,NA,NA,NA,0.00542667154253156
"K7EQQ3",NA,NA,NA,NA,NA,NA,NA,NA,0.00154958803815407,NA,NA,NA,NA,NA,NA,NA,0.00647327963474458,NA,NA,NA,NA,NA,NA,NA,NA,NA,NA,NA,0.00311842515174362,NA,NA,NA,NA
"K7EQQ8",NA,NA,NA,NA,0.00635815868595666,NA,NA,0.00153387185479333,NA,NA,NA,NA,NA,NA,NA,NA,NA,NA,NA,NA,NA,NA,NA,NA,NA,NA,NA,NA,NA,NA,NA,NA,NA
"K7EQR9",NA,NA,NA,NA,0.00799935787097534,NA,NA,NA,NA,NA,NA,NA,NA,NA,NA,NA,NA,NA,NA,NA,NA,NA,NA,NA,NA,NA,NA,NA,NA,NA,NA,NA,NA
"K7ER00",NA,NA,NA,NA,0.00449099394860052,NA,NA,0.00814737914117747,0.00803804736973288,NA,0.00373765138552017,0.00334186358445982,0.00629340387967819,0.010273973,NA,NA,NA,NA,0.00167818023869272,NA,NA,NA,NA,NA,NA,NA,NA,NA,NA,NA,NA,NA,0.00148304293242675
"K7ERA3",NA,NA,0.00695113894544022,NA,NA,NA,NA,NA,NA,NA,NA,NA,NA,NA,NA,NA,NA,NA,NA,0.00187708245004596,NA,NA,NA,NA,NA,NA,NA,NA,NA,NA,NA,NA,NA
"K7ERF1",NA,NA,NA,NA,NA,NA,NA,NA,NA,NA,NA,NA,0.00675615452978097,NA,NA,NA,NA,NA,NA,0.00723024203631882,NA,NA,NA,0.00619279031350735,NA,NA,NA,NA,NA,NA,NA,NA,NA
"K7ERT7",NA,NA,NA,NA,0.0194010928382328,0.0245904688776399,NA,0.0249621835985078,0.018085606581899,NA,0.0168194312348408,0.0371318145933064,0.0141601587292759,0.02739726,NA,0.014384397545676,NA,NA,NA,NA,NA,NA,NA,NA,NA,NA,NA,NA,NA,NA,NA,NA,0.0127117925866827
"K7ERU2",NA,NA,NA,NA,NA,0.00980931268680392,NA,NA,NA,NA,0.0167734764443064,NA,NA,NA,NA,NA,NA,NA,NA,NA,NA,NA,NA,NA,NA,NA,NA,NA,NA,NA,NA,NA,NA
"K7ERX7",NA,0.0108851515941855,NA,0.00992285420940826,0.0276347279355478,NA,0.0179878017188607,0.022222432051249,0.015027227969098,NA,0.0119787167197313,0.0185115685317967,0.0196653520919719,0.021341463,0.0226268845436732,0.0256112447691513,0.0197694977629097,NA,0.0213427036242724,NA,NA,NA,0.0149236120555862,NA,NA,NA,0.0126580373141706,0.0108348597455039,NA,NA,NA,NA,0.0239265170403782
"K7ERZ3",NA,0.00169821638561502,NA,0.00522478998814601,NA,NA,NA,NA,0.00301426820373293,NA,0.00420485760407377,0.00598234817776161,0.0150451692959129,0.001712329,NA,NA,NA,NA,NA,NA,NA,NA,NA,NA,NA,NA,NA,NA,NA,NA,NA,0.0028517662972709,NA
"K7ES00",NA,NA,NA,NA,NA,NA,NA,NA,NA,NA,NA,0.0142546671015835,NA,NA,NA,NA,NA,NA,NA,NA,NA,0.0184006978196504,NA,NA,NA,NA,NA,NA,NA,NA,NA,NA,NA
"K7ES42",NA,NA,NA,NA,0.00890741982199974,NA,0.0298180538123587,NA,NA,NA,0.0231663868193502,0.0204575287560993,NA,NA,NA,NA,0.0095583654557765,NA,NA,NA,NA,NA,0.0096205674752146,NA,NA,NA,NA,NA,NA,NA,NA,NA,NA
"K7ES63",NA,NA,NA,0.00403608142393621,NA,NA,NA,NA,NA,NA,NA,NA,NA,NA,NA,NA,NA,NA,NA,NA,NA,NA,NA,NA,NA,NA,NA,NA,NA,NA,NA,NA,NA
"K7ES69",NA,NA,NA,NA,NA,NA,NA,NA,NA,NA,NA,0.002442001971917,NA,NA,NA,NA,NA,NA,NA,NA,NA,NA,NA,NA,NA,NA,NA,NA,NA,NA,NA,NA,NA
"K7ESF5",NA,NA,NA,NA,NA,NA,NA,NA,NA,NA,NA,NA,0.00608053887006455,NA,NA,NA,NA,NA,NA,NA,NA,NA,NA,NA,NA,NA,NA,NA,NA,NA,NA,NA,NA
"K7ESG6",NA,0.0255231897371475,0.0188260022493572,NA,0.0138850956604223,0.0322649446995205,NA,0.0234479336177988,0.0161795257096313,NA,NA,0.0318896767002802,0.0114010105105825,0.033088235,0.0158635812797283,NA,NA,NA,0.0154420736196102,0.0284690766352216,NA,NA,NA,NA,NA,NA,0.00657935515246625,0.0145172950664183,NA,NA,NA,0.0122458180230677,0.0272929669819723
"K7ESM5",NA,NA,0.00848670268826653,NA,0.0195281945076415,NA,NA,NA,NA,NA,NA,NA,NA,0.012776916,NA,NA,NA,NA,NA,0.0142198398796892,NA,NA,0.0121547253039379,NA,NA,NA,0.008571349873302,NA,NA,NA,NA,NA,NA
"L0R5C4",NA,0.00419047606747253,NA,NA,0.00167023292074144,NA,NA,NA,NA,NA,NA,NA,NA,NA,NA,NA,NA,NA,NA,NA,NA,NA,NA,NA,NA,NA,0.00588030401949329,NA,NA,NA,0.00294877239793961,NA,NA
"L0R809",NA,NA,NA,0.0381409691510694,NA,NA,NA,NA,NA,NA,0.0409272830807187,NA,NA,0.025,NA,0.039377288675061,NA,NA,NA,0.0414835118581047,NA,0.0282117850441176,0.0637362613079121,NA,0.0491886796316694,NA,NA,NA,NA,NA,NA,NA,NA
"L0R849",NA,NA,0.00712670939845099,NA,0.00724247151325311,NA,NA,0.00430511898820315,NA,NA,NA,NA,0.00957637428175068,NA,NA,NA,NA,NA,0.00969772839848574,0.00997885214010519,NA,NA,NA,0.00691900592680781,NA,NA,NA,0.00508853636414784,NA,NA,NA,NA,NA
"L8E7X8",NA,NA,0.0116378918899488,NA,NA,NA,NA,NA,NA,NA,NA,NA,0.0704789723739237,0.011363636,NA,0.0238650237258112,0.0230269722463586,NA,0.0119325113378751,NA,NA,NA,0.046353644124036,NA,NA,NA,NA,NA,NA,NA,NA,NA,NA
"L8E9U9",NA,NA,NA,NA,NA,NA,NA,NA,NA,NA,NA,NA,NA,NA,NA,NA,NA,NA,NA,NA,NA,NA,NA,NA,NA,NA,NA,0,NA,NA,NA,NA,NA
"M0QWZ7",NA,NA,NA,NA,NA,NA,NA,0.00378843940055793,NA,NA,NA,NA,NA,NA,NA,NA,NA,NA,NA,NA,NA,NA,NA,NA,NA,NA,NA,NA,NA,NA,NA,NA,NA
"M0QX14",NA,NA,NA,NA,NA,NA,NA,NA,NA,NA,NA,NA,NA,NA,NA,NA,NA,NA,NA,0.00921855782194761,NA,NA,NA,0.0100492096671008,NA,NA,NA,NA,NA,NA,NA,NA,NA
"M0QX71",NA,NA,0.00224590856593821,NA,NA,NA,NA,NA,NA,NA,NA,NA,NA,NA,NA,NA,NA,NA,NA,NA,NA,NA,NA,NA,NA,NA,NA,NA,NA,NA,NA,NA,NA
"M0QX72",NA,NA,NA,NA,NA,NA,NA,NA,NA,NA,NA,NA,NA,NA,NA,NA,NA,NA,NA,NA,NA,NA,NA,NA,NA,NA,NA,0.00339624803706219,NA,NA,NA,NA,NA
"M0QX76",NA,NA,NA,NA,NA,NA,NA,NA,NA,NA,0.00545697135027771,NA,NA,NA,NA,NA,NA,NA,NA,NA,NA,NA,0.0382417567847472,NA,NA,NA,NA,NA,NA,NA,NA,NA,NA
"M0QXB4",NA,NA,0.00464109293110962,NA,0.00427879085908893,NA,NA,NA,0.00132955617103538,NA,NA,NA,NA,NA,NA,NA,NA,NA,NA,NA,NA,NA,NA,NA,NA,NA,NA,NA,NA,NA,NA,NA,NA
"M0QXB5",NA,NA,NA,NA,NA,NA,NA,NA,NA,NA,NA,NA,0.00795147414555171,NA,NA,NA,NA,NA,NA,NA,NA,NA,NA,NA,NA,NA,0.00344150906923892,NA,NA,NA,NA,NA,NA
"M0QXF2",NA,NA,NA,NA,NA,NA,NA,NA,0.00130977091512027,NA,NA,NA,NA,NA,NA,NA,NA,NA,NA,NA,NA,NA,NA,NA,NA,NA,NA,NA,NA,NA,NA,NA,NA
"M0QXF7",NA,NA,0.0121920777057247,NA,0.0112403158943177,NA,NA,NA,NA,NA,NA,NA,NA,NA,NA,NA,NA,NA,NA,NA,NA,NA,NA,NA,NA,NA,NA,NA,NA,NA,NA,NA,NA
"M0QXG9",NA,NA,NA,NA,NA,NA,NA,NA,NA,NA,NA,NA,NA,0.018518519,NA,NA,NA,NA,NA,NA,NA,NA,NA,NA,NA,NA,NA,NA,NA,NA,NA,NA,NA
"M0QXI6",NA,NA,NA,0.013208993658601,0.012262162707966,NA,NA,0.00986060308873478,NA,NA,NA,0.00704057736729943,NA,0.004329004,NA,NA,NA,NA,0.0128795361805713,NA,NA,NA,NA,NA,NA,NA,0.011620679520847,NA,NA,NA,NA,0.00811086689376162,NA
"M0QXK4",NA,NA,0.0370574995310566,NA,NA,0.0131221065127449,NA,NA,0.00772075625781348,NA,NA,0.0179915583758553,NA,0.02119883,0.0201077856582261,0.00921106186259808,NA,NA,NA,NA,NA,NA,NA,0.018700596142568,NA,NA,NA,NA,NA,NA,0.0126331622927149,0.0210005040144831,0.0295075279624542
"M0QXL5",NA,NA,0.00970743621444554,NA,0.00335611290061776,NA,NA,0.00215905122203858,NA,NA,NA,NA,0.00612376578529191,NA,NA,0.00124414801200073,NA,NA,NA,0.0052427813641478,NA,NA,NA,NA,NA,NA,NA,NA,NA,NA,NA,NA,NA
"M0QXM4",NA,NA,0.00313510516906004,NA,NA,NA,NA,NA,NA,NA,NA,NA,NA,NA,NA,NA,NA,NA,NA,NA,NA,NA,NA,NA,NA,NA,NA,NA,NA,NA,NA,NA,NA
"M0QXS5",NA,NA,NA,NA,NA,NA,NA,NA,NA,NA,NA,NA,NA,NA,0.00614657327682757,NA,NA,NA,NA,NA,NA,NA,NA,NA,NA,NA,NA,NA,NA,NA,NA,NA,NA
"M0QXZ5",NA,NA,NA,NA,NA,NA,NA,NA,NA,NA,NA,NA,NA,0.02962963,NA,NA,NA,NA,NA,NA,NA,NA,NA,NA,NA,NA,NA,NA,NA,NA,NA,NA,NA
"M0QXZ7",NA,NA,NA,NA,NA,NA,0.0810439406177478,NA,NA,NA,NA,NA,NA,NA,NA,NA,NA,NA,NA,NA,NA,NA,NA,NA,NA,NA,NA,NA,NA,NA,NA,NA,NA
"M0QY43",NA,NA,NA,NA,NA,NA,NA,NA,NA,NA,NA,NA,NA,NA,NA,NA,NA,NA,NA,0.00337687070040198,NA,0.00173132339401544,0.000440034128289644,NA,NA,NA,NA,0.00128677218486694,NA,NA,NA,0.00162690486905036,0.00120124348784336
"M0QY67",NA,NA,NA,NA,NA,NA,NA,NA,NA,NA,NA,NA,NA,NA,NA,0.0100196666100827,NA,NA,NA,NA,NA,NA,NA,NA,NA,NA,NA,NA,NA,NA,NA,NA,NA
"M0QY80",NA,NA,0.00539018178721312,NA,NA,NA,NA,NA,NA,NA,NA,0.0114131475647581,NA,NA,NA,NA,NA,NA,NA,NA,NA,NA,NA,NA,NA,NA,NA,NA,NA,NA,NA,NA,NA
"M0QY85",NA,NA,NA,NA,NA,NA,NA,NA,NA,NA,NA,NA,0.00966066873045805,0.023364486,NA,0.00490682704314204,NA,NA,NA,0.0103385694992641,NA,0.00790984650607381,0.00953065549622267,NA,NA,NA,NA,NA,NA,NA,NA,NA,NA
"M0QY96",NA,NA,NA,NA,NA,NA,NA,NA,NA,NA,NA,NA,NA,NA,NA,NA,NA,NA,0.025740886354141,NA,NA,NA,NA,NA,NA,NA,NA,NA,0.00308327083804586,NA,NA,NA,0.0222847742402877
"M0QYB8",NA,NA,NA,NA,NA,NA,NA,NA,NA,NA,NA,NA,NA,NA,NA,NA,NA,NA,NA,NA,NA,NA,NA,NA,NA,NA,NA,NA,NA,NA,0.0044805617902451,NA,0.0118572779653643
"M0QYC1",NA,NA,NA,NA,NA,NA,NA,NA,NA,NA,NA,0.00174036709799568,NA,NA,NA,NA,NA,NA,NA,NA,NA,NA,NA,NA,NA,NA,NA,NA,NA,NA,NA,NA,NA
"M0QYE0",NA,NA,0.00400052546518673,NA,NA,NA,NA,0.00871970080954028,NA,NA,NA,NA,0.012113573409071,NA,NA,NA,NA,NA,NA,0.00432119915188591,NA,NA,NA,NA,NA,NA,NA,NA,NA,NA,NA,NA,0.00724969428208945
"M0QYF7",NA,NA,NA,NA,NA,NA,NA,NA,NA,NA,NA,NA,NA,NA,NA,NA,NA,NA,NA,NA,NA,NA,0.016146519191411,NA,NA,NA,NA,NA,NA,NA,NA,NA,NA
"M0QYL3",NA,NA,NA,NA,NA,NA,NA,NA,NA,NA,NA,NA,NA,NA,NA,NA,NA,NA,0.00795500825862408,NA,NA,NA,NA,NA,NA,NA,NA,NA,NA,NA,NA,NA,NA
"M0QYQ7",NA,NA,NA,NA,NA,NA,NA,NA,NA,NA,NA,NA,NA,NA,NA,NA,NA,NA,NA,NA,NA,NA,NA,NA,NA,NA,NA,NA,NA,NA,NA,NA,0.0665456625209914
"M0QYQ9",NA,NA,NA,NA,NA,NA,NA,NA,NA,NA,NA,0.0212597841054371,NA,0.019607843,NA,NA,NA,NA,NA,NA,NA,NA,NA,NA,NA,NA,NA,NA,NA,NA,NA,NA,NA
"M0QYR1",NA,NA,0.00817128564253979,NA,NA,0.00424374524453764,NA,NA,NA,NA,NA,NA,NA,NA,0.0286894565387121,NA,NA,NA,0.00558543108476432,0.00882627867154754,NA,NA,0.010848725459191,NA,NA,NA,0.00951906737178653,0.0157528101072571,NA,NA,NA,0.00442933859333172,NA
"M0QYS1",NA,0.016574281463605,0.0184913181609229,0.0096865958242839,0.0240756857454922,0.0161464398562159,0.00752550861361233,0.0245857699791676,0.0104781690812946,NA,NA,0.00666899222505086,0.023392838824366,0.013679138,0.0173366289912351,0.0125007266635173,0.0160823297585243,NA,0.00583286116582191,0.0249340055202246,NA,0.00940392797188205,0.0194089683330457,0.00563986240390915,0.00351347753816507,NA,0.0153173162509562,0.0205269950537562,NA,NA,NA,0.00751993190132568,0.00942690390966919
"M0QYT0",NA,NA,NA,NA,NA,NA,NA,NA,NA,NA,NA,NA,NA,NA,NA,NA,NA,NA,NA,NA,NA,NA,NA,NA,NA,NA,0.00309616755165109,NA,NA,NA,NA,NA,NA
"M0QZC5",NA,0.0371208948287361,0.0235059119270093,0.0301679982503025,0.0542773896447134,0.0458636170754158,NA,0.0523765146964715,NA,NA,NA,0.060491292419828,0.0629267057885887,0.032485876,0.0137125870982,NA,0.0286210955390389,NA,0.0266964670941205,0.0328118173451452,NA,0.0239082927736752,0.03629726033136,NA,0.0208426611776853,NA,0.0151659719723698,0.0209147479494437,NA,NA,NA,NA,0.0301456216941909
"M0QZH0",NA,NA,NA,NA,NA,NA,NA,NA,NA,NA,NA,NA,NA,NA,0.015957448567132,NA,0.00549558885324697,NA,0.0144978839416986,NA,NA,0.00333867291983301,0.00628562725941869,NA,NA,0.00591238433785291,0.0132365724484343,NA,0.00524043177406638,NA,0.0068174226280384,0.0172455901496418,0.0105242111404802
"M0QZL7",NA,NA,NA,NA,NA,NA,NA,NA,NA,NA,NA,NA,NA,NA,NA,NA,NA,NA,NA,NA,NA,NA,NA,NA,NA,NA,NA,NA,NA,NA,0.002038471765923,NA,NA
"M0QZM1",NA,NA,NA,NA,NA,NA,NA,0.0222548642684624,NA,NA,NA,0.0285481102000455,NA,0.028385491,0.0113197668280273,NA,NA,0.0217209833862634,0.00801555582775188,NA,NA,NA,NA,NA,NA,NA,NA,NA,NA,NA,NA,NA,0.00557908540327474
"M0QZM9",NA,NA,NA,NA,NA,NA,NA,0.026031992117815,NA,NA,NA,NA,NA,0.014285714,NA,NA,NA,NA,NA,NA,NA,NA,NA,NA,NA,NA,NA,NA,NA,NA,NA,NA,NA
"M0QZN2",NA,0.0094570643658852,NA,0.00759024305736231,0.013505155945915,0.0114116633998361,NA,0.0207381724869295,0.0153262767564435,NA,NA,0.0116875926708704,0.0144639679256441,0.019900498,0.00402508757808918,0.00914232276736483,0.00252036489969986,NA,NA,0.0105485988604612,NA,0.00514642881036138,0.00507353285285224,NA,NA,NA,0.00667755503065955,NA,NA,NA,0.00716507739351423,0.0108750173489543,0.00966625935210622
"M0QZR9",NA,NA,0.00780930427263369,NA,0.00745681035269006,0.00347635733959199,NA,NA,NA,NA,NA,NA,NA,0.013071895,NA,NA,NA,NA,NA,0.0123516625568555,NA,NA,0.0066652302339668,NA,0.0032149465226125,NA,0.00438623706657494,NA,NA,NA,NA,NA,NA
"M0QZS6",NA,NA,0.00386465865921195,NA,0.0035629681176372,NA,NA,NA,NA,NA,NA,0.00409150575121985,NA,NA,NA,NA,NA,NA,NA,NA,NA,NA,0.00384822719404188,NA,NA,NA,NA,NA,NA,NA,NA,NA,NA
"M0R009",NA,NA,NA,0.0136982151562454,0.00953723755684172,NA,NA,NA,0.017929311069682,NA,NA,NA,NA,NA,NA,NA,NA,NA,NA,0.00558700490818446,NA,NA,NA,NA,NA,NA,NA,NA,NA,NA,NA,NA,NA
"M0R019",NA,NA,NA,NA,NA,NA,NA,NA,NA,NA,NA,NA,NA,NA,NA,NA,NA,NA,NA,NA,NA,NA,NA,NA,NA,NA,NA,NA,NA,NA,NA,NA,0.00310782817561345
"M0R050",NA,NA,NA,NA,NA,NA,NA,NA,NA,NA,NA,NA,NA,0.01242236,NA,NA,NA,NA,NA,NA,NA,NA,NA,NA,NA,NA,NA,NA,NA,NA,NA,NA,NA
"M0R081",NA,0.00359332653348961,NA,0.00122837212084938,NA,0.00794933420133114,NA,NA,0.00523528838384485,NA,NA,NA,0.00280894424402337,0.003623188,NA,0.00570685384206171,NA,NA,NA,NA,NA,0.00715516320060123,NA,NA,NA,0.00721035991263794,NA,NA,0.00837857288619543,NA,NA,NA,NA
"M0R0F0",NA,NA,0.0113081523229727,NA,NA,0.0133350601249076,NA,NA,NA,NA,NA,0.0097034809771115,0.0176055727322156,0.019825397,0.00539361776455445,NA,NA,NA,0.0132570205206039,NA,NA,NA,0.00783045452363769,NA,NA,NA,NA,0.0082264670726802,NA,NA,NA,NA,0.011879371785673
"M0R0I5",NA,0.00533203343253722,NA,NA,NA,NA,NA,NA,NA,NA,NA,NA,NA,NA,0.00386639224132625,NA,0.0036314933915562,0.00424552786397007,0.00470457478789662,NA,NA,NA,NA,NA,NA,NA,NA,0.00176913307532008,NA,NA,NA,NA,NA
"M0R0K9",NA,0.00555088571386286,0.0076427953618478,NA,NA,0.0044654334349077,NA,NA,NA,NA,NA,NA,NA,NA,0.00111807970301529,NA,0.00756109571228635,NA,0.00391813787884449,0.00412771230899083,NA,NA,NA,0.0070708726211312,NA,NA,NA,NA,NA,NA,NA,0.00479018675846035,NA
"M0R0P7",NA,0.0090488894046608,NA,NA,0.008270246874108,0.0116470669842474,NA,NA,NA,NA,NA,0.0178070094383305,0.00943149310112629,0.017518248,0.00787389446805588,NA,NA,NA,NA,0.0121119741440203,NA,NA,0.0126542064980945,NA,NA,NA,0.00326566537687045,NA,NA,NA,NA,NA,NA
"M0R0U3",NA,NA,NA,0.00284104044175481,NA,NA,NA,NA,0.0172099538783636,NA,0.00228644032240478,NA,0.00288740660473723,0.011173184,NA,NA,NA,NA,NA,NA,NA,NA,NA,NA,NA,NA,NA,NA,NA,NA,NA,NA,NA
"M0R0Y3",NA,NA,NA,NA,0.00488709341552719,NA,NA,NA,NA,NA,NA,NA,NA,0.002173913,NA,NA,NA,NA,NA,0.00395081112725011,NA,NA,NA,NA,NA,NA,NA,NA,NA,NA,NA,NA,NA
"M0R116",NA,NA,NA,NA,NA,0.00210507643047938,NA,NA,NA,NA,NA,NA,NA,NA,0.000474372997286776,NA,NA,NA,NA,NA,NA,NA,NA,NA,NA,NA,NA,NA,NA,NA,NA,NA,NA
"M0R117",NA,NA,NA,NA,0.00547418010069097,0.00777101413319315,NA,NA,NA,NA,NA,0.0154892710754579,0.01510263738028,NA,NA,NA,NA,NA,0.0136371562647405,0.0107749384322939,NA,NA,0.021521334881136,NA,NA,NA,0.00290516965651367,0.014423027647403,NA,NA,NA,NA,0.021090019982795
"M0R1I1",NA,NA,NA,NA,NA,NA,NA,NA,NA,NA,NA,NA,NA,NA,NA,NA,NA,NA,NA,NA,NA,NA,NA,NA,NA,NA,NA,NA,NA,NA,NA,0.0286011568723418,NA
"M0R1M5",NA,0.0175016160747818,NA,NA,0.0499863451328696,0.0211188729522552,NA,0.0294774022363437,0.0103548965245773,NA,NA,NA,0.0243221554802582,0.029411765,NA,NA,NA,NA,NA,NA,NA,NA,NA,NA,NA,NA,0.0315809058055888,NA,NA,NA,NA,0.0228588605317838,NA
"M0R210",NA,0.0175543766210894,0.0193104240216929,0.0156750137839973,0.0270304910462972,0.0194817514694537,NA,0.0269400841774739,NA,NA,0.017132351418728,0.0448268316441871,0.0271889378702406,0.019712071,0.0236928942607895,0.0130240130278117,0.0205517215138188,NA,0.036630036050061,0.0244315461623294,NA,0.0335333875986463,0.0288699300121435,0.0139553801866738,0.0214167766897423,NA,0.0173409365116281,0.013612223400642,NA,NA,0.014885586309522,0.0142013524562045,0.0232589670468051
"M0R261",NA,NA,NA,NA,NA,NA,NA,NA,NA,NA,NA,NA,0.0134745648445681,NA,NA,NA,NA,NA,NA,NA,NA,NA,NA,NA,NA,NA,NA,0.00551495003697783,NA,NA,NA,NA,NA
"M0R2I7",NA,NA,NA,NA,NA,NA,NA,NA,NA,NA,NA,NA,NA,NA,NA,NA,NA,NA,NA,NA,NA,NA,NA,NA,NA,NA,NA,NA,0.013794905531159,NA,NA,NA,0.00421581345213374
"M0R2T0",NA,NA,NA,NA,NA,NA,NA,NA,NA,NA,NA,NA,NA,NA,NA,NA,NA,NA,0.0093090514579202,NA,NA,NA,NA,NA,NA,NA,NA,NA,NA,NA,NA,NA,NA
"M0R3G9",NA,NA,NA,NA,NA,0.0168554390046666,NA,NA,NA,NA,NA,NA,NA,NA,NA,NA,NA,NA,NA,NA,NA,NA,NA,NA,NA,NA,NA,NA,NA,NA,NA,NA,NA
"N0E472",NA,NA,NA,NA,0.0108527188270718,NA,NA,NA,NA,NA,NA,NA,NA,NA,NA,NA,NA,NA,NA,NA,NA,NA,NA,NA,NA,NA,NA,NA,NA,NA,NA,NA,NA
"O00148",NA,NA,NA,NA,NA,NA,NA,NA,NA,NA,NA,NA,NA,NA,NA,NA,NA,NA,NA,0.00578369870310291,NA,NA,NA,NA,NA,NA,NA,NA,NA,NA,NA,NA,NA
"O00151",NA,NA,NA,0.00711054561398808,NA,NA,0.00353547423422336,0.00560532234869361,NA,NA,0.00274679776940766,NA,NA,0.017058166,NA,NA,0.00679991078458738,NA,NA,0.00556825657327856,NA,NA,NA,NA,NA,NA,NA,NA,NA,NA,NA,0.00558869527801042,NA
"O00159",NA,NA,NA,NA,NA,0.000810796716206639,NA,0.00185186903389751,NA,NA,NA,NA,0.000875415841228311,NA,NA,NA,NA,NA,NA,NA,NA,NA,NA,NA,NA,NA,NA,NA,NA,NA,NA,NA,NA
"O00231",NA,NA,0.00182014409818332,NA,0.00583324479526025,NA,NA,NA,0.0062571058866837,NA,NA,NA,NA,0.007109005,NA,NA,NA,NA,NA,NA,NA,NA,NA,NA,NA,NA,NA,NA,NA,NA,NA,NA,NA
"O00232",NA,NA,0.0011229542829691,NA,NA,NA,NA,NA,NA,NA,NA,NA,NA,0.001096491,NA,NA,NA,NA,NA,0.00242593586137627,NA,NA,NA,NA,NA,NA,NA,NA,NA,NA,NA,NA,NA
"O00264",NA,0.00978708778648695,0.0168443173169401,NA,NA,0.0104976856888904,NA,0.0149855211699353,NA,NA,0.00807775319653418,0.024966260026846,0.0238021093722851,NA,NA,NA,NA,NA,NA,0.0072778086903558,NA,0.0296966153013741,NA,NA,NA,NA,NA,0.0194837384791525,NA,NA,NA,NA,NA
"O00273",NA,NA,NA,NA,0.00285252723939262,NA,NA,0.00275262749100693,NA,NA,NA,NA,NA,0.004531722,NA,NA,NA,NA,NA,NA,NA,NA,NA,0.00286252829276979,NA,NA,NA,NA,NA,NA,NA,NA,NA
"O00291",NA,NA,NA,NA,NA,NA,NA,NA,NA,NA,NA,NA,NA,0.001187865,NA,NA,NA,NA,NA,NA,NA,NA,NA,NA,NA,NA,NA,NA,NA,NA,NA,NA,NA
"O00292",NA,NA,0.00685039790520111,NA,NA,NA,NA,NA,NA,NA,NA,NA,NA,NA,NA,NA,NA,NA,NA,NA,NA,NA,NA,NA,NA,NA,NA,NA,NA,NA,NA,NA,NA
"O00299",NA,NA,0.0123944354212168,0.00633045091467253,0.0159976280390709,NA,NA,0.00813724748999719,0.00913035474269376,NA,0.00679290990205059,0.0202453130369189,NA,0.010027663,NA,0.00689874136659393,NA,NA,0.00907729143763323,0.0130054349601503,NA,0.00936490768775183,0.00846290587536547,0.00982880578623192,NA,NA,NA,0.00614424912663257,NA,NA,NA,0.00748637845710373,0.00770091989401103
"O00339",NA,NA,NA,NA,NA,NA,NA,0.00769590201337166,0.00435187261446258,NA,NA,NA,NA,NA,NA,NA,NA,NA,NA,NA,NA,NA,NA,NA,NA,NA,NA,NA,NA,NA,NA,NA,NA
"O00391",NA,NA,NA,NA,NA,NA,NA,NA,0.00352730475693067,NA,NA,NA,NA,NA,NA,NA,NA,NA,NA,NA,NA,NA,NA,NA,NA,NA,NA,NA,NA,NA,NA,NA,NA
"O00410",NA,NA,NA,NA,0.00323351594513207,NA,NA,0.00156013670268666,NA,NA,NA,0.00185659100072757,NA,NA,NA,NA,NA,NA,NA,NA,NA,NA,NA,NA,NA,NA,NA,NA,NA,NA,NA,0.00095058904332885,NA
"O00422-2",NA,NA,NA,NA,NA,NA,0.0183762418409637,NA,NA,NA,NA,NA,NA,NA,NA,NA,NA,NA,NA,NA,NA,NA,NA,NA,NA,NA,NA,NA,NA,NA,NA,NA,NA
"O00425",NA,NA,NA,NA,0.00245775246616414,NA,NA,NA,NA,NA,NA,NA,NA,NA,NA,NA,NA,NA,NA,NA,NA,NA,NA,NA,NA,NA,NA,NA,NA,NA,NA,NA,NA
"O00442",NA,NA,NA,NA,NA,NA,NA,NA,NA,NA,NA,NA,NA,NA,NA,NA,NA,NA,NA,0.00302247761171168,NA,NA,NA,NA,NA,NA,NA,NA,NA,NA,NA,NA,NA
"O00487",NA,NA,NA,NA,NA,NA,NA,NA,NA,NA,NA,NA,NA,NA,NA,NA,NA,NA,NA,0.0046676240876185,NA,NA,NA,NA,NA,NA,NA,NA,NA,NA,NA,NA,NA
"O00505",NA,NA,NA,NA,NA,NA,NA,NA,NA,NA,NA,0.00356660888504914,NA,NA,NA,NA,NA,NA,NA,NA,NA,NA,NA,NA,NA,NA,NA,NA,NA,NA,NA,NA,NA
"O00625",NA,NA,NA,NA,NA,NA,NA,0.00575995211923407,NA,NA,NA,NA,NA,NA,NA,NA,NA,NA,NA,NA,NA,NA,NA,NA,NA,NA,NA,NA,NA,NA,NA,NA,NA
"O00754",NA,NA,NA,NA,0.00258883860271921,NA,NA,0.00196285070358883,NA,NA,NA,NA,NA,0.0024481,NA,NA,NA,NA,NA,NA,NA,NA,NA,NA,NA,NA,NA,NA,NA,NA,NA,NA,NA
"O00764",NA,NA,NA,NA,NA,NA,NA,NA,NA,NA,NA,0.0110637656734694,NA,NA,NA,NA,NA,NA,NA,NA,NA,NA,NA,NA,NA,NA,NA,NA,NA,NA,NA,NA,NA
"O14684",NA,NA,NA,NA,NA,NA,NA,NA,NA,NA,NA,NA,NA,0.013043478,NA,NA,NA,NA,NA,NA,NA,NA,NA,NA,NA,NA,NA,NA,NA,NA,NA,NA,NA
"O14745",NA,NA,NA,NA,NA,NA,NA,0.00763508112821983,NA,NA,NA,0.00151431419311602,NA,NA,NA,NA,NA,NA,NA,NA,NA,NA,NA,NA,NA,NA,NA,NA,NA,NA,NA,NA,NA
"O14791",NA,NA,NA,NA,NA,NA,NA,NA,0.00297353411219189,NA,NA,NA,NA,NA,NA,NA,NA,NA,NA,NA,NA,NA,NA,NA,NA,NA,NA,NA,NA,NA,NA,NA,NA
"O14818",NA,NA,NA,NA,NA,NA,NA,NA,NA,NA,NA,NA,NA,NA,NA,NA,NA,NA,NA,NA,NA,NA,NA,NA,NA,NA,NA,NA,NA,NA,NA,0.00167886216175469,NA
"O14828",NA,NA,NA,NA,0.00894963534583389,NA,0.00499322804457698,0.00431810244407716,NA,NA,NA,0.0154158619971183,0.0122475305368922,0.021327014,NA,0.00497659204800291,NA,NA,0.00995318514606685,0.0052427813641478,NA,NA,NA,0.00449050605562601,NA,NA,0.00424072146517547,NA,NA,NA,NA,0.00591977968782002,0.00439791834881289
"O14841",NA,NA,NA,NA,NA,0.000941941445524544,NA,NA,NA,NA,NA,NA,0.00122041558037664,NA,NA,NA,NA,NA,NA,NA,NA,NA,NA,NA,NA,NA,NA,NA,NA,NA,NA,NA,NA
"O14929",NA,NA,NA,NA,0.0026747491906762,NA,NA,0.0038716136966861,NA,NA,NA,NA,NA,NA,NA,NA,NA,NA,NA,0.00313378727695633,NA,NA,NA,NA,NA,NA,NA,NA,NA,NA,NA,NA,NA
"O14950",NA,NA,NA,NA,NA,NA,NA,NA,NA,NA,NA,0.0289223116351238,NA,NA,NA,NA,NA,NA,NA,NA,NA,NA,NA,NA,NA,NA,NA,NA,NA,NA,NA,0.0360682063338809,0.0246377210970696
"O14980",NA,NA,NA,NA,0.00104214871236408,NA,NA,NA,NA,NA,NA,NA,NA,NA,NA,NA,NA,NA,NA,0.00122100135103783,NA,NA,NA,NA,NA,NA,NA,NA,NA,NA,NA,NA,NA
"O14983",NA,NA,NA,NA,NA,NA,NA,NA,NA,NA,NA,NA,NA,NA,NA,NA,NA,NA,0.000711423699156655,NA,0,NA,NA,NA,NA,NA,NA,NA,NA,NA,NA,NA,NA
"O14992",NA,NA,NA,NA,0.00398390913210421,NA,NA,NA,NA,NA,NA,NA,NA,NA,NA,NA,NA,NA,NA,NA,NA,NA,NA,NA,NA,NA,NA,NA,NA,NA,NA,NA,NA
"O15020",NA,NA,NA,NA,NA,NA,NA,NA,NA,NA,NA,NA,NA,NA,0.0030565405339784,NA,NA,NA,NA,NA,NA,NA,NA,NA,NA,NA,NA,0.00035860750885921,NA,0.000224332224596826,NA,NA,NA
"O15031",NA,NA,NA,NA,NA,NA,NA,NA,NA,NA,NA,NA,0.000648895765610725,NA,NA,NA,NA,NA,NA,NA,NA,NA,NA,NA,NA,NA,NA,NA,NA,NA,NA,NA,NA
"O15067",NA,NA,NA,NA,0.00247088421238957,0.000391473934148864,NA,0.00216081697203744,NA,NA,NA,0.00168471801822635,NA,0.001962709,NA,NA,NA,NA,NA,0.0021712016553469,NA,NA,0.00250191441896277,NA,NA,NA,NA,NA,NA,NA,NA,NA,NA
"O15075",NA,NA,NA,NA,NA,NA,NA,NA,NA,NA,NA,NA,NA,NA,NA,NA,NA,NA,0.00156725494152559,NA,NA,NA,NA,NA,NA,NA,0.00133551064821498,NA,NA,NA,NA,NA,NA
"O15078-2",NA,NA,NA,0.00067536061511922,NA,NA,NA,NA,NA,NA,NA,NA,NA,NA,NA,NA,NA,NA,NA,NA,NA,NA,NA,NA,NA,NA,NA,NA,NA,NA,NA,NA,NA
"O15144",NA,NA,NA,NA,NA,NA,NA,0.00513789333699713,NA,NA,NA,0.00815224810564876,NA,NA,NA,NA,NA,NA,NA,NA,NA,NA,NA,0.00356201786168111,NA,NA,NA,NA,NA,NA,NA,NA,0.00348857423164141
"O15173",NA,NA,0.0126436360254774,NA,NA,NA,NA,NA,NA,NA,NA,NA,0.0127616246486465,0.00617284,NA,0.00324092936833285,NA,NA,NA,NA,NA,NA,NA,0.00584874661775625,NA,NA,NA,NA,NA,NA,NA,NA,NA
"O15230",NA,NA,NA,0.000762758357470746,NA,NA,NA,NA,NA,NA,NA,NA,NA,NA,NA,NA,NA,NA,NA,NA,NA,NA,NA,NA,NA,NA,NA,NA,NA,NA,NA,NA,NA
"O15232",NA,NA,0.0245022862558227,NA,NA,0.0103552389834229,NA,NA,NA,NA,NA,NA,NA,NA,NA,NA,NA,NA,NA,NA,NA,NA,NA,NA,NA,NA,NA,NA,NA,NA,NA,0.00383810715412596,NA
"O15269",NA,NA,NA,NA,NA,NA,NA,NA,NA,NA,NA,NA,0.00283203174585518,NA,NA,NA,NA,NA,NA,NA,NA,NA,NA,NA,NA,NA,NA,NA,NA,NA,NA,NA,NA
"O15335",0.0101877285353136,0.0120390890772892,0.011187501083548,0.0131412288529834,NA,0.00860154103930374,NA,NA,NA,0.0390360601989375,NA,NA,NA,NA,NA,0.0313209495269131,NA,0.0115365594692608,NA,NA,NA,NA,NA,0.0336850886914473,0.00650725208168173,NA,NA,NA,0.0189646691108585,NA,NA,NA,NA
"O15400",NA,NA,NA,NA,NA,NA,NA,NA,NA,NA,NA,NA,0.00459418441868844,0.004444444,NA,NA,NA,NA,NA,NA,NA,0.00376157096305854,NA,NA,NA,NA,NA,0.00219372442109124,NA,NA,NA,NA,NA
"O15405",NA,NA,NA,NA,NA,NA,NA,NA,NA,NA,NA,0.00153142472653715,NA,NA,NA,NA,NA,NA,NA,NA,NA,NA,NA,NA,NA,NA,NA,NA,NA,NA,NA,NA,NA
"O15427",NA,NA,NA,NA,NA,NA,0.00359580593696498,NA,NA,NA,NA,NA,NA,NA,NA,NA,NA,NA,NA,NA,NA,NA,NA,NA,NA,NA,NA,NA,NA,NA,NA,NA,NA
"O15460",NA,0.0029812371534649,0.00468625316686331,NA,0.00189215735474089,0.00239826880766512,NA,0.00182589118871297,0.00176386009768754,NA,NA,NA,0.00207152623107119,0.003006012,NA,NA,NA,NA,NA,0.00332533158526947,NA,NA,0.00204364764081834,0.00284818698005046,NA,NA,0.00179317097204827,0.00197830877817887,NA,NA,NA,NA,0.00185964100337427
"O15479",NA,NA,NA,NA,NA,NA,NA,NA,NA,NA,NA,0.00695031363830192,NA,NA,NA,NA,NA,NA,NA,NA,NA,NA,NA,NA,NA,NA,NA,NA,NA,NA,NA,NA,NA
"O15511",NA,NA,0.0135646955017571,0.00673571244265154,0.0156322269087151,0.0105672064850024,NA,NA,NA,NA,NA,0.0143609137450453,0.0136912793216911,0.016556291,NA,NA,NA,NA,NA,0.007326007,NA,NA,0.00675351158444944,0.00627481417058976,NA,NA,NA,NA,NA,NA,NA,0.00551467351884586,NA
"O15523-2",NA,NA,NA,NA,NA,NA,NA,NA,NA,NA,NA,0.00087439477210206,NA,NA,NA,NA,NA,NA,NA,NA,NA,NA,NA,NA,NA,NA,NA,NA,NA,NA,NA,NA,NA
"O43143",NA,NA,0.00201403017293346,NA,0.00278521146090957,NA,NA,NA,NA,NA,NA,NA,NA,0.001966568,0.00238655612250097,0.000387191104206203,NA,NA,NA,0.00299127205475154,NA,NA,NA,0.0036101772329085,NA,NA,0.0019796286909428,NA,NA,NA,NA,0.00184229093435107,NA
"O43169",NA,NA,NA,NA,NA,NA,NA,NA,NA,NA,NA,NA,NA,NA,NA,NA,NA,NA,NA,NA,NA,NA,NA,NA,NA,NA,NA,NA,NA,NA,NA,NA,0.00799966297608521
"O43172",NA,NA,NA,NA,NA,0.00166213326822361,NA,NA,NA,NA,NA,NA,NA,NA,NA,NA,NA,NA,NA,NA,NA,NA,NA,NA,NA,NA,NA,NA,NA,NA,NA,NA,NA
"O43242",NA,NA,0.00191785472438045,NA,0.00265220956989007,NA,NA,NA,NA,NA,NA,NA,NA,0.003745318,NA,NA,NA,NA,NA,0.00207158591553831,NA,NA,NA,0.000887169750164221,NA,NA,NA,NA,NA,NA,NA,NA,NA
"O43251-6",NA,NA,NA,NA,NA,NA,0.0042142849079086,NA,NA,NA,NA,NA,NA,NA,NA,NA,NA,NA,NA,NA,NA,NA,NA,NA,NA,NA,NA,NA,NA,NA,NA,NA,NA
"O43264",NA,NA,NA,NA,NA,NA,NA,NA,NA,NA,NA,NA,NA,NA,NA,NA,NA,0.00152054218142724,NA,NA,NA,NA,NA,NA,NA,NA,NA,NA,NA,NA,NA,NA,NA
"O43324",NA,0.00569975953417488,0.0117716612684285,NA,0.0244186171248649,NA,NA,0.0314179213958292,0.00505842602813093,NA,NA,0.0124626322861353,0.0118815127464904,0.022988506,NA,NA,0.0116458250324896,NA,0.0181045002143769,0.00635762585522725,NA,0.0129709357951481,0.014652014,NA,NA,NA,NA,NA,NA,NA,NA,0.00957144430705343,NA
"O43390",NA,NA,NA,NA,NA,NA,NA,NA,NA,NA,NA,NA,0.0053708506679089,0.006543106,NA,NA,NA,NA,NA,NA,NA,NA,NA,NA,NA,NA,NA,NA,NA,NA,NA,NA,NA
"O43432",NA,NA,NA,NA,NA,NA,NA,0.000361842992930496,NA,NA,NA,NA,NA,NA,NA,NA,NA,NA,NA,NA,NA,NA,NA,NA,NA,NA,NA,NA,NA,NA,NA,NA,NA
"O43516",NA,NA,NA,NA,NA,NA,NA,NA,NA,NA,NA,NA,NA,0.004065041,NA,NA,NA,NA,NA,NA,NA,NA,NA,NA,NA,NA,NA,NA,NA,NA,NA,NA,NA
"O43639",NA,NA,NA,NA,NA,NA,NA,NA,NA,NA,NA,NA,0.00297893792831921,NA,NA,NA,NA,NA,NA,NA,NA,NA,NA,NA,NA,NA,NA,NA,NA,NA,NA,NA,NA
"O43707",NA,NA,0.0018841791331238,0.00297382695448862,0.00162270257094361,NA,NA,0.00199072276665141,NA,NA,NA,0.00338753106796308,0.0035866049045607,0.004035212,NA,NA,NA,NA,NA,0.00362117982334466,NA,NA,NA,0.00203391195456572,NA,NA,NA,NA,NA,NA,NA,0.00432947766768562,NA
"O43776",NA,NA,0.00435633437634629,NA,0.00456393330204177,NA,NA,0.00387560622325732,0.00204214928513921,NA,NA,0.00251565934327696,NA,NA,NA,NA,NA,NA,NA,0.00384997743153336,NA,NA,NA,NA,NA,NA,0.00207608461890012,NA,NA,NA,NA,NA,0.00215304181473075
"O43818",NA,NA,0.00256675352461611,NA,NA,NA,NA,NA,NA,NA,NA,NA,NA,NA,NA,NA,NA,NA,NA,NA,NA,NA,NA,NA,NA,NA,NA,NA,NA,NA,NA,NA,NA
"O43823",NA,NA,NA,NA,NA,NA,NA,NA,0.00375337368398628,NA,NA,NA,NA,NA,NA,NA,NA,NA,NA,NA,NA,NA,NA,NA,NA,NA,NA,NA,NA,NA,NA,NA,NA
"O43827",NA,NA,NA,0.0122488562943197,NA,NA,NA,NA,NA,NA,NA,NA,NA,NA,NA,NA,NA,NA,NA,NA,NA,NA,NA,NA,NA,NA,NA,NA,NA,NA,NA,NA,NA
"O43852",NA,NA,0.0113792723205162,NA,0.00299741738298075,NA,0.00334467037787534,NA,NA,NA,NA,NA,0.00109385348224447,0.00952381,NA,NA,NA,NA,NA,NA,NA,0.000895612456481958,NA,NA,NA,NA,NA,NA,NA,NA,NA,NA,NA
"O43865",NA,NA,NA,NA,0.00400563958503622,NA,NA,NA,NA,NA,NA,NA,NA,0.003607504,NA,NA,NA,NA,NA,NA,NA,NA,NA,NA,NA,NA,NA,NA,NA,NA,NA,NA,NA
"O60216",NA,NA,NA,NA,NA,NA,NA,NA,NA,NA,NA,0.00250983584191425,0.00239280481543839,0.00462963,NA,NA,NA,NA,NA,NA,NA,0.00261220252787596,NA,NA,NA,NA,NA,NA,NA,NA,NA,NA,0.00214805773690815
"O60244",NA,NA,NA,NA,NA,NA,NA,0,NA,NA,NA,NA,NA,NA,NA,NA,NA,NA,NA,NA,NA,NA,NA,NA,NA,NA,NA,NA,NA,NA,NA,NA,NA
"O60245",NA,NA,NA,NA,0.00115004468361552,NA,NA,NA,NA,NA,NA,NA,NA,NA,NA,NA,NA,NA,NA,NA,NA,NA,NA,NA,NA,NA,NA,NA,NA,NA,NA,NA,NA
"O60264",NA,NA,NA,NA,0.00156495045779831,NA,NA,NA,NA,NA,NA,NA,NA,NA,NA,NA,NA,NA,NA,NA,NA,NA,NA,NA,NA,NA,NA,NA,NA,NA,NA,NA,NA
"O60346",NA,NA,0.00146829346694003,NA,NA,NA,NA,NA,NA,NA,NA,NA,NA,NA,NA,NA,NA,NA,NA,NA,NA,NA,NA,NA,NA,NA,NA,NA,NA,NA,NA,NA,NA
"O60382",NA,NA,NA,NA,0.00125851283190267,NA,NA,NA,NA,NA,NA,NA,NA,NA,NA,NA,NA,NA,NA,NA,NA,NA,NA,NA,NA,NA,NA,NA,NA,NA,NA,NA,NA
"O60493",NA,NA,NA,NA,NA,NA,0.0285852659053878,NA,NA,NA,NA,NA,0.00801311317551505,NA,NA,NA,NA,NA,NA,NA,NA,NA,NA,NA,NA,NA,NA,NA,NA,NA,NA,NA,NA
"O60493-2",NA,NA,NA,NA,NA,NA,NA,NA,NA,NA,NA,NA,NA,0.025773196,NA,0.0270634287725581,NA,NA,NA,NA,NA,NA,NA,NA,NA,NA,NA,NA,NA,NA,NA,NA,NA
"O60506",NA,NA,NA,NA,NA,NA,NA,0.00418919449408261,NA,NA,NA,NA,NA,NA,NA,NA,NA,NA,NA,NA,NA,NA,NA,NA,NA,NA,NA,NA,NA,NA,NA,NA,NA
"O60568",NA,NA,0.00381212465492082,NA,NA,NA,NA,0.010337001162861,NA,NA,NA,0.00625946921039842,NA,0.005990629,NA,NA,NA,NA,NA,NA,NA,NA,NA,NA,NA,NA,NA,NA,NA,NA,NA,NA,NA
"O60664",NA,NA,NA,NA,NA,NA,NA,NA,NA,NA,NA,0.00557946835671358,0.0115913193358455,NA,NA,NA,NA,NA,NA,NA,NA,NA,NA,NA,NA,NA,NA,NA,NA,NA,NA,NA,NA
"O60664-2",NA,NA,NA,NA,NA,NA,NA,NA,NA,NA,NA,NA,NA,NA,NA,NA,NA,NA,NA,0.00440727909833195,NA,NA,NA,NA,NA,NA,NA,NA,NA,NA,NA,NA,0.00770219862408729
"O60664-4",NA,NA,NA,NA,NA,NA,NA,NA,NA,NA,NA,NA,NA,NA,NA,NA,NA,NA,NA,NA,NA,NA,NA,NA,NA,NA,NA,NA,NA,NA,NA,NA,0.0118743812121244
"O60684",NA,NA,NA,NA,NA,NA,NA,NA,NA,NA,NA,NA,NA,0.002590674,NA,NA,NA,NA,NA,NA,NA,NA,NA,NA,NA,NA,NA,NA,NA,NA,NA,NA,NA
"O60687",NA,NA,NA,NA,NA,NA,NA,NA,NA,NA,NA,NA,NA,NA,NA,NA,NA,NA,NA,NA,NA,NA,NA,0.00575735959654248,NA,NA,NA,NA,NA,NA,NA,NA,NA
"O60701",NA,NA,0.00552839181296758,0.00514722956455793,0.00573392581442525,0.00242254260579806,NA,0.00553311520052021,NA,NA,NA,NA,0.00313873941346298,0.006072874,NA,NA,NA,NA,NA,NA,NA,NA,NA,0.0035163513547352,NA,NA,NA,NA,NA,NA,NA,NA,0.00281769471447358
"O60732",NA,NA,NA,NA,NA,NA,NA,NA,NA,NA,NA,0.00275656537516607,NA,NA,NA,NA,NA,NA,NA,NA,NA,NA,NA,NA,NA,NA,NA,NA,NA,NA,NA,NA,NA
"O60749",NA,NA,0.00116549785502653,NA,NA,NA,NA,NA,NA,NA,NA,NA,0.00455370712311063,0.004221733,NA,NA,NA,NA,NA,NA,NA,NA,NA,NA,NA,NA,NA,NA,NA,NA,NA,NA,NA
"O60763",NA,NA,0.00209577351784349,NA,0.00322028128257513,NA,NA,0.00248600197453742,0.00120077201360015,NA,NA,NA,NA,0.004206457,0.0014716550794,NA,NA,NA,0.00214882914360839,0.00495513248046974,NA,NA,0.00278248348080056,NA,NA,NA,0.00305181538061609,NA,NA,NA,NA,NA,NA
"O60784",NA,NA,NA,NA,NA,NA,NA,NA,NA,NA,NA,NA,0.0028165987303034,0.002724796,NA,NA,NA,NA,NA,NA,NA,NA,NA,NA,NA,NA,NA,NA,NA,NA,NA,NA,NA
"O60814",0.0229919070039075,0.0251907979978822,0.0203595207955489,0.029904950665539,0.0569565604608982,0.0355413338119428,0.0365923819447047,0.0336842095855491,0.0241445597727589,0.0314244136498464,0.0325253939876418,0.0543832331606111,0.027513883992396,0.023129015,0.0225498647607189,0.0414527122522129,0.0388239065432573,0.0406291040411961,0.0456911796491544,0.0456793478371554,0.0521392329293976,0.0705689670086555,0.0541683573208009,0.0777530367050137,0.0296469429449578,0.018768552911857,0.0150970640156364,0.0293977504978145,0.0235910526036619,0.00959213528085363,NA,0.0758727727953045,0.0232591192323875
"O60831",NA,NA,NA,NA,NA,NA,NA,NA,NA,NA,NA,NA,NA,NA,NA,NA,NA,NA,NA,NA,NA,NA,NA,NA,NA,NA,0.0110468187816745,NA,NA,NA,NA,NA,NA
"O60869",NA,NA,NA,NA,0.01913891584419,NA,NA,0.0184686425332798,NA,NA,NA,NA,0.0104766038897788,0.003378378,NA,NA,NA,NA,NA,NA,NA,NA,NA,NA,NA,NA,NA,NA,NA,NA,NA,NA,NA
"O60888",NA,NA,NA,NA,0.0101890633354548,NA,NA,NA,NA,NA,NA,NA,NA,0.013189448,NA,NA,NA,NA,NA,NA,NA,NA,NA,NA,NA,NA,NA,NA,NA,NA,NA,NA,NA
"O60938",NA,NA,NA,NA,NA,NA,0.0242488615565603,NA,NA,NA,NA,NA,NA,NA,NA,0.00527808452125877,NA,NA,NA,0.00907223164778679,NA,NA,NA,NA,NA,NA,NA,0.00637224731596524,NA,NA,NA,NA,NA
"O75051",NA,NA,NA,NA,0.000659808875703685,NA,NA,NA,NA,NA,NA,NA,NA,NA,NA,NA,NA,NA,NA,NA,NA,NA,NA,NA,NA,NA,NA,NA,NA,NA,NA,NA,NA
"O75083",NA,NA,NA,NA,NA,NA,NA,NA,NA,NA,NA,NA,NA,NA,NA,NA,NA,NA,NA,NA,NA,NA,NA,0.00219327998165859,NA,NA,NA,NA,NA,NA,NA,NA,NA
"O75131",NA,NA,NA,NA,0.00361295901752588,NA,NA,0.00771856338281014,NA,NA,NA,0.00995738823872325,0.0063287240878757,0.008290816,NA,NA,NA,NA,0.00267872669215611,NA,NA,NA,NA,NA,NA,NA,NA,NA,NA,NA,NA,NA,0.000473449346751893
"O75157",NA,NA,NA,NA,NA,NA,NA,NA,NA,NA,NA,NA,NA,0.01183432,NA,NA,NA,NA,NA,NA,NA,NA,NA,NA,NA,NA,NA,NA,NA,NA,NA,NA,NA
"O75339",NA,NA,NA,0.0043803357089387,NA,NA,NA,NA,NA,NA,NA,NA,NA,NA,NA,NA,NA,NA,NA,0.00116200294735974,NA,NA,NA,NA,NA,NA,NA,NA,NA,NA,NA,NA,NA
"O75348",NA,NA,NA,NA,NA,NA,NA,NA,NA,NA,NA,NA,NA,0.008474576,NA,NA,NA,NA,NA,NA,NA,NA,NA,NA,NA,NA,NA,NA,NA,NA,NA,NA,0.014417470962625
"O75367",NA,NA,NA,NA,NA,NA,NA,NA,NA,NA,NA,NA,NA,NA,NA,NA,NA,NA,0.00820722976816764,NA,NA,NA,0.00434355788286209,NA,NA,NA,NA,NA,NA,NA,NA,NA,NA
"O75368",NA,NA,NA,0.022304660768356,0.022086234690018,0.0104976856888904,NA,0.0239768340541204,NA,NA,0.0143604504909699,NA,0.0181349406710156,0.016081871,NA,NA,NA,NA,NA,NA,NA,NA,0.0178908807249508,NA,NA,NA,NA,NA,NA,NA,NA,0.0109567850290538,NA
"O75369",NA,NA,0.00195281355618951,NA,0.00101434619587328,NA,NA,NA,NA,NA,NA,NA,NA,NA,NA,NA,NA,NA,NA,NA,NA,NA,NA,NA,NA,NA,NA,NA,NA,NA,NA,NA,NA
"O75396",NA,0.00845685337613404,0.0118291510596575,NA,0.0256174639775309,0.00958625862158083,NA,0.0183636532979241,NA,NA,NA,NA,0.013381898527612,0.020542636,NA,0.0154660150111247,NA,NA,NA,NA,NA,NA,NA,0.00587594925307416,NA,NA,NA,0.0095656592950071,NA,NA,NA,0.00387309620012084,0.0158256896263736
"O75436",NA,NA,NA,NA,NA,NA,NA,NA,NA,NA,NA,NA,NA,NA,NA,NA,NA,NA,NA,NA,NA,NA,NA,0.00434631598099421,NA,NA,NA,NA,NA,NA,NA,NA,NA
"O75445",NA,NA,NA,NA,NA,NA,NA,NA,NA,NA,NA,NA,0.000314287728092807,NA,NA,NA,NA,NA,NA,NA,NA,NA,NA,NA,NA,NA,NA,NA,NA,NA,NA,NA,NA
"O75475",NA,NA,NA,NA,NA,NA,NA,0.00257864098221782,NA,NA,NA,NA,NA,NA,0.00305299153348932,NA,NA,NA,NA,NA,NA,NA,NA,NA,NA,NA,NA,NA,NA,NA,NA,NA,NA
"O75489",NA,NA,NA,NA,NA,NA,NA,NA,NA,NA,NA,NA,NA,0.003787879,NA,NA,NA,NA,NA,NA,NA,NA,NA,NA,NA,NA,NA,NA,NA,NA,NA,NA,NA
"O75494",NA,NA,NA,NA,0.00720753094661388,NA,NA,0.00521633436622948,NA,NA,NA,NA,0.00197269394373554,0.001908397,0.00514658144114944,NA,NA,NA,0.00200393332201655,0.00211112025545257,NA,0.00215357143771355,NA,NA,NA,NA,0.00512285694998823,0.00376784777041831,NA,NA,NA,0.00238372764338401,NA
"O75531",NA,NA,0.0115071293704172,NA,0.0106088373353737,NA,NA,NA,NA,NA,NA,NA,NA,NA,NA,NA,NA,NA,NA,0.0248590331989136,NA,NA,NA,NA,NA,NA,NA,NA,NA,NA,NA,NA,NA
"O75533",NA,NA,0.00133235189914535,NA,NA,NA,NA,NA,NA,NA,NA,NA,NA,0.000867303,NA,NA,NA,NA,NA,NA,NA,NA,NA,NA,NA,NA,NA,NA,NA,NA,NA,NA,NA
"O75607",NA,0.00698421339267334,0.00721221541358415,NA,0.013298401756854,0.011236959070503,0.00741951618746474,0.0128326719397658,NA,NA,0.0144110153306705,0.0152711125875252,0.0072795187877823,0.021126761,0.00759664525538093,NA,NA,NA,0.0147895919462645,0.00779033139511427,NA,NA,NA,NA,NA,NA,NA,0.0139038885246076,NA,NA,NA,NA,0.00653493613527316
"O75718",NA,NA,NA,NA,NA,0.00497396571612845,NA,NA,NA,NA,NA,NA,NA,NA,NA,NA,NA,NA,NA,NA,NA,NA,NA,NA,NA,NA,NA,NA,NA,NA,NA,NA,NA
"O75781",NA,NA,NA,NA,NA,NA,NA,NA,NA,NA,0.00357964587936742,NA,NA,0.002915452,NA,NA,NA,NA,NA,NA,NA,NA,NA,NA,NA,NA,NA,NA,NA,NA,NA,NA,NA
"O75822",NA,NA,NA,NA,NA,NA,0.0040836094150554,NA,0.00511724489449682,NA,NA,NA,NA,NA,NA,NA,NA,NA,NA,NA,NA,NA,NA,NA,NA,NA,NA,NA,NA,NA,NA,NA,NA
"O75828",NA,NA,NA,NA,0.00764503771370709,NA,NA,NA,NA,NA,NA,NA,0.00476833250951493,NA,NA,NA,NA,NA,NA,NA,NA,NA,0.00441782031519752,NA,NA,NA,NA,NA,NA,NA,NA,NA,NA
"O75874",NA,NA,NA,NA,0.00369785838171185,NA,NA,NA,NA,NA,NA,0.00141546863330752,0.0071971563086708,NA,NA,NA,NA,NA,NA,NA,NA,NA,NA,NA,NA,NA,NA,NA,NA,NA,NA,0.0054354805955224,0.00242287427595903
"O75915",NA,0.0215599611844541,0.0454552458949951,NA,0.0102628968335377,0.00867200087437724,NA,NA,0.0047835122780401,NA,NA,0.0333917258687425,0.0262168160452929,0.020108696,NA,0.0304365513741867,NA,NA,NA,0.0280564816262809,NA,0.0245319865042451,NA,0.0205977577679745,NA,NA,NA,NA,NA,NA,NA,0.0196110571716345,NA
"O75923",NA,NA,NA,NA,NA,0.000459841076617503,NA,NA,NA,NA,NA,NA,NA,NA,NA,NA,NA,NA,NA,NA,NA,NA,NA,NA,NA,NA,NA,NA,NA,NA,NA,NA,NA
"O75934",NA,NA,NA,NA,0.00839276923885802,0.00354588451829679,NA,0.00404942053042115,NA,NA,NA,NA,NA,0.008888889,0.00479432642239349,NA,NA,NA,NA,0.00491656387671153,NA,NA,NA,NA,NA,NA,NA,NA,NA,NA,NA,NA,NA
"O76003",NA,NA,NA,NA,0.00281846759878362,NA,NA,0.00271976066969162,0.00262736210689011,NA,NA,0.00647312806499375,0.00308564694562838,NA,NA,NA,NA,0.00353582851110809,0.00313451093311221,0.00330217051092885,NA,0.00336857176962277,NA,0.00565669752840684,NA,NA,NA,NA,NA,NA,NA,0.00248571865565144,NA
"O76024",NA,NA,NA,NA,NA,NA,NA,NA,NA,NA,NA,0.00156007058503702,NA,NA,NA,NA,NA,NA,NA,NA,NA,NA,NA,NA,NA,NA,NA,NA,NA,NA,NA,NA,NA
"O76041",NA,NA,NA,NA,NA,NA,0,NA,NA,NA,NA,NA,NA,NA,NA,0.00109040647628091,NA,NA,NA,NA,NA,NA,NA,0.000983901601257068,NA,NA,NA,NA,NA,NA,NA,NA,NA
"O76094",NA,NA,NA,NA,NA,NA,NA,NA,NA,NA,NA,NA,NA,NA,NA,NA,NA,NA,NA,NA,NA,NA,NA,NA,NA,NA,NA,NA,NA,NA,NA,0.00147383341365337,NA
"O94760",NA,NA,NA,0.00416841227922523,NA,NA,0.00863582940115937,NA,NA,NA,0.0134187816465725,NA,NA,NA,NA,NA,NA,NA,NA,NA,NA,NA,NA,NA,NA,NA,NA,NA,NA,NA,NA,NA,NA
"O94855",NA,NA,NA,NA,NA,NA,NA,NA,NA,NA,NA,NA,NA,0.001652893,NA,NA,NA,NA,NA,NA,NA,NA,NA,NA,NA,NA,NA,NA,NA,NA,NA,NA,NA
"O94874",NA,NA,NA,NA,NA,NA,NA,NA,NA,NA,NA,NA,0.00218078433185998,0.000703235,NA,NA,NA,NA,NA,NA,NA,NA,NA,NA,NA,NA,NA,NA,NA,NA,NA,NA,NA
"O94903",NA,NA,NA,NA,0.00391778680539201,NA,NA,0.00378058008193553,NA,NA,NA,0.00449895893453709,NA,0.004149378,NA,NA,NA,NA,NA,NA,NA,NA,NA,NA,NA,NA,NA,NA,NA,NA,NA,NA,NA
"O94985",NA,NA,NA,NA,0.00326708177618715,NA,0.00182278779407808,0.00472899465550038,NA,NA,NA,NA,0.00178839396772927,NA,NA,NA,NA,NA,NA,NA,NA,NA,NA,NA,NA,NA,NA,NA,NA,NA,NA,NA,NA
"O95154",NA,NA,NA,0.00759024305736231,NA,NA,NA,NA,NA,NA,NA,NA,NA,NA,NA,NA,NA,NA,NA,NA,NA,NA,NA,NA,NA,NA,NA,NA,NA,NA,NA,NA,NA
"O95295",NA,NA,NA,NA,0.00694254783021117,0.00586635350920154,NA,0.00669940947492542,0.0129436202156386,NA,NA,NA,NA,0.014705882,NA,NA,0.00744990251739012,NA,NA,NA,NA,NA,NA,NA,NA,NA,NA,NA,NA,NA,NA,NA,0.00682324151350286
"O95302",NA,NA,0.00184249890646596,NA,NA,0.00838735638456032,NA,NA,NA,NA,NA,NA,0.00669489383094234,NA,NA,NA,NA,NA,NA,0.00573174585907881,NA,NA,NA,NA,NA,NA,NA,NA,NA,NA,NA,NA,NA
"O95340",NA,NA,0.00475113925758916,NA,NA,NA,NA,NA,NA,NA,NA,NA,NA,NA,NA,NA,NA,NA,NA,NA,NA,NA,NA,NA,NA,NA,NA,NA,NA,NA,NA,NA,NA
"O95361",NA,NA,NA,NA,0.00677182946416138,NA,NA,NA,0.0072144767405008,NA,NA,0.00222182135960491,NA,0.00204918,NA,NA,NA,NA,NA,NA,NA,NA,NA,NA,NA,NA,NA,NA,NA,NA,NA,NA,NA
"O95372",NA,NA,0.0106127926361441,NA,NA,NA,NA,NA,NA,NA,NA,NA,NA,NA,NA,NA,NA,NA,NA,NA,NA,NA,NA,NA,NA,NA,NA,NA,NA,NA,NA,NA,NA
"O95373",NA,NA,NA,NA,0.00189595676132783,NA,NA,NA,0.00235653584861252,NA,NA,0.00446500242445007,NA,NA,NA,NA,NA,NA,NA,NA,NA,NA,NA,NA,NA,NA,NA,NA,NA,NA,NA,NA,NA
"O95460",NA,NA,0.0216929941219927,NA,NA,NA,NA,NA,0.011054119034001,NA,NA,NA,NA,NA,NA,NA,NA,NA,NA,NA,NA,NA,NA,NA,NA,NA,NA,NA,NA,NA,NA,NA,NA
"O95479",NA,NA,NA,NA,NA,NA,NA,NA,NA,NA,NA,0.00258976667797066,0.00466368260586813,NA,NA,NA,NA,NA,NA,NA,NA,NA,NA,NA,NA,NA,NA,NA,NA,NA,NA,NA,NA
"O95486",NA,NA,0.00305407871831337,NA,0.00187711079823755,NA,NA,0.00362274225889456,NA,NA,NA,0.00215556507189825,0.00102752666088613,NA,NA,NA,NA,NA,0.00208759693468816,0.00219925889031376,NA,NA,NA,NA,NA,NA,NA,NA,NA,NA,NA,NA,0.00184485301898011
"O95487",NA,NA,NA,NA,NA,NA,NA,0.00330714952470626,NA,NA,NA,0.00196778398811353,NA,NA,NA,NA,NA,NA,NA,NA,NA,NA,NA,NA,NA,NA,NA,NA,NA,NA,NA,NA,NA
"O95674",NA,NA,NA,NA,NA,NA,NA,NA,NA,NA,NA,NA,NA,0.002808989,NA,NA,NA,NA,NA,NA,NA,NA,NA,NA,NA,NA,NA,NA,NA,NA,NA,NA,NA
"O95678",NA,NA,NA,NA,NA,NA,NA,NA,NA,NA,NA,NA,NA,0.003481013,NA,0.00344070662972742,NA,NA,NA,NA,NA,NA,NA,NA,0.003320754323821,NA,NA,NA,NA,NA,NA,NA,NA
"O95747",NA,NA,NA,NA,NA,NA,NA,NA,NA,NA,NA,0.00244751429381758,NA,NA,NA,NA,NA,NA,NA,NA,NA,NA,NA,NA,NA,NA,NA,NA,NA,NA,NA,NA,NA
"O95782",NA,NA,0.00118534046133386,NA,NA,NA,NA,NA,NA,NA,NA,NA,0.00239280481543839,NA,NA,NA,NA,NA,NA,NA,NA,NA,NA,NA,NA,NA,NA,0.00114256451472533,NA,NA,NA,NA,0.00214805773690815
"O95810",NA,NA,NA,NA,NA,NA,NA,NA,NA,NA,NA,NA,NA,0.002857143,NA,NA,NA,NA,NA,NA,NA,NA,NA,NA,NA,NA,NA,NA,NA,NA,NA,NA,NA
"O95816",NA,NA,NA,NA,0.00894963534583389,NA,NA,0.0107952570213126,NA,NA,NA,0.0154158619971183,0.0195960492725042,0.034755134,NA,NA,NA,NA,NA,NA,NA,NA,NA,NA,NA,NA,NA,NA,NA,NA,NA,NA,NA
"O95926",NA,NA,NA,NA,NA,NA,NA,0.00562419619349572,NA,NA,NA,NA,NA,NA,NA,NA,NA,NA,NA,NA,NA,NA,NA,NA,NA,NA,NA,NA,NA,NA,NA,NA,NA
"O96019",NA,NA,NA,NA,NA,NA,0.00642421482433802,0.00879637973325261,0.00805030016334444,NA,NA,NA,0.00472724843696935,NA,NA,NA,NA,NA,NA,NA,NA,NA,NA,NA,NA,NA,NA,NA,NA,NA,NA,NA,NA
"P00338",NA,0.00333925295023033,0.0169539662792263,0.00799062559256751,0.0164677470088264,0.0147745206878262,NA,NA,0.00963144832078086,NA,NA,0.012777345315746,0.0082370490221387,0.018518519,0.00726413195636681,NA,NA,0.0119646706193271,0.015320755868416,0.0170714043163186,NA,NA,0.00686720687682094,0.0107733398397766,0.00414046104309014,NA,0.00602553776131126,0.00332382485052685,NA,NA,0.00323272798111385,0.0127337269376888,0.0078111180309814
"P00367",NA,NA,0.00589712735002706,0.00195219312573319,NA,NA,NA,0.00043719714858382,NA,NA,NA,NA,0.00181871524336091,0.002879079,0.00331277836928974,0.00201547244268989,NA,NA,NA,0.000922614322036923,NA,NA,NA,NA,NA,NA,0.00171745185615818,0.00536852023346167,NA,NA,NA,0.00245073044237221,NA
"P00387",NA,NA,0.00600332293071484,NA,NA,NA,NA,NA,NA,NA,NA,NA,NA,NA,NA,0.00399262710828533,NA,NA,NA,NA,NA,NA,NA,NA,NA,NA,NA,NA,NA,NA,NA,NA,NA
"P00403",NA,NA,0.00412126580431459,NA,0.00886560085650718,0.0337108772115091,NA,0.0256653438795316,0.000652458399275251,NA,0.0172932185605137,0.0305422251750504,0.00109192771479819,0.014084507,0.00379832262769047,NA,NA,NA,NA,0.0233709930791158,NA,0.00794698224296308,NA,NA,NA,NA,NA,NA,NA,NA,NA,0.0234567786776234,0.0130698713425854
"P00450",NA,NA,NA,NA,NA,NA,NA,NA,NA,NA,NA,NA,NA,NA,NA,NA,NA,NA,NA,NA,NA,0.00127799724791273,NA,NA,NA,NA,NA,NA,NA,NA,NA,NA,NA
"P00488",NA,0.0030236526696303,0.00156118041955226,0.00856735264436956,NA,0.00304048848359899,NA,NA,NA,NA,NA,0.00413204690546545,0.00236362370163888,0.003175813,NA,NA,0.00231673766289251,NA,0.00400175738895278,0.00393475092391261,NA,0.00478797551194783,NA,NA,0.00274936681593642,0.00152315968484536,NA,0.00326049059423564,0.00562520917253989,NA,NA,0.00190407510438858,0.00282914853546863
"P00491",NA,NA,NA,NA,NA,NA,NA,NA,NA,NA,NA,NA,NA,NA,0.00373260786757069,NA,NA,NA,NA,NA,NA,NA,NA,0.00819633973067278,NA,0.00345741531155374,NA,NA,NA,NA,NA,NA,NA
"P00492",NA,NA,NA,NA,NA,NA,NA,NA,NA,NA,NA,NA,NA,NA,NA,NA,NA,NA,0.00883078856046631,NA,NA,NA,NA,NA,NA,NA,NA,NA,NA,NA,0.00440422166387565,NA,NA
"P00505",NA,NA,0.00365195206440452,0.00236533101811502,NA,NA,NA,NA,NA,NA,NA,NA,NA,0.003488372,NA,0.007326007,NA,0.00275465628323954,0.007326007,NA,NA,NA,0.00237158141293945,0.00275435162690839,0.00228784517532995,NA,NA,NA,NA,NA,NA,NA,NA
"P00558",0.00325746670283189,0.00178373768167691,0.00822140576176943,0.00415658349332584,NA,0.00309685555383369,NA,0.0136252358423782,0.0104588520737956,0.00765235988690919,0.00581520785908324,0.00788702345300667,0.0153056792186419,0.003670696,0.00776060152691141,0.00988366795560938,0.00971881776489526,0.00710133354542492,0.0149809771198966,0.00913539388982844,NA,0.00552508964616633,0.00923085236039242,0.00471842263922688,0.00738504276140713,NA,0.00587791760836995,0.00789109571458524,0.00300874482661679,NA,0.00575611715323262,0.00883874863583405,0.00262712031895122
"P00568",NA,NA,NA,NA,NA,NA,NA,NA,NA,NA,NA,NA,NA,NA,NA,NA,NA,NA,NA,NA,NA,NA,NA,0.007326007,NA,NA,NA,NA,NA,NA,NA,NA,NA
"P00734",NA,0.00258270406579455,0.00814921861605701,NA,NA,0.00784118435811965,NA,NA,NA,0.016592448738952,NA,NA,NA,NA,NA,0.0174626504089734,NA,NA,0.0038066444986594,0.00880244279874736,NA,NA,0.00295075332933453,0.0188465665638303,0.0107315581805248,NA,NA,NA,NA,NA,NA,NA,NA
"P00740",NA,NA,NA,NA,NA,NA,NA,NA,NA,NA,NA,NA,NA,NA,NA,0.00568619179114813,NA,NA,NA,NA,NA,NA,NA,0.0106460322644863,NA,NA,NA,NA,NA,NA,NA,NA,NA
"P00742",NA,NA,NA,NA,NA,NA,NA,NA,NA,0.00879799849466234,NA,NA,NA,NA,NA,0.0181958471236148,NA,0.00881763607001735,0.00521122083502748,NA,NA,NA,NA,0.0168104279916054,0.00610281390378781,NA,NA,NA,NA,NA,NA,NA,NA
"P00747",NA,0.00327312945347351,0.00608396737928589,0.00143860310862506,NA,0.0019748124989639,NA,NA,0.0031123275196056,NA,NA,NA,NA,NA,NA,NA,NA,NA,NA,0.00312935462543592,NA,0.00319228083876768,NA,NA,0.00166977170783335,0.00282657086907783,NA,0.00418886553875016,NA,NA,NA,NA,NA
"P00748",NA,NA,NA,NA,0.00415027007732927,NA,NA,NA,0.00386886205086793,NA,NA,NA,NA,NA,NA,NA,NA,NA,NA,NA,NA,NA,NA,NA,NA,NA,NA,NA,NA,NA,NA,NA,NA
"P00918",NA,0.00721803626454604,NA,NA,0.0116820752775311,NA,NA,NA,0.00896821492693678,NA,NA,NA,NA,0.020742358,0.0139149135665076,0.00458541911236588,0.00442439613098614,NA,0.0132904376628651,0.0152971711075522,NA,0.021764550321871,0.0127658071619744,0.0128953358414454,0.0107398868077601,0.0161441647319793,0.0221418767122317,0.023391290422398,NA,0.0201113286226555,0.0194193598878675,0.0236706650220464,0.0181675018806991
"P00966",NA,NA,NA,NA,NA,NA,NA,0.0022153666202222,NA,NA,NA,NA,NA,NA,NA,NA,NA,NA,NA,NA,NA,NA,NA,NA,NA,NA,NA,NA,NA,NA,NA,NA,NA
"P01008",NA,NA,0.00772515216333476,NA,0.00440891675794546,0.00687779420958751,NA,NA,0.0049003508198661,0.0022924089688619,NA,NA,NA,NA,NA,NA,NA,NA,NA,NA,NA,NA,NA,0.00229727155381747,NA,NA,NA,NA,0.00572607567870365,NA,NA,NA,NA
"P01009",NA,NA,NA,NA,NA,NA,NA,NA,NA,NA,NA,NA,NA,NA,NA,NA,NA,NA,NA,NA,NA,NA,NA,NA,0.00557378768680202,NA,NA,NA,NA,NA,NA,NA,NA
"P01011",NA,NA,NA,NA,NA,NA,NA,NA,NA,NA,NA,NA,NA,NA,NA,NA,NA,NA,NA,NA,NA,NA,NA,NA,NA,NA,NA,0.0140089053040473,NA,NA,0.00062345508669409,NA,NA
"P01011-2",NA,NA,NA,NA,NA,NA,NA,NA,NA,NA,NA,NA,NA,NA,NA,NA,NA,NA,NA,NA,NA,NA,NA,0.00266150830299579,NA,NA,NA,NA,NA,NA,NA,NA,NA
"P01019",NA,NA,NA,0.00254273127673796,0.00314728811050181,NA,NA,NA,NA,NA,NA,NA,NA,0.003333333,NA,NA,NA,NA,NA,NA,NA,NA,NA,NA,NA,NA,NA,NA,NA,NA,NA,NA,NA
"P01023",0.00362074643207208,0.00508440429428455,0.00362861920765615,0.00822853268465171,0.00257087167728609,0.00455810628847314,0.00181181590332034,0.00608778756897177,0.00466367148932028,0.000914598180484461,NA,0.00264147776538301,0.00488848158497576,0.002937805,0.000927535053352665,0.00135433511626283,0.00130677586968931,0.00517731786391704,0.0052002161954191,0.00941377701629788,NA,0.00610798687861966,0.00305298017379134,0.00704392486247302,0.0062595841284155,0.00587280730575676,0.00141053540526304,0.00512185750582923,0.00304602820188882,0.00244413481668668,0.0044131152583539,0.00308763633473659,0.0015958050252757
"P01024",0.00658234030776311,0.0041700418808126,0.00316230413361797,0.00449482676159012,0.0059283149367212,0.00398101778047291,0.00314852807612023,0.00341576046091097,0.00989375985128041,0.00205751164528929,0.00136937777914115,0.00289945638197837,0.00391463246136846,0.005131065,0.00475571027664639,0.00170806707576658,0.00203400080334266,0.00263420068035515,0.00416218676338117,0.00635366556262853,NA,0.00536109792511908,0.00263574017210577,0.00647520691743166,0.00380873455520135,0.00327601783333257,NA,0.00457813572408522,0.00327806403069949,0.00243391806288951,0.00294789484797166,0.00409132765478241,0.00264227948769262
"P01031",NA,NA,0.0015405154332261,NA,NA,NA,NA,NA,0.00021183311900494,NA,NA,NA,NA,NA,NA,NA,NA,NA,NA,NA,NA,NA,NA,NA,NA,NA,NA,NA,NA,NA,NA,NA,NA
"P01033",NA,NA,NA,NA,NA,NA,NA,NA,NA,NA,NA,NA,NA,NA,NA,0.00760913810606194,NA,NA,NA,NA,NA,NA,NA,NA,NA,NA,NA,NA,NA,NA,NA,NA,NA
"P01034",NA,NA,NA,NA,NA,NA,NA,NA,NA,NA,NA,NA,NA,0.023972603,NA,NA,NA,NA,NA,NA,NA,NA,NA,NA,NA,NA,NA,NA,NA,NA,NA,0.0171105952854785,0.0095338449039925
"P01042",NA,0.00234347412802834,0.00145198617299259,0.00256356031426449,0.00318298591473615,0.00328027850489225,NA,NA,0.00416650785329736,0.000201073427938827,NA,NA,NA,NA,NA,0.00603768502053307,NA,0.00288244158699467,NA,0.00679629020924657,NA,0.00319982467008848,NA,0.00851772024864022,NA,NA,NA,NA,0.00669665675289656,NA,NA,0.00157413151501339,NA
"P01266",NA,0.000376999041128551,0.00105545152854699,NA,NA,NA,NA,NA,NA,NA,NA,NA,NA,NA,NA,NA,NA,0.00285310501597565,NA,NA,NA,NA,NA,NA,NA,NA,NA,NA,NA,NA,NA,NA,NA
"P01597",NA,NA,NA,NA,NA,NA,NA,NA,NA,NA,NA,NA,NA,NA,NA,NA,NA,NA,NA,NA,NA,NA,NA,NA,0.00599861949127123,NA,NA,NA,NA,NA,NA,NA,NA
"P01599",NA,0.0463626812099722,NA,NA,NA,NA,NA,NA,NA,NA,NA,NA,NA,NA,NA,NA,NA,NA,NA,NA,NA,NA,NA,NA,NA,NA,NA,NA,NA,NA,NA,NA,NA
"P01602",NA,0.0241892253240753,0.0249788908093742,0.00413452275676886,0.0249480177899403,0.0291886865703836,NA,0.0388892560896858,0.0208029991286238,NA,NA,0.00661127439819532,NA,NA,NA,NA,NA,NA,NA,0.0134905730159476,NA,NA,0.0124363437195819,NA,0.0239944779650849,NA,NA,NA,NA,0.0113463763774234,NA,NA,NA
"P01619",NA,0.0156923773136258,0.0259274564905675,0.0289678250193122,0.0378471391154563,0.0227228384612585,0.0144477065212358,NA,NA,0.00673213910469762,0.0025903344032814,NA,0.019627055885665,0.006329114,0.00682736434085806,0.0121842529695273,0.00513005943705773,0.0449811044571813,0.0155072299066046,0.028005746738165,NA,NA,0.0204386322234859,0.00999469259183359,0.0186792456538988,NA,NA,0.0124959000006934,NA,0.017665877285923,0.0243068437105157,0.0210814090011738,0.00880975518268652
"P01624",NA,0.0345962175454734,NA,0.0433644094574537,0.0439156525329102,NA,NA,0.0317832457771734,NA,NA,NA,NA,NA,NA,NA,NA,NA,NA,NA,NA,NA,NA,NA,NA,NA,NA,NA,NA,NA,NA,NA,NA,NA
"P01699",NA,NA,NA,NA,NA,NA,NA,NA,0.112954661499329,NA,NA,NA,NA,NA,NA,NA,NA,NA,NA,NA,NA,NA,NA,NA,NA,NA,NA,NA,NA,NA,NA,NA,NA
"P01700",NA,NA,0.0156118062437916,NA,NA,NA,0.0385452889460281,NA,NA,NA,NA,NA,NA,NA,NA,NA,NA,NA,NA,NA,NA,NA,NA,NA,NA,NA,NA,NA,NA,NA,NA,NA,NA
"P01701",NA,NA,NA,NA,NA,NA,NA,NA,NA,NA,NA,0.0433699598786814,NA,NA,NA,NA,NA,NA,NA,NA,NA,NA,NA,NA,NA,NA,NA,NA,NA,NA,NA,NA,NA
"P01717",NA,NA,NA,NA,0.0345434096833881,NA,NA,NA,0.0500907590168271,NA,NA,NA,NA,NA,NA,NA,NA,NA,NA,NA,NA,NA,NA,NA,NA,NA,NA,NA,NA,NA,NA,NA,NA
"P01743",NA,NA,NA,0.0101419481413221,NA,0.0113650154227438,NA,NA,NA,NA,NA,NA,NA,NA,NA,NA,NA,NA,NA,NA,NA,NA,0.00435803468231052,NA,NA,NA,NA,NA,NA,NA,NA,NA,NA
"P01768",NA,0.0466211135706713,0.0350131457591474,NA,NA,NA,NA,NA,0.0399648113230979,NA,NA,0.0494244561531992,NA,NA,NA,NA,NA,NA,NA,NA,NA,0.030634530765294,NA,NA,NA,NA,NA,NA,NA,NA,NA,NA,NA
"P01780",NA,NA,0.00640084074429877,NA,NA,NA,NA,NA,NA,NA,NA,NA,NA,NA,NA,NA,NA,NA,NA,NA,NA,NA,NA,NA,NA,NA,NA,NA,NA,NA,NA,NA,NA
"P01782",NA,NA,0.0260373184728336,NA,NA,NA,NA,NA,0.0238807537200589,NA,NA,NA,NA,NA,NA,NA,NA,NA,NA,NA,NA,NA,NA,NA,NA,NA,NA,NA,NA,NA,NA,NA,NA
"P01834",0.0736309359194167,0.0386750404791679,0.0341483348230596,0.0194778647072135,0.0736212402305258,0.0211372787541591,0.0184621121102472,0.0399738402373375,NA,0.0154912601697108,0.0127499324340998,NA,0.0379986323382721,0.023948598,0.0162424624319408,0.032208916837085,0.0662832466740823,NA,NA,0.0964485632826148,NA,NA,0.0517378458705462,0.0407756777750769,NA,0.040465756239183,NA,NA,0.182092752302792,0.0355060283314078,0.0605683374877064,0.0246214772331683,0.0207432595656006
"P01859",NA,NA,NA,NA,NA,NA,NA,NA,NA,NA,NA,NA,NA,NA,NA,NA,NA,NA,NA,NA,NA,NA,NA,NA,0.0118397732299848,NA,NA,NA,NA,NA,NA,NA,NA
"P01860",NA,NA,NA,NA,NA,NA,NA,NA,NA,NA,NA,NA,NA,NA,NA,NA,NA,NA,NA,NA,NA,NA,NA,NA,NA,NA,NA,NA,0.00322048371983707,NA,NA,NA,NA
"P01871",NA,NA,NA,NA,NA,NA,NA,NA,0.00693414908813968,NA,NA,NA,NA,NA,NA,NA,NA,NA,NA,NA,NA,NA,NA,NA,NA,NA,NA,NA,NA,NA,NA,0.0016998274435628,NA
"P01880",NA,NA,NA,NA,NA,NA,NA,NA,NA,NA,NA,NA,NA,NA,NA,NA,NA,NA,0.00673116002648112,NA,NA,NA,NA,NA,NA,NA,NA,NA,NA,NA,NA,NA,NA
"P02008",NA,NA,NA,NA,NA,NA,NA,NA,NA,NA,NA,NA,NA,NA,0.0107619135724279,NA,NA,NA,NA,NA,NA,NA,NA,NA,NA,NA,NA,NA,NA,0.00948499194839076,NA,NA,NA
"P02042",NA,NA,0.0104503526118025,NA,0.0511396132692903,NA,0.0314800055300689,NA,NA,0.0129643293555982,0.0113686898355936,0.018439609094366,NA,NA,0.052646164510325,0.0345258166492468,0.00854660930880952,NA,0.0292350347899972,0.0387413610136714,NA,0.0359807125554246,NA,NA,0.0232850847300786,0.0328792571487479,0.0364850057182276,0.0637250516635948,0.0913748272952424,0.050375405838589,0.0596750799514022,0.049640962567148,0.0304115827026775
"P02452",0.00385074622152189,0.015331731374023,0.00572987082104224,0.00772748443529296,0.00643310160320941,0.00969070895445731,0.00762052493471726,0.00265030328080438,0.00467304349897302,0.0180347194757336,0.0139072716894194,0.00172890550184874,0.00332598644421394,0.002357182,0.00164530799694759,0.0174381797866992,0.00720393420560314,0.00851288492272795,0.00305758241189558,0.00574165322793751,0.0012109681056604,0.00815679441680758,0.00312225690082223,0.0210912975208645,0.00594755770671919,0.00792399947828159,NA,0.00304654979239906,0.00795701692322249,NA,NA,NA,0.002216235021888
"P02458",0.00564677756083506,0.00327750310728686,0.00822948515899051,0.000782981207860899,NA,0.00684177644075557,NA,0.00351368396291202,0.00507072547055086,0.00364385437150159,0.00598628472090631,NA,NA,NA,NA,0.00363762457493367,0.00155994895257416,0.00265198479943617,NA,NA,NA,0.00217180753556607,NA,0.00363313034473631,0.0014199965115317,NA,NA,NA,0.0043179441107427,NA,NA,NA,NA
"P02458-1",NA,NA,NA,NA,0.00153526240081195,NA,0.00740251365500379,NA,NA,NA,NA,NA,0.00168079907672098,NA,NA,NA,NA,NA,NA,NA,NA,NA,0.000829089445334768,NA,NA,0.00162470366383505,NA,NA,NA,NA,NA,0.0014668435985246,NA
"P02461",0.00219879055417341,NA,0.000920984714459798,NA,NA,0.00107620167793889,NA,NA,NA,0.00286963509055069,0.00368051116851985,NA,NA,NA,NA,NA,NA,NA,NA,NA,NA,NA,NA,0.00255619686768825,NA,NA,NA,NA,NA,NA,NA,NA,NA
"P02533",NA,NA,NA,NA,NA,NA,NA,NA,NA,NA,0.00649245207586143,NA,NA,NA,NA,0.00908360650467568,NA,NA,NA,NA,NA,NA,NA,NA,0.0103396296676348,NA,NA,NA,NA,NA,NA,NA,0.00345790790883306
"P02538",NA,0.00222168026630443,NA,NA,NA,NA,NA,NA,NA,NA,NA,NA,NA,0.001332449,NA,0.00408649626412048,NA,NA,NA,NA,NA,NA,NA,NA,NA,NA,NA,NA,NA,NA,NA,NA,NA
"P02545",0.0081025205590713,0.00804107857156004,0.0121025837107743,0.0105014771216502,0.0137135860660624,0.0117252880521307,0.00308061803554297,0.00835643920322061,0.00583953039874867,0.0050893682624008,0.00826902357982927,0.00977128123538985,0.0118636298818524,0.015115122,0.00676233349147082,0.0112024574559005,0.00660235456288598,0.00813306948914559,0.00976930790880875,0.0112141503686698,0,0.00782980290107524,0.0124666220129338,0.00761369737153767,0.00631606257036858,0.00769612054493455,0.00609585591074449,0.00593242285597693,0.0151025283886617,NA,0.00461939902828172,0.00834277487018577,0.00578197755136036
"P02549",NA,0.000961577047733227,NA,NA,NA,NA,NA,0.000386886940411821,NA,NA,NA,NA,NA,NA,0.00197111487163327,NA,NA,NA,0.000445885315613702,NA,NA,0.00232809631082487,NA,0,NA,0.00184261265029488,NA,0.00199823986339981,NA,0.00332834224355031,0.000951287208145524,0.00239410244761197,0.00187324676562246
"P02647",NA,0.0131243909400286,0.0177186568005935,0.0258691184292679,0.0253501978181046,0.0227069458052582,NA,0.0195023278894265,0.0314043272251963,0.0220059654156779,0.00817523789210414,NA,0.00883993414104981,0.016772366,0.00606024518833522,NA,NA,NA,NA,0.0241752942128795,NA,NA,0.00970764548508374,0.0315591122554012,0.0249540113763958,NA,NA,0.0234691134621359,NA,NA,NA,0.0228683476611336,NA
"P02649",NA,NA,0.00861522235320137,NA,NA,NA,NA,0.00574838909898866,0.00416482409536482,NA,NA,NA,NA,0.007886435,NA,0.00496874284179368,NA,NA,0.00331249522786245,0.00523451231745075,NA,0.00652638570636635,NA,NA,NA,NA,NA,0.00311412002128477,NA,NA,NA,0.00262686312485716,0.00292732122754919
"P02652",NA,NA,0.00512067259543901,0.0254273127673796,NA,NA,NA,NA,0.0159582510478442,NA,NA,NA,NA,NA,NA,0.0105006103133496,NA,NA,0.0052503051566748,0.0331868094864838,NA,NA,NA,0.0142124531441514,NA,0.00499596456564712,NA,NA,NA,NA,NA,NA,NA
"P02671",0.00738687256536138,0.0107723946334927,0.00622491901314794,0.00906072082818004,0.00447989786852853,0.00442180442419611,NA,0.0079973660142099,0.00908509219607539,NA,NA,0.00453135304181947,0.00652098659025808,0.008968734,0.0112285391771576,0.00923111277799142,0.012489424598164,0.0208178346544248,0.022783052389795,0.00633800691968582,NA,0.0211916231342522,0.00390248255900772,0.01311957803216,0.00759957623629988,0.00891956831871509,0.0124850292186712,0.0180314987999083,0.0174571730701905,0.015203185584209,0.0124085325438072,0.0174790777876455,0.0127021640647153
"P02675",NA,NA,NA,NA,0.0118653267755478,0.00730608134319243,0.0170026883894988,0.0110135348814664,NA,0.0123733966796424,NA,0.0102192658147117,0.006436907149403,NA,NA,NA,0.0106514511176918,NA,NA,NA,NA,0.0398429341397493,0.00803123598411979,NA,NA,NA,0.0170233389247827,NA,NA,NA,0.0111869685866159,0.0347047860185341,NA
"P02730",0.00500318207343657,0.0130988809347254,NA,0.00708655647003082,0.00759290539877389,0.00269369668796896,NA,0.00446650835587548,NA,0.0119165884767814,NA,NA,0.00571100342715621,0.003713935,0.0269963837415651,0.012579000312915,0.0158757470559186,0.0120704360234076,0.0101202939587156,0.00886203967122319,NA,0.021360180650591,0.00281707238497723,0.0136069903227512,0.0206473398172831,0.0195422929320325,0.00961844837584515,0.0223082328822699,0.0116888332165918,0.0387711543526879,0.0117595411370939,0.0246661241152203,0.0168966065780565
"P02741",NA,NA,NA,NA,NA,NA,NA,NA,NA,NA,NA,NA,NA,NA,NA,NA,NA,NA,NA,NA,NA,NA,NA,0.0296092773836488,NA,NA,NA,NA,NA,NA,NA,NA,NA
"P02743",NA,0.00845248468111186,0.00872841891746163,NA,0.0205646686589749,NA,NA,NA,0.00916839816617428,NA,NA,NA,NA,NA,NA,0.0139212639275616,NA,NA,0.00894938350340632,NA,NA,0.0160294228075798,NA,NA,NA,NA,NA,0.014022387167884,NA,NA,NA,NA,NA
"P02747",NA,NA,0.013067107456044,NA,0.00677645786651953,0.0195684127184528,NA,NA,0.0035094347426576,0.0101787365248016,NA,NA,0.00494589281630502,NA,NA,0.0231951278403218,NA,0.0113349512377312,NA,0.0173785261135763,NA,0.0112487180368735,0.00487933101409748,0.0245563381297618,0.00862959309042859,NA,NA,0.00708499536188452,0.0084749563184453,NA,NA,NA,NA
"P02748",0.00668047828923465,0.0044032984587335,0.00734522693251972,0.00486314748958068,0.00838416958796492,0.00653954152526125,0.0043179152273653,0.00280057243241058,0.0113499182477516,0.00890031048715664,NA,0.00666546516306373,0.00317733022187521,0.005122951,0.00221049873015394,0.00609666589860213,0.00622860718883219,0.00728177708801486,0.00663460691464987,NA,NA,0.00809354472321007,NA,0.00864008378523011,0.00729094481727175,NA,NA,0.00792303184821488,0.010888929550249,NA,0.00393491965448375,0.00170638424655589,0.00475389805723192
"P02749",NA,NA,NA,NA,0.00410515873341507,NA,NA,NA,NA,NA,NA,NA,NA,NA,NA,NA,NA,NA,NA,NA,NA,NA,NA,NA,NA,NA,NA,NA,NA,NA,NA,NA,NA
"P02750",NA,NA,0.00379309111488357,0.00753401818337108,NA,0.00221617822284754,NA,NA,0.022819123659686,NA,NA,0.0117125661780175,0.00957121822806198,0.007098765,NA,NA,NA,NA,NA,NA,NA,NA,NA,NA,NA,NA,NA,NA,NA,NA,NA,NA,NA
"P02751",NA,0.00299195409294496,0.00379706885335571,0.00367295600449028,0.00435840372290704,0.00455179629769472,0.00307966982143869,0.00343135245251601,0.00316698319986542,0.00219221795023136,0.00296535437233267,0.0047609579464132,0.00317464469110472,0.004954699,0.00278808507570678,0.00305788377941157,0.00329840722882288,0.00362969440404638,0.00486403390593205,0.00311284750639734,NA,0.00432520744562655,0.00355928165779796,0.00239503049152421,0.00453096898691237,0.00173193404969336,0.00263342570221997,0.00393648212568656,NA,0.00265284092526279,0.00291913444393452,0.00227227781409874,0.00314307584122764
"P02753",NA,NA,NA,NA,0.00939489105175886,NA,NA,NA,0.0218946815835857,NA,NA,NA,NA,NA,NA,NA,NA,NA,NA,NA,NA,NA,NA,NA,NA,NA,NA,NA,NA,NA,NA,NA,NA
"P02760",NA,0.00157421982885269,0.0048768312871168,0.00565051440034769,0.00474591109243282,0.00738725994500105,NA,0.00482073894362511,0.00609230708884924,NA,NA,NA,NA,NA,NA,NA,NA,NA,NA,0.00643835830043804,NA,NA,NA,NA,0.00312309059849473,NA,NA,NA,NA,NA,NA,NA,NA
"P02763",NA,NA,NA,0.0317841409592245,NA,0.00997280120498985,NA,NA,NA,NA,NA,NA,NA,NA,NA,NA,0.0126648345835192,NA,NA,0.0138278372860349,NA,NA,0.0403662984884176,0.00592185547672977,0.014346697897979,NA,NA,0.0298209440022448,NA,NA,NA,NA,NA
"P02765",NA,0.0145660533550403,NA,NA,NA,NA,0.0117784300855566,NA,NA,NA,0.0109766662175136,NA,NA,NA,NA,NA,NA,NA,NA,NA,NA,0.0277433904193871,NA,NA,NA,NA,NA,NA,NA,NA,NA,NA,NA
"P02768",NA,NA,NA,NA,NA,NA,NA,NA,NA,NA,NA,NA,NA,NA,NA,NA,NA,NA,NA,NA,NA,NA,NA,NA,NA,NA,NA,NA,NA,NA,NA,NA,0.00711081101876415
"P02768-3",NA,NA,NA,NA,NA,NA,NA,NA,NA,NA,NA,NA,NA,NA,NA,NA,NA,NA,NA,NA,NA,0.0217132364702899,NA,NA,NA,NA,NA,NA,NA,NA,NA,0.0115712350786045,NA
"P02787",0.00585311247942476,0.00475721432695825,0.00523235036820746,0.011271371400176,0.00668874954741404,0.00750205885423193,NA,0.00683957066446382,0.00480291994265722,0.0063705375255195,0.000998226256886668,NA,NA,NA,NA,0.000711423699156655,NA,NA,0.00156513171812023,0.00745980847226062,NA,0.00176635566021182,0.00469817420341714,0.00254848424311536,0.00573963125527457,0.00324940832686302,NA,0.00315427538302483,NA,NA,NA,0.00183282129202984,NA
"P02790",NA,0.00476806812907465,0.0075907406525116,0.00998348004269327,0.0204109003294681,0.00249320030124746,NA,0.00164264405918678,0.00969734372336088,NA,NA,NA,0.00248483541206201,0.001602564,NA,NA,NA,NA,NA,0.0095287980730701,NA,NA,0.00122569725439983,0.00341645486407559,0.0023648402155574,NA,NA,0.00237301929093605,0.00212892518680623,NA,NA,0.00450387080718701,NA
"P02792",NA,0.0211012392813011,0.0460013144205728,0.039673821137198,0.0401781496472787,0.0169749809781506,0.0224164093536171,0.0452328933623115,0.0249692534940568,0.0251460512658074,0.0116105766269659,0.0384485460917051,0.0623147417563761,0.03427896,0.0153010431277386,0.0817068764427719,0.0359286088409867,0.016801452333853,0.0335125865085859,0.0156911626973217,NA,0.0440183877880047,0.040381366760371,0.0994695722545832,0.032559882779915,0.0141729489594143,0.0576432408098227,0.0640544812088148,NA,NA,0.0530265703302691,0.135054429978863,0.0460689792019329
"P02794",NA,NA,NA,NA,NA,NA,NA,NA,NA,NA,NA,NA,NA,NA,NA,NA,NA,NA,NA,0.0120899126593007,NA,NA,NA,NA,NA,NA,NA,NA,NA,NA,NA,NA,NA
"P02818",NA,NA,NA,NA,NA,NA,NA,NA,NA,0.0459154325439802,NA,NA,NA,NA,NA,0.0432275128066429,NA,NA,NA,NA,NA,NA,NA,0.0584289743528993,NA,NA,NA,NA,NA,NA,NA,NA,NA
"P04003",NA,NA,NA,NA,NA,NA,0.00214576637513528,NA,NA,NA,NA,NA,NA,NA,NA,0.00213861730007866,NA,NA,0.00320792595011799,NA,NA,0.00536272856629463,NA,NA,NA,NA,NA,0.00619917066830006,NA,NA,NA,NA,0.00188994078163972
"P04004",NA,0.0151518621336138,0.046004118500886,0.0116983295455932,0.0149578161883626,0.0233473695791511,0.0114319789911336,0.0325013857773568,0.0337330559831853,0.027610911152227,0.00639488798136229,0.0138825279080975,0.0168244078571625,0.0078125,NA,0.0346748665122786,0.00747577018873026,0.0105391918627678,0.0328599830281606,0.0277036881418079,NA,0.0314233943410547,0.00995879082936126,0.0365210463293156,0.0255764055775113,NA,NA,0.0194521676006755,0.00691900729993673,NA,0.00468808795586059,0.0117462061227639,0.0254746202372288
"P04040",NA,0.00688437011594964,0.00316742685448245,0.00641861757896214,0.00356909022308196,0.00246749760015787,NA,0.00391374478321733,0.00181477595178145,0.00438630052793673,NA,0.00409853602171619,0.00319698483391149,0.003092784,0.0128008844704335,0.00180422851483314,NA,NA,0.00851252241229591,0.00729881704698772,NA,0.00644479835249017,0.00605183959360072,0.00358160356961063,0.00588235712809382,0.00769138237214049,0.014771801637759,0.0131304074313895,NA,0.0165785945485873,0.0116776572760254,0.0148351739698178,0.00949530576117912
"P04066",NA,NA,0.00291776231728471,0.00289769961424811,NA,NA,NA,NA,NA,NA,NA,0.00308902864510608,NA,NA,NA,NA,NA,NA,NA,NA,NA,NA,NA,NA,NA,NA,NA,NA,NA,NA,NA,NA,NA
"P04080",NA,NA,0.0104503526118025,0.0207569897443466,NA,NA,NA,NA,NA,NA,NA,NA,0.0105478738243567,NA,NA,NA,NA,0.0120867596510255,0.0107149088687465,0.0225760605816702,NA,NA,NA,NA,NA,NA,0.0273916017916245,NA,NA,NA,NA,NA,NA
"P04083",NA,NA,0.00629601033492494,0.0105498032552034,0.0230214967665286,NA,0.0106575124786086,0.0136690944118804,0.00612215792537937,0.00461132053791912,0.00495490900181558,0.00529281243839744,0.0178637837248316,0.015077071,0.00311769768708713,NA,0.00456440638390033,0.0103082897023057,0.00373697084910827,0.00669552509960276,NA,0.00570758604125971,0.0125683063343343,0.0110145753869673,0.00537063253728167,NA,0.0097409955531258,0.00563602422266836,NA,0.00134451307663192,0.00693728596840911,0.0152423869093752,0.00559860784401798
"P04114",NA,NA,NA,0.000432752521450587,NA,0.000193976568205727,NA,NA,NA,NA,NA,NA,NA,0.000243132,NA,NA,NA,NA,NA,NA,NA,NA,NA,NA,NA,NA,NA,NA,NA,NA,NA,NA,NA
"P04179-3",NA,NA,NA,NA,NA,NA,NA,NA,NA,NA,NA,NA,NA,NA,NA,0.0064818587366657,NA,NA,NA,NA,NA,NA,NA,NA,NA,NA,NA,NA,NA,NA,NA,NA,NA
"P04196",NA,0.00273211641082781,0.0120845988844846,0.00840572342221745,0.0117047914611979,0.00219786257506651,NA,0.00627492882414045,0.00484940063929055,0.00830235328191483,NA,NA,NA,0.002754821,NA,0.00530333848906238,0.00139557358429482,0.00326309209477126,0.00289273018040321,0.00304745732321216,NA,0.00725371937894576,NA,0.00261018429220163,0.0110663235450413,NA,NA,NA,NA,NA,NA,NA,NA
"P04217",NA,NA,NA,0.00789856753233198,0.00676836241123215,NA,NA,NA,NA,NA,NA,NA,NA,NA,NA,NA,NA,NA,NA,0.00991242763469101,NA,NA,NA,NA,NA,NA,NA,0.00530739823878414,NA,NA,NA,NA,NA
"P04275",NA,NA,NA,NA,NA,0.000364469981958041,NA,NA,NA,NA,NA,NA,NA,0.000685244,NA,NA,NA,NA,NA,0.000758035402658536,NA,0.000773278257230851,NA,NA,NA,NA,NA,NA,NA,NA,NA,NA,NA
"P04350",0.00848977323608251,0.00309924448225017,0.0160021018607469,0.00317841409592245,NA,0.00498640060249492,NA,0.00142362454758864,0.00931247257076272,NA,NA,NA,NA,NA,NA,0.00492216108438263,NA,NA,NA,0.0172847966075436,NA,NA,0.015934065326978,NA,0.00461143871546901,NA,0.00279622600690758,NA,0.00387464408796457,NA,NA,0.00845726827515554,0.00289987771283578
"P04406",NA,0.012837573466905,0.0407001698643146,0.0103472665722711,0.0313445274442738,0.0151197894372562,0.0438917931194365,0.03581043316442,0.0173484735540904,NA,0.00519711502599595,0.0121196550536718,0.0247995380349247,0.009550765,0.00516056061967161,0.0171357275576607,0.0134750425529241,0.0123634925784706,0.0226647787655306,0.0266640416423438,NA,NA,0.010030693490358,0.0243938291505241,0.0163173606942137,NA,0.0220236075370435,NA,NA,NA,NA,NA,0.00827212806229631
"P04433",NA,NA,NA,NA,NA,NA,NA,NA,NA,NA,0.0209883505916414,NA,NA,NA,NA,NA,NA,NA,NA,NA,NA,NA,NA,NA,NA,NA,NA,NA,NA,NA,NA,NA,0.0118969343730628
"P04792",NA,NA,0.0293042369234419,0.0170095449356505,0.0201275074641508,NA,NA,NA,NA,NA,NA,NA,NA,0.037768674,NA,NA,NA,NA,0.0277934952552651,NA,NA,NA,NA,NA,NA,NA,NA,NA,NA,NA,NA,NA,NA
"P04843",NA,NA,NA,NA,NA,NA,NA,NA,0.00308289388185228,NA,NA,NA,NA,NA,NA,NA,NA,NA,NA,NA,NA,NA,NA,NA,NA,NA,NA,NA,NA,NA,NA,NA,0.00406287622146095
"P04844",NA,NA,0.00700680782549427,NA,0.00452831858622186,0.00460161083862569,NA,0.00498325263302015,NA,NA,NA,NA,NA,NA,0.00544939855947547,0.00254788068716353,NA,NA,0.00433497745627043,0.0121278108895073,NA,0.00502739877537464,NA,NA,NA,NA,NA,0.00793196381746099,NA,NA,NA,NA,0.003322055365703
"P04899",NA,NA,0.00317069486773286,NA,0.00292317788469104,NA,NA,0.00282080384558128,0.00136248670908457,NA,NA,NA,0.00320028334379934,NA,NA,0.00243822176360018,NA,NA,NA,0.00342485108333055,NA,NA,NA,0.00293342664153095,NA,NA,NA,NA,NA,NA,NA,NA,NA
"P04908",NA,0.0332500535143608,0.0717730297506881,0.0324857486636747,0.0595852021908736,0.034937681750653,0.0259340613769649,0.04888507663241,0.0418350060592309,0.0294556978411403,NA,0.0317294626472433,0.0498981333859435,0.039679487,0.0511709151240467,0.0406026888974083,0.0331048573222452,NA,0.0758614407960997,0.0541354243302003,0.0293152907397925,0.0737345820681994,0.0430769710884377,0.0696545553992197,0.0318465170671415,0.0453479856731074,0.0807752624932888,0.0918384732373607,NA,0.0131210658680333,0.0473849379234024,0.0400490584366833,NA
"P05023",NA,0.00178454001408848,0.00472216751617868,0.00205889121556766,0.00621175312299178,0.00305060968008591,NA,0.00184437142980017,NA,NA,0.00220929976070858,0.00146322438037893,0.00349805681492931,0.004016451,0.000970511399700635,0.00177135845436926,0.00341830876397874,NA,0.000944724158976594,0.00150947105513719,NA,0.0053301620101111,NA,0.00178100893084055,0.00199144402960543,NA,NA,0.000932554648071993,NA,NA,NA,NA,NA
"P05091",NA,NA,NA,NA,0.00245881939694029,NA,NA,NA,0.00114604944070946,NA,NA,0.00564712983112031,NA,0.003472222,NA,NA,NA,NA,0.00273453428578847,0.00288079980333293,NA,0.00293872798491938,0.00265567789442306,NA,NA,NA,NA,NA,0.00691900729993673,NA,NA,NA,NA
"P05106",NA,NA,NA,NA,NA,NA,NA,NA,NA,NA,NA,NA,NA,NA,NA,NA,NA,NA,0.0051727140469474,NA,NA,0.00463247666667026,NA,NA,NA,NA,NA,NA,NA,0.00229163248403077,NA,NA,0.00152374515202368
"P05141",NA,NA,0.00422153164613684,NA,NA,NA,NA,0.00128447287868943,NA,NA,NA,NA,0.00638423952881501,0.004511278,NA,0.0126103824368975,NA,NA,NA,NA,NA,0.0128685337862664,0.00575064037870279,0.0127441096550103,NA,NA,NA,NA,NA,NA,NA,NA,NA
"P05164",NA,NA,NA,NA,NA,NA,NA,NA,NA,NA,NA,0.0188452244756334,NA,0.004518052,0.0011508426947643,NA,0.0211153583253105,NA,0.00752355288170298,NA,NA,0.00386676142477404,NA,NA,0.00418651837137646,NA,NA,0.0157558683787784,NA,0.00359701560761218,0.00311845638145795,0.00256645376835046,NA
"P05164-2",NA,NA,NA,NA,NA,NA,NA,NA,NA,NA,NA,NA,NA,NA,NA,NA,NA,NA,NA,NA,NA,NA,NA,NA,NA,NA,NA,NA,NA,NA,NA,NA,0.00233764849391031
"P05186",0.00506615853615046,0.0149523322779674,0.016021316672594,NA,0.0097620672527865,0.00734593265680757,0.00892003445392137,0.00907790570146693,NA,NA,0.00849668241051143,NA,NA,0.020610675,0.0108223587679917,0.00885249542210607,0.00590435196195727,0.00961775441382442,0.0160881446703597,0.010701263715234,NA,0.0133642464466908,0.00356566446195038,0.0124900118377242,0.00957675062994417,0.00232912067889052,0.00312864403898572,0.00767036610279005,NA,NA,NA,0.0123465416421226,0.00658065305540134
"P05198",NA,NA,NA,0.00322886493573046,0.00402510399030206,NA,0.00501700609359863,0.00819525665972255,0.00558835649129062,NA,0.00649639419176777,0.00688412023703709,0.0125793155626572,0.018465608,NA,NA,NA,NA,0.00333352690025906,0.00608717548245206,NA,0.00358244869745643,NA,NA,NA,NA,0.00284061039046618,NA,NA,NA,NA,0.00550737892979081,0.00589181471155303
"P05204",NA,NA,0.0227585446410324,NA,NA,NA,NA,NA,NA,NA,0.0330449912212671,NA,0.0325421423888874,0.016666667,NA,0.0204178529203749,NA,NA,NA,0.0225342529453061,NA,NA,0.0283272274745787,NA,NA,NA,0.0149132056684379,0.0109686230926323,NA,NA,NA,NA,NA
"P05386",NA,NA,0.0288488596060676,NA,0.0664920087842701,0.0224739181410061,NA,0.0256653438795316,NA,NA,NA,0.0432681521506132,0.0655156649552743,0.056338028,NA,0.0147895919462645,NA,NA,0.0295791838925289,0.0155806616840016,NA,NA,NA,NA,NA,NA,0.0189040635359747,0.0139038885246076,NA,NA,NA,0.0586419466940584,0.032674678820444
"P05387",NA,0.0302365316550941,0.0418396424129421,NA,0.0378058422851135,0.0340534676654475,NA,0.058889444389138,0.0317539635646447,NA,NA,0.0572032639665656,0.0509642374172511,0.077235772,NA,0.0256112447691513,NA,NA,0.0397279187542782,0.0337264325398689,NA,NA,0.0248726874391638,0.0433306495293042,NA,NA,0.0290989371257878,NA,NA,NA,NA,NA,0.0324049827694634
"P05413",NA,NA,NA,NA,0.00709914683092768,NA,NA,0.0171263099084975,NA,NA,NA,NA,NA,NA,NA,NA,NA,NA,0.00789519573221821,0.00831749612021819,NA,NA,NA,NA,NA,NA,NA,NA,NA,NA,NA,NA,NA
"P05452",NA,NA,NA,NA,NA,0.0039496242001037,NA,NA,NA,NA,NA,NA,NA,NA,NA,NA,NA,NA,NA,NA,NA,NA,NA,NA,NA,NA,NA,NA,NA,NA,NA,NA,NA
"P05455",NA,NA,0.00251013322359382,NA,NA,NA,NA,NA,NA,NA,NA,NA,NA,NA,NA,NA,NA,NA,NA,NA,NA,NA,NA,NA,NA,NA,NA,NA,NA,NA,NA,NA,NA
"P05556",NA,0.00218569332701389,0.00394982978235736,0.00336228916546848,0.00312127766004033,NA,NA,NA,NA,NA,NA,NA,NA,0.001157025,NA,NA,NA,NA,0.00260345726736899,0.00518067778132876,NA,0.00699465732771404,NA,NA,NA,NA,0.00147899596583536,NA,NA,NA,NA,0.00137638986152632,0.00153382002316873
"P05787",NA,NA,NA,NA,NA,NA,NA,NA,NA,NA,NA,0.0108673593889138,NA,NA,NA,NA,NA,NA,NA,NA,NA,NA,NA,NA,NA,NA,NA,NA,NA,NA,NA,NA,NA
"P05976",NA,NA,NA,NA,NA,0.0275232582886418,NA,NA,0.0167866749134798,NA,NA,NA,NA,NA,NA,NA,NA,NA,NA,NA,0.0329250128169278,NA,NA,NA,NA,NA,NA,NA,NA,NA,NA,NA,NA
"P06312",NA,0.0202399637025959,NA,NA,NA,NA,NA,NA,NA,NA,NA,NA,NA,NA,NA,NA,NA,NA,NA,NA,NA,NA,NA,NA,NA,NA,NA,NA,NA,NA,NA,NA,NA
"P06396",NA,NA,0.00170122057369232,0.00337904474748967,NA,NA,NA,NA,NA,NA,NA,NA,NA,NA,NA,NA,NA,NA,NA,NA,NA,NA,NA,NA,NA,NA,NA,NA,NA,NA,NA,NA,NA
"P06454",NA,NA,NA,0.0143928181445744,0.106889040696557,NA,NA,NA,NA,NA,0.190479179514213,NA,NA,NA,NA,NA,NA,NA,NA,NA,NA,NA,NA,NA,NA,NA,NA,NA,NA,NA,NA,NA,NA
"P06576",NA,0.0168162595634385,0.0134247239646298,0.0160362311378932,0.0152115228850665,0.010529016241156,NA,0.0156864455631897,0.00714059911069119,NA,0.011045248065772,0.010990276360704,0.016837915105268,0.030793873,0.0167145258821008,0.0142376588669742,0.00730251322525419,0.0153120744106528,0.0184345721987226,0.0182371673291931,0.00944802036325948,0.0160341522312246,0.0131061761336217,0.0149848687051392,0.0102092629424598,0.00621539858149562,0.0204288648155763,0.0196387014327752,NA,NA,0.00863658275147874,0.0135713247950724,0.0181177047166339
"P06702",NA,NA,NA,NA,NA,NA,NA,NA,NA,NA,NA,0.00951095630396505,NA,NA,NA,NA,NA,NA,0.00921106186259808,NA,NA,NA,NA,NA,0.0129443896356429,NA,NA,0.0129891593151604,NA,NA,NA,NA,NA
"P06703",NA,NA,0.0113792723205162,0.0113010277836029,NA,NA,NA,NA,NA,NA,NA,NA,0.0229709241608254,0.033333333,NA,NA,NA,NA,NA,NA,NA,NA,NA,NA,NA,NA,NA,NA,NA,NA,NA,NA,NA
"P06727",0.00308718982311094,0.0062610996535912,0.00603446276490222,0.00216888366804428,0.00711318971715222,0.00175727219607102,0.00532106674970423,0.00325947700809604,0.00348213902859384,0.00559594914831448,0.00189478177568988,0.0013690009740445,NA,0.010311448,NA,NA,NA,0.0104690870880369,0.00662917284881271,0.00698375585867382,NA,0.00522440505575192,0.00515040490267066,0.00835725028268024,0.00496855344846289,NA,NA,0.0024928693782772,NA,NA,NA,0.00157711263702447,NA
"P06732",NA,NA,NA,NA,NA,0.0101683462953691,NA,NA,NA,NA,NA,NA,NA,NA,NA,NA,NA,NA,NA,NA,NA,NA,NA,NA,NA,NA,NA,NA,NA,NA,NA,NA,NA
"P06748",NA,0.00429332536340445,0.0141132536983506,NA,0.00272492515112428,NA,NA,0.00197212043552301,NA,NA,NA,0.00813577944763383,0.00929065262095683,0.002886003,0.00856129810746571,0.0107067908469133,NA,NA,0.00866211935712504,0.0145262127612796,NA,0.004885157212125,NA,0.0132494959613445,NA,NA,NA,0.00854697945629543,NA,NA,NA,0.0107243682633702,NA
"P06753",NA,NA,NA,NA,NA,NA,NA,NA,NA,NA,NA,NA,NA,NA,NA,NA,NA,NA,NA,NA,0.0201568841845423,NA,NA,NA,NA,NA,NA,NA,NA,NA,NA,NA,NA
"P06756",NA,NA,0.000386611805090165,NA,NA,NA,NA,NA,NA,NA,NA,NA,NA,NA,NA,NA,NA,NA,NA,NA,NA,NA,NA,0.000536521053688593,NA,NA,NA,NA,NA,NA,NA,NA,0.00218941324095622
"P06899",NA,NA,0.00541870086116616,NA,NA,NA,NA,NA,NA,NA,NA,NA,NA,NA,NA,0.0145841811074368,NA,NA,NA,0.00877957929946514,NA,0.00895612230787677,0.0263038540835374,0.0319592202888185,0.00975965873515453,NA,0.00532614481767122,NA,NA,NA,NA,NA,NA
"P07093",NA,NA,0.00500391409132137,NA,NA,NA,NA,NA,NA,NA,NA,NA,NA,NA,NA,NA,NA,NA,NA,NA,NA,NA,NA,NA,NA,NA,NA,NA,NA,NA,NA,NA,NA
"P07099",NA,NA,NA,0.00266254579159036,NA,NA,NA,NA,NA,NA,NA,NA,NA,NA,NA,0.00572677244976511,NA,NA,NA,NA,NA,NA,NA,0.00868125441949809,NA,NA,NA,NA,NA,NA,NA,NA,NA
"P07108",NA,NA,NA,0.0116907186423356,NA,NA,NA,NA,NA,NA,NA,NA,NA,NA,NA,NA,NA,NA,NA,NA,NA,NA,NA,NA,NA,NA,NA,NA,NA,NA,NA,NA,NA
"P07195",NA,NA,0.0140474561279028,NA,0.0142906908112568,NA,NA,0.0097926590696866,NA,NA,NA,NA,NA,0.007313711,0.00965641825838084,NA,NA,NA,0.0142778279016669,0.0219816638054546,NA,NA,0.00552531076970543,0.0101253012462408,NA,NA,NA,NA,NA,NA,NA,0.0126525696381574,0.00637455851435988
"P07205",NA,NA,NA,NA,NA,NA,NA,NA,NA,NA,NA,NA,NA,NA,NA,NA,NA,NA,NA,NA,0.00418873659540956,NA,NA,NA,NA,NA,NA,NA,NA,NA,NA,NA,NA
"P07237",NA,NA,NA,NA,NA,NA,0.00740908056446153,NA,NA,NA,NA,NA,NA,NA,NA,NA,NA,NA,NA,NA,NA,NA,NA,NA,NA,NA,NA,NA,NA,NA,NA,NA,NA
"P07305",NA,0.00511215567319729,0.0140774499555633,0.0235049733410203,NA,NA,NA,NA,0.00453693899928743,0.00822431442059959,0.00421930739063825,NA,0.0106566140456551,0.016323024,NA,0.0139827712524721,0.00783391853932422,0,0.0171401714159453,0.0327876551353851,NA,0.0291812627246734,0.0230038780510247,NA,0.0273109459873628,NA,NA,NA,NA,NA,NA,0.00643852323008033,NA
"P07355",NA,NA,0.0209376805762822,NA,NA,NA,NA,NA,NA,NA,NA,NA,NA,NA,NA,NA,NA,NA,NA,NA,NA,NA,NA,NA,NA,NA,NA,NA,NA,NA,NA,NA,NA
"P07357",NA,NA,0.00200026273259336,NA,NA,0.00155825018827966,NA,NA,NA,NA,NA,NA,NA,NA,NA,NA,NA,NA,NA,NA,NA,NA,NA,NA,NA,NA,NA,NA,NA,NA,NA,NA,NA
"P07360",NA,0.00736454176619451,0.0245048691230799,0.0142661494432925,NA,0.0246851514501041,0.00521569909129425,0.0150349785700583,0.0174290334056584,NA,NA,NA,0.00767592814484438,0.004950495,NA,NA,NA,NA,NA,NA,NA,NA,NA,NA,0.00487016625146362,NA,NA,0.00750505162070645,NA,NA,NA,NA,0.00459386563776159
"P07384",NA,NA,NA,NA,NA,NA,NA,NA,NA,NA,NA,NA,0.00336707361783431,NA,NA,NA,NA,NA,NA,0.00270250920050171,NA,NA,NA,NA,NA,NA,NA,NA,NA,NA,NA,0.00203432182394094,NA
"P07437",0.0162669058959187,0.014224883563643,0.0254668765698362,0.00718282631035314,0.00590444495711772,0.0153994666742489,NA,NA,NA,NA,0.00831335437577098,NA,0.0234933953092864,0.027365141,0.0102922858800504,0.0150091219057195,NA,NA,0.0176514167303934,0.0233537193447781,0.00545844631695449,0.0106347144902306,0.0196364292826212,0.0245129418253315,0.0137449914717431,NA,0.0167240595263577,0.0129236335279534,0.0115808586204966,NA,NA,0.0100172486204884,NA
"P07451",NA,NA,NA,NA,NA,NA,NA,0.00876076679712999,NA,NA,NA,NA,NA,NA,0.00414893690792243,0.00504837001986084,NA,NA,NA,0.0127641580053677,NA,NA,0.00588334743298731,NA,NA,NA,0.00688301813847783,0.00379683126036812,NA,NA,NA,NA,NA
"P07585",NA,NA,0.0116486985573943,0.0109547566041517,0.0137674755121235,0.00881532678199897,NA,NA,0.0184387398216432,NA,0.00456014325576918,NA,NA,NA,NA,NA,NA,NA,NA,0.00669926635925887,NA,NA,NA,NA,NA,NA,NA,NA,NA,NA,NA,NA,NA
"P07585-3",NA,NA,NA,NA,NA,NA,0.00496967545979791,NA,NA,NA,NA,NA,NA,NA,NA,NA,NA,NA,NA,NA,NA,NA,NA,NA,NA,NA,NA,NA,NA,NA,NA,NA,NA
"P07686",NA,NA,NA,NA,NA,NA,NA,NA,NA,NA,NA,0.00609128701148288,NA,NA,NA,NA,NA,NA,0.00235968769906664,NA,NA,NA,NA,NA,NA,NA,NA,NA,NA,NA,NA,NA,NA
"P07738",NA,NA,NA,NA,NA,NA,NA,NA,NA,NA,NA,NA,NA,NA,0.00624743392902474,NA,NA,NA,NA,NA,NA,NA,NA,NA,NA,NA,NA,0.00381149082527802,NA,0.00718457832217461,NA,NA,NA
"P07814",NA,NA,NA,NA,0.000656140711044078,NA,NA,0.00116079657807232,0.000305826067053078,NA,NA,0.000376737493482154,0.000359170617259473,NA,NA,NA,NA,NA,NA,0.000704684287728065,NA,NA,NA,0.000329221054618629,NA,NA,NA,NA,NA,NA,NA,0.000868015294484446,0.000644865062191305
"P07858",NA,NA,NA,NA,NA,NA,NA,NA,NA,NA,NA,NA,NA,NA,NA,NA,NA,NA,NA,0.00435522448142542,NA,NA,NA,NA,NA,NA,0.00176140226544051,NA,NA,NA,NA,NA,NA
"P07900",0.00371209205117456,0.000790875620442059,0.00466844449171089,NA,0.00580577935335979,0.00221673350841864,NA,0.00724776869490323,0.00218929194908617,NA,NA,0.00332445596681352,0.00876295926254486,0.006923363,0.000430112969910842,0.00159498915348521,NA,0.0029124533243835,0.00416487806980448,0.00831741868432939,NA,0.00636427514714584,0.00180963256402003,0.00649927807557347,0.00235352485169493,NA,NA,0.00314102945427325,0.00235415404088318,NA,NA,0.00415207093026297,0.00270537247507612
"P07951",NA,NA,NA,NA,NA,NA,NA,NA,NA,NA,0.00288220322984323,NA,NA,NA,NA,NA,NA,NA,NA,NA,0.0164009665746594,NA,NA,NA,NA,NA,NA,NA,NA,NA,NA,NA,NA
"P07954",NA,NA,0.00219300792148925,NA,NA,NA,NA,NA,NA,NA,NA,NA,NA,NA,NA,NA,NA,NA,NA,NA,NA,NA,NA,NA,NA,NA,NA,NA,NA,NA,NA,NA,NA
"P07996",NA,0.00316270709166431,0.00677403024238177,NA,0.00823312240403051,0.00593054643599782,NA,0.0041289412365104,0.0013766881906536,NA,0.00418634701248203,NA,0.00104097808964536,0.001510574,0,0.00155682048505721,0.00365617867393963,NA,0.0035555108523443,NA,NA,0.00625558980949908,0.0041934564380315,0.00264026542302966,0.00682606752494081,NA,NA,0.0039860077628559,0.00411749526617004,0.00218624389136039,NA,0.00244587487744298,NA
"P07996-2",NA,NA,NA,NA,NA,NA,NA,NA,NA,NA,NA,NA,NA,NA,NA,NA,NA,NA,NA,NA,NA,NA,NA,NA,NA,NA,NA,NA,NA,NA,NA,NA,0.00543354494868163
"P08123",NA,NA,NA,NA,NA,NA,NA,NA,NA,NA,NA,NA,0.00595283144164227,NA,NA,NA,NA,NA,NA,NA,NA,NA,NA,NA,NA,NA,NA,NA,NA,NA,NA,NA,NA
"P08133",NA,0.00720904200911899,0.00716274459563962,0.00698392980151665,0.00364686475573089,0.00481015647265576,NA,0.00322358800270115,0.00615474959944319,NA,0.00386472814384882,0.00872011267532028,0.00747551808528992,0.010463671,0.00800121297283529,0.00491414386840839,0.00550105904860028,NA,0.00755633998734539,0.00663391600024507,NA,0.00857109237948026,0.00595665943019412,0.00513971291281019,0.00246520479747786,NA,0.00467010903600388,0.00700000246221801,0.00451290557365386,NA,0.0049850483687021,0.0042000195298496,0.00756291448166696
"P08134",NA,NA,0.00530639631807203,NA,NA,NA,NA,NA,NA,NA,NA,NA,NA,0.002590674,NA,0,NA,NA,NA,NA,NA,NA,NA,0.00981862019481195,NA,NA,NA,NA,NA,NA,NA,NA,NA
"P08236",NA,NA,0.00763110384217789,NA,NA,NA,NA,NA,NA,NA,NA,NA,NA,NA,NA,NA,NA,NA,NA,NA,NA,NA,NA,NA,NA,NA,NA,NA,NA,NA,NA,NA,NA
"P08236-2",NA,NA,NA,NA,NA,NA,NA,NA,NA,NA,NA,NA,NA,NA,NA,NA,NA,NA,NA,NA,NA,0.00444280093651885,NA,NA,NA,NA,NA,NA,NA,NA,NA,NA,NA
"P08238",NA,0.00160578253465993,0.00360249558434325,NA,0.00626652821601565,0.00396833157951606,0.00171655620726197,0.00395587404750914,0.00218539281283883,NA,0.00409928731445838,0.00238318363232953,0.00758641251987766,0.004933536,0.00304559364736346,0.00331193344521069,NA,0.00416144122287226,0.0102875119777115,0.0126485041867613,NA,0.0038752452727725,0.0051767672401278,0.0058339751414551,0.00191512189051534,0.00160127059163634,0.00417359325037092,0.00416596700220807,NA,NA,0.00191848264979101,0.00437461668468416,0.00370836176325266
"P08240",NA,NA,NA,NA,0.00311612712253244,NA,NA,0.000751749384062771,NA,NA,NA,0.00268378516124466,NA,0.002475248,NA,NA,NA,NA,NA,NA,NA,NA,0.00252420885327819,NA,NA,NA,NA,NA,NA,NA,NA,NA,NA
"P08246",NA,NA,NA,NA,NA,NA,NA,NA,NA,NA,NA,0.0124983181733725,NA,NA,NA,NA,NA,NA,0.00462581916048546,NA,NA,NA,NA,NA,NA,NA,NA,0.0166703744864297,NA,0.012227761892415,NA,0.00550252669572416,NA
"P08263",NA,NA,NA,NA,0.00170123717374723,NA,NA,NA,NA,NA,NA,NA,NA,NA,NA,NA,NA,NA,NA,NA,NA,NA,NA,NA,NA,NA,NA,NA,NA,NA,NA,NA,NA
"P08294",NA,NA,NA,0.0606741167006756,NA,NA,NA,NA,NA,NA,0.00748669774519567,NA,NA,NA,NA,NA,NA,NA,NA,0.0202358595239213,NA,NA,NA,0.010591936825329,0.00899792874502005,NA,NA,NA,NA,NA,NA,NA,NA
"P08311",NA,NA,NA,0.0119657943631307,NA,NA,NA,NA,NA,NA,0.00588496841309433,0.0148818487653811,NA,NA,NA,0.0061768296578563,0.0406599134282154,NA,0.00665724938066855,0.0108453630544782,0,0.0081131925387862,NA,NA,NA,NA,NA,0.0275337024159654,NA,0.00729727709010993,NA,NA,0.0103106762091982
"P08493",NA,0.0291693601246364,NA,NA,NA,0.0508417314768455,0.0800507548256448,NA,NA,0.12273636982427,NA,NA,NA,NA,NA,0.121569566330178,NA,NA,0.0540472587186969,0.0488041315326981,NA,NA,NA,0.0967191157873332,0.0793288020514446,0.0734700673769737,NA,NA,0.0955094347609707,NA,NA,NA,NA
"P08514",NA,NA,NA,NA,NA,NA,NA,0.00135987987928596,NA,NA,NA,NA,NA,0.003121891,NA,NA,0.00739154701237633,0.00530374217441094,0.00726462988265744,NA,NA,0.00340001549676154,NA,NA,NA,NA,0.0028602188694151,0.00409043124946661,NA,NA,NA,NA,0.00810014629072735
"P08559",NA,NA,NA,NA,NA,NA,NA,NA,NA,NA,NA,NA,NA,NA,NA,NA,NA,NA,NA,0.00340377524685267,NA,NA,NA,NA,NA,NA,NA,NA,NA,NA,NA,NA,NA
"P08567",NA,NA,NA,NA,NA,NA,NA,NA,NA,NA,NA,NA,NA,NA,NA,NA,NA,NA,NA,NA,NA,0.00728046076575337,NA,NA,NA,NA,NA,NA,NA,NA,NA,NA,NA
"P08571",NA,NA,NA,NA,NA,NA,NA,NA,NA,NA,NA,NA,NA,NA,NA,0.00614539503082226,NA,NA,NA,NA,NA,NA,NA,NA,NA,NA,NA,NA,NA,NA,NA,NA,NA
"P08572",NA,NA,0.000245595650753408,NA,NA,NA,NA,NA,NA,NA,NA,NA,NA,NA,NA,0.000988366795560938,NA,NA,NA,NA,NA,NA,NA,NA,NA,NA,NA,NA,NA,NA,NA,NA,NA
"P08574",NA,NA,NA,NA,0.0077392335384435,NA,NA,NA,NA,NA,NA,NA,0.012709322954884,0.004098361,NA,NA,NA,NA,NA,NA,NA,0.00462488318260779,NA,NA,NA,NA,NA,NA,NA,NA,NA,NA,NA
"P08582",NA,NA,NA,0.00161699910081597,NA,NA,NA,0.00446627328699018,NA,NA,NA,NA,NA,0.001589825,0.00171498167250656,NA,NA,NA,NA,NA,NA,NA,NA,NA,NA,NA,NA,NA,NA,NA,NA,NA,NA
"P08590",NA,NA,NA,NA,NA,0.019135624261296,NA,NA,0.0101557642037776,NA,NA,NA,NA,NA,NA,NA,NA,NA,0.00826724600641359,NA,0.0175167917776368,NA,NA,NA,NA,NA,NA,NA,NA,NA,NA,NA,NA
"P08603",NA,NA,NA,NA,0.00200169998729641,0.00117097440452605,NA,NA,NA,NA,NA,NA,NA,NA,NA,NA,NA,NA,NA,NA,NA,NA,NA,NA,NA,NA,NA,NA,NA,0.00212420741991571,NA,NA,NA
"P08621",NA,NA,0.00744902501429831,NA,0.00362997703549879,NA,NA,0.00454423780061397,NA,NA,NA,0.00405579384200675,0.00644446136759807,0.005403159,0.00201756255037451,NA,NA,NA,NA,NA,NA,NA,0.00169539474859227,NA,NA,NA,NA,NA,NA,NA,NA,NA,0.00231411726221684
"P08648",NA,NA,NA,NA,NA,NA,NA,NA,NA,NA,NA,NA,NA,0.000780031,NA,NA,NA,NA,NA,NA,NA,NA,NA,NA,NA,NA,NA,NA,NA,NA,NA,NA,NA
"P08670",0.0293037264432354,0.0398957570112214,0.0464034459601652,0.0467048382535898,0.0616137142429934,0.0352830246977239,0.0366076281739303,0.0308226969113046,0.0683874250516449,0.011894688411144,0.0338916498336296,0.0468606529017099,0.052909920999542,0.053201468,0.038726257532491,0.0653428513377716,0.0294028056042573,0.0178039618652781,0.0324492359048384,0.0411102000755531,0.0563070021041388,0.0467811633834895,0.0334317402295473,0.0444407046546562,0.0315109587811094,0.0271911106852666,0.0232093684265903,0.0270821690603948,0.0578542867244756,NA,0.0119150931096951,0.0364852686340939,0.0451260475411403
"P08708",NA,NA,0.0195976353786294,NA,0.0344536496469582,NA,NA,0.0123732307145709,NA,NA,NA,NA,0.0153139497851141,0.030246914,NA,0.00777822943393781,NA,NA,NA,0.00819427349659487,NA,NA,NA,NA,NA,NA,NA,NA,NA,NA,NA,0.00925239596918466,NA
"P08754",NA,NA,NA,NA,0.00542635894144264,NA,NA,NA,NA,NA,NA,NA,0.00407366177888884,NA,NA,NA,NA,NA,NA,NA,NA,NA,NA,NA,NA,NA,NA,NA,NA,NA,NA,NA,NA
"P08779",NA,NA,NA,NA,NA,NA,NA,NA,NA,NA,0.000887312501192259,NA,NA,NA,NA,0.00730597813588832,NA,NA,NA,NA,NA,NA,NA,NA,0.00389910301364706,NA,NA,NA,NA,NA,NA,NA,NA
"P08842",NA,NA,NA,NA,NA,NA,NA,NA,NA,NA,NA,NA,0.00387634349090272,NA,NA,NA,NA,NA,NA,NA,NA,NA,NA,NA,NA,NA,NA,NA,NA,NA,NA,NA,NA
"P09104",NA,NA,0.00977613618212047,NA,NA,NA,NA,NA,NA,NA,NA,NA,0.0114788464541882,NA,NA,NA,NA,NA,NA,NA,NA,NA,NA,NA,NA,NA,NA,NA,NA,NA,NA,0.00757886318756152,NA
"P09382",0.0301858631116877,0.0281610365525285,0.0401525753783036,0.0350331860274597,0.0476755911788097,0.0260031560595315,0.0156084628169895,0.0416190481873895,0.0298821854095255,NA,0.0262743048339293,0.0507321439307142,0.0679647666824998,0.049506173,NA,0.0278719904675404,NA,NA,0.0226865034782079,0.0665101904375933,NA,0.0208976190945363,0.0408631496694876,0.0419939976834999,0.0334691227338497,NA,0.027285642274413,0.0134060951103675,0,NA,0.0207433398790645,0.0224260457497038,0.0311611551573826
"P09429",NA,NA,0.0107176865418581,NA,NA,NA,NA,NA,NA,NA,NA,NA,0.00480786811204735,NA,NA,0.00976801003337402,NA,NA,0.00223850225556234,0.00514524201238608,NA,0.00262435165098736,0.00711474525859852,0.00812140220272805,0.00228784517532995,NA,0.0159536612327809,NA,NA,NA,NA,NA,NA
"P09486",0.0197838352991246,NA,NA,NA,NA,NA,NA,NA,NA,NA,NA,NA,NA,NA,NA,NA,NA,NA,NA,NA,NA,NA,NA,NA,NA,NA,NA,NA,NA,NA,NA,NA,NA
"P09496",NA,NA,NA,NA,NA,NA,NA,0.00876076679712999,NA,NA,NA,0.0260636783121302,0.0397573686603754,0.014423077,NA,NA,NA,NA,NA,0.0212735955693859,NA,NA,NA,NA,NA,NA,0.00860377267309729,NA,NA,NA,NA,NA,NA
"P09496-2",NA,0.00423828278139969,NA,NA,NA,NA,NA,NA,0.00752278839689078,NA,NA,NA,NA,NA,NA,NA,NA,NA,0.00897488108536919,NA,NA,NA,NA,NA,NA,NA,NA,NA,NA,NA,NA,NA,NA
"P09525",0.00510983210585393,0.00932688022949894,0.00749105754323071,0.00797094485248556,0.00517970626228616,0.00270943376827044,NA,0.007140436970772,0.00183942764659307,NA,0.0103494277737491,0.00493245035751648,0.00324041228530877,0.00862069,NA,0.00329172712078471,NA,NA,NA,0.00173389796051652,NA,0.00265314572727479,0.00159840141602398,0.00693048958894829,0.00616785904618555,NA,NA,0.00276303183268944,NA,NA,NA,NA,0.00436345202624964
"P09543",NA,NA,NA,NA,0.00224272342637553,NA,NA,NA,NA,NA,NA,NA,NA,NA,NA,NA,NA,NA,NA,NA,NA,NA,NA,NA,NA,NA,NA,NA,NA,NA,NA,NA,NA
"P09601",NA,NA,NA,NA,NA,NA,NA,NA,NA,NA,NA,NA,NA,NA,NA,NA,NA,NA,NA,NA,NA,NA,NA,NA,NA,NA,0.00466037637991519,0.0135203518579928,NA,NA,NA,NA,NA
"P09603",NA,NA,NA,NA,0.00124892367352868,NA,NA,NA,NA,NA,NA,NA,NA,NA,NA,NA,NA,NA,NA,NA,NA,NA,NA,NA,NA,NA,NA,NA,NA,NA,NA,NA,NA
"P09619",NA,NA,NA,NA,NA,NA,NA,NA,NA,NA,NA,NA,NA,0.00284495,NA,NA,NA,NA,NA,NA,NA,NA,NA,NA,NA,NA,0.00127281970853628,NA,NA,NA,NA,NA,NA
"P09874",NA,NA,0.00213259422620826,NA,0.00157890742304884,0.000889435843916417,NA,0.00152361173573387,NA,NA,NA,0.00362625125387431,NA,NA,NA,0.00292659149848067,0.000790669675796172,NA,0.00175595510910061,0.00215819131980122,NA,0.00167740051655352,0.00113687847976185,0.00299283659066726,NA,NA,NA,NA,NA,NA,NA,NA,NA
"P09914",NA,NA,NA,NA,NA,NA,NA,NA,NA,NA,NA,NA,0.00216253450670481,NA,NA,NA,NA,NA,NA,NA,NA,NA,NA,NA,NA,NA,NA,NA,NA,NA,NA,NA,NA
"P0C0S5",NA,NA,0.0240031527911204,0.0132433917273127,NA,NA,NA,NA,NA,NA,NA,0.0169413905776099,NA,NA,NA,NA,NA,NA,0.0211242751788393,0.0259271949113154,NA,NA,0.0258928561563393,NA,NA,NA,NA,NA,NA,NA,NA,NA,0.0144993885641789
"P0C0S8",NA,NA,NA,NA,0.0169469377227387,NA,NA,NA,NA,NA,NA,0.00715877568745479,NA,NA,NA,NA,NA,NA,NA,NA,NA,NA,NA,NA,NA,NA,NA,NA,NA,NA,NA,0.0101614791338765,NA
"P0C7X5",NA,NA,NA,NA,NA,NA,NA,NA,NA,NA,NA,NA,NA,NA,NA,NA,0.00199446220295967,NA,NA,NA,NA,NA,NA,NA,NA,NA,NA,NA,NA,NA,NA,NA,NA
"P0CF74",NA,NA,NA,NA,NA,NA,NA,NA,NA,NA,NA,NA,NA,NA,NA,NA,NA,NA,NA,NA,NA,NA,NA,NA,NA,NA,NA,NA,NA,NA,NA,0.00589185623407767,NA
"P0CG12",NA,NA,NA,NA,NA,NA,NA,NA,NA,NA,NA,NA,NA,0.00459482,NA,NA,NA,NA,NA,NA,NA,NA,NA,NA,NA,NA,NA,NA,NA,NA,NA,NA,NA
"P0CG38",NA,NA,NA,NA,NA,0.00126574792893731,NA,NA,NA,NA,NA,0.00379822290303425,NA,NA,NA,NA,NA,NA,NA,NA,NA,NA,NA,NA,NA,NA,NA,NA,NA,NA,NA,NA,NA
"P0CG40",NA,NA,NA,NA,NA,NA,NA,NA,NA,NA,NA,NA,NA,0.003521127,NA,NA,NA,NA,NA,NA,NA,NA,NA,NA,NA,NA,NA,NA,NA,NA,NA,NA,NA
"P0DJI9",NA,NA,NA,NA,NA,NA,NA,NA,NA,NA,NA,NA,NA,0.015820973,NA,NA,NA,NA,NA,NA,NA,NA,NA,NA,NA,NA,NA,NA,NA,NA,NA,NA,NA
"P0DMV8",NA,NA,NA,NA,NA,NA,NA,NA,NA,NA,NA,NA,NA,NA,NA,NA,NA,NA,NA,NA,NA,NA,NA,NA,NA,NA,NA,0.000483073631588823,NA,NA,0.000644870570321145,NA,0.000641078053888559
"P0DN76",NA,NA,0.00853445398435352,NA,0.00786822074834779,NA,NA,NA,NA,NA,NA,NA,0.00430704866778911,0.002083333,0.00674202220569307,NA,NA,NA,0.00437525464724935,0.00845034513104655,NA,0.00235098171085266,0.00424908442712086,0.00394790396698547,NA,NA,NA,NA,NA,NA,NA,NA,NA
"P0DOX2",NA,NA,NA,NA,NA,NA,NA,NA,0.0028397902182434,NA,NA,NA,NA,NA,NA,NA,NA,NA,NA,NA,NA,NA,NA,NA,NA,NA,NA,NA,NA,NA,NA,NA,NA
"P0DOX3",NA,NA,NA,NA,NA,NA,NA,0.00336620557097894,NA,NA,NA,NA,NA,NA,NA,NA,NA,NA,NA,NA,NA,NA,NA,NA,NA,NA,NA,NA,NA,NA,NA,NA,NA
"P0DOX4",NA,0.00523355283162747,NA,NA,0.00498251479437639,NA,NA,0.00961603942493428,0.00348350768702829,NA,NA,NA,NA,NA,NA,NA,NA,NA,NA,0.00437820745322179,NA,NA,NA,NA,NA,NA,NA,NA,NA,NA,NA,NA,NA
"P0DOX5",NA,0.00128466113596944,0.00176879911406885,0.00131747756152637,NA,NA,NA,NA,NA,NA,0.00318087662649007,NA,NA,NA,NA,NA,NA,NA,NA,NA,NA,NA,NA,NA,NA,NA,NA,0.0025574514251439,NA,NA,NA,NA,NA
"P0DOX7",NA,NA,NA,NA,NA,NA,NA,NA,0.0417562487880319,NA,NA,NA,NA,NA,NA,NA,NA,NA,NA,NA,NA,NA,NA,NA,NA,NA,NA,0.0144237157091365,NA,NA,NA,NA,NA
"P0DOY2",NA,NA,NA,NA,NA,NA,NA,NA,0.00790424978564646,NA,NA,NA,NA,NA,NA,NA,NA,NA,NA,0.0125233246476053,NA,NA,NA,NA,NA,NA,NA,NA,NA,NA,NA,NA,NA
"P10114",NA,NA,NA,NA,NA,NA,NA,NA,NA,NA,NA,NA,NA,NA,NA,0.0057380385545703,NA,NA,NA,NA,NA,NA,NA,NA,NA,NA,NA,NA,NA,NA,NA,NA,NA
"P10155",NA,NA,0.00209007011270669,0.0020756986693069,NA,NA,NA,NA,NA,NA,NA,NA,NA,NA,NA,NA,NA,NA,NA,NA,NA,NA,NA,NA,NA,NA,NA,NA,NA,NA,NA,NA,NA
"P10253",NA,NA,0.00161790620643001,0.00321356277890705,0.00149160604833674,0.00315096398405148,NA,0.00287873557013125,NA,NA,NA,NA,NA,0.005924171,0.00255621668417924,NA,NA,NA,NA,0.00451461740870805,NA,NA,0.00161102731444403,NA,NA,NA,NA,NA,NA,NA,NA,NA,NA
"P10412",0.012157045801848,0.00908828898403563,0.0107080914255487,NA,0.00838503635119723,0.00607987357647266,0.0186476839318821,0.0072509202579817,0.00652656700719162,0.0165869622880045,0.00961987685210243,0.00854031708539821,0.0256756392136822,0.038533739,0.00948694755204788,0.018591749534137,0.0108179450595003,0.0129951806030605,0.0269940491400957,0.0099909044830837,0.0204712522649368,0.0127802105865931,0.0309017155698973,NA,0.0171924745259935,0.0129271532369387,0.0205043512854626,0.00860997905989274,0.0211825366419998,0.00667608059550692,NA,0.0185484845282915,NA
"P10451",0.00878252454320015,0.00926210949097373,0.0121395252670123,NA,0.00135659020745392,0.0097956459600326,0.0398496786071556,NA,NA,0.016385197469388,0.00617437423576037,NA,NA,0.00862069,NA,NA,NA,0.0344628936854806,0.0135783748982674,NA,NA,0.00587745484136736,0.007326007,NA,NA,0.0251233848676082,NA,NA,0.0388100647496524,NA,NA,NA,0.0039998314880426
"P10451-2",NA,NA,NA,NA,NA,NA,NA,NA,NA,NA,NA,NA,NA,NA,NA,NA,NA,NA,NA,NA,NA,NA,NA,0.0180154734687917,NA,NA,NA,NA,NA,NA,NA,NA,NA
"P10599",NA,0.00944531698959968,0.0146304928372159,0.0096865958242839,0.0397157824489146,0.0113974868634672,NA,0.0303706567115178,NA,NA,NA,NA,0.0426602878749174,0.03968254,0.020547115242173,0.0100005817508382,NA,NA,0.0183343984764553,0.0263387378983954,NA,0.0107473472208407,0.0339926723576264,0.0218074677722827,0.00936927277925779,0.0190322459167894,0.0298264104420834,0.0376067080282182,NA,0.00886098005473573,0.00914400345761851,0.0356878134998355,0.0176754450626199
"P10606",NA,NA,NA,NA,NA,NA,NA,0.00706294350603853,NA,NA,NA,NA,NA,NA,NA,NA,NA,NA,NA,NA,NA,NA,NA,NA,NA,NA,NA,NA,NA,NA,NA,NA,NA
"P10809",0.000948247691481943,0.00605785963039023,0.00873020808046648,NA,NA,NA,NA,0.00482326274522308,0.00550423900795921,NA,NA,0.00684357257729751,0.00511133102173036,0.004363002,0.00721659153066647,0.00378448191053205,NA,NA,NA,NA,NA,0.0038567597827402,0.00608283275285945,0.00421398477726589,0.00332859598312788,NA,0.00676689914923994,0.00200995665639076,NA,NA,0.00474754052600874,0.007608832623645,0.00240897342215478
"P10915",NA,NA,0.0280506860307332,0.0115199335534023,NA,NA,NA,NA,0.0211877338554616,NA,NA,NA,NA,NA,NA,NA,NA,NA,NA,NA,NA,NA,NA,NA,NA,NA,NA,NA,NA,NA,NA,NA,NA
"P11021",0.00672621385519366,0.0147825115319883,0.0151679524880261,0.00665599069747823,0.0166851969428717,0.0129738117566508,0.00734250434505762,0.0112322364122856,0.00859100386074056,0.00913436431410238,0.0143034486081864,0.0123639439424314,0.0223205739911369,0.025436308,0.00855034474850945,0.0121922428839148,0.00803805439588845,0.00988172669688029,0.0233897041494282,0.0170140873776544,0,0.0130213694390358,0.0117721914811498,0.0151292492266431,0.00767350091914472,NA,0.011491641520061,0.0119878054039729,0.00965213784357315,NA,0.0083055399876938,0.0200469155293989,0.0134713833069199
"P11047",NA,0.00178176606630708,0.00383049557992421,0.00220679274010292,0.00241396487176159,0.00508182594919294,NA,0.00323601111995322,0.00298706050628875,NA,0.00277147200983136,0.00449522803373852,0.00478560963087679,0.003620785,NA,0.00227832477011468,NA,0.000982173994167714,NA,0.00301170185467142,NA,0.00194940500629208,0.00126838321321306,NA,NA,NA,0.00218875418373589,0.00163710814528305,NA,NA,0.00079611928367033,0.00307262413707855,0.0023083601929911
"P11055",NA,NA,NA,NA,NA,NA,NA,NA,NA,NA,NA,NA,NA,NA,NA,NA,NA,NA,NA,NA,0.000209604338571053,NA,NA,NA,NA,NA,NA,NA,NA,NA,NA,NA,NA
"P11166",NA,0.00648208024808769,0.00669368996176289,NA,0.00308557702324641,NA,NA,NA,NA,NA,NA,0.00531494629742153,0.00337807726489049,NA,0.00528786078615062,NA,0.00827767002664834,NA,0.00857893037203959,NA,NA,0.0156732140387844,NA,0.00464459273513051,0.00642989304522501,NA,NA,NA,NA,0.0277195184362333,NA,0.00816387923718887,NA
"P11169",NA,NA,NA,NA,NA,NA,NA,NA,NA,NA,NA,NA,NA,NA,NA,NA,NA,NA,NA,NA,NA,NA,NA,NA,NA,NA,NA,NA,NA,NA,NA,NA,0.00380311863137771
"P11172",NA,NA,NA,NA,NA,NA,NA,NA,NA,NA,NA,NA,NA,NA,NA,NA,NA,NA,0.000966906698263545,NA,NA,NA,NA,NA,NA,NA,NA,NA,NA,NA,NA,NA,NA
"P11177",NA,0.00956679943923801,0.00658607390649714,0.00327039384003466,0.00607193892617586,NA,NA,0.012695130219395,0.00566023262317101,NA,NA,0.0034863310893137,0.00498565066253092,0.009110397,0.00520284658294571,0.00506460291334425,NA,NA,0.00844100485557374,0.0071139997049575,NA,0.00362852531326188,0.00983710759883256,0.0030466136708741,NA,0.0032128388654354,0.00287714565577436,NA,NA,NA,NA,0.00803262659713668,0.00745949231495552
"P11215",NA,NA,NA,NA,NA,NA,NA,NA,NA,NA,NA,NA,NA,NA,NA,NA,0.00220497708340693,NA,NA,NA,NA,NA,NA,NA,NA,NA,NA,NA,NA,NA,NA,NA,NA
"P11215-2",NA,NA,NA,NA,NA,NA,NA,NA,NA,NA,NA,0.00176779751336995,NA,NA,NA,NA,NA,NA,NA,NA,NA,NA,NA,NA,NA,NA,NA,0.00262889237147147,NA,NA,NA,NA,NA
"P11216",NA,NA,0.00160858863057535,NA,NA,NA,NA,0.00149070664739073,NA,NA,NA,0.00212876135244423,0.00180399960977784,NA,NA,NA,NA,NA,NA,NA,NA,NA,NA,NA,NA,NA,NA,NA,NA,NA,NA,NA,NA
"P11217",NA,NA,NA,NA,NA,NA,NA,NA,NA,NA,NA,NA,NA,0.005017787,NA,NA,NA,NA,NA,NA,0.00534159888501242,NA,NA,NA,NA,NA,NA,NA,NA,NA,NA,NA,NA
"P11277",NA,0.000489515004570396,NA,NA,NA,NA,NA,NA,NA,NA,NA,NA,NA,NA,NA,NA,NA,NA,NA,NA,NA,0.00182417740636685,NA,0.000857392765833471,NA,0.000967346636602163,NA,0.00161446232581954,NA,0.00461448184479432,0.0010149345439501,0.00178365109859118,0.000517165583248435
"P11279",NA,NA,0.00335781858225347,NA,0.00928708100148143,NA,NA,0.00896183360595329,NA,NA,NA,NA,0.0101674587773839,0.006557377,NA,0.00516423480411937,NA,NA,0.00344282355276659,0.003626974240281,NA,0.0110997191868701,0.00334354206162203,0.0056953364510214,NA,NA,NA,NA,NA,NA,NA,NA,NA
"P11387",NA,NA,NA,NA,NA,NA,NA,NA,NA,NA,NA,NA,NA,NA,NA,NA,NA,NA,NA,0.000723024424877278,NA,NA,NA,NA,NA,NA,NA,NA,NA,NA,NA,NA,NA
"P11388",NA,NA,NA,NA,NA,NA,NA,NA,0.000623346902349583,NA,NA,NA,NA,NA,NA,NA,NA,NA,NA,0.000783446542682337,NA,0.000799200373800788,NA,NA,NA,NA,NA,NA,NA,NA,NA,NA,NA
"P11498",NA,NA,NA,NA,NA,NA,NA,0.00215484093785656,NA,NA,NA,NA,NA,NA,NA,NA,NA,NA,NA,NA,NA,NA,NA,NA,NA,NA,NA,NA,NA,NA,NA,NA,NA
"P11678",NA,NA,NA,NA,NA,NA,NA,NA,NA,NA,NA,NA,NA,NA,NA,NA,0.00198956648450307,NA,NA,NA,NA,NA,NA,NA,NA,NA,NA,NA,NA,NA,NA,NA,0.00163998988201064
"P11717",NA,NA,NA,NA,0.00158877511644846,NA,NA,NA,NA,NA,NA,NA,NA,NA,NA,NA,NA,NA,NA,NA,NA,NA,NA,NA,NA,NA,NA,NA,NA,NA,NA,NA,NA
"P12004",NA,NA,NA,NA,0.0117333125036362,0.00524884244553315,NA,0.0076592668009339,0.00579056675327701,NA,NA,0.00951095630396505,0.00906747033550781,0.006578947,0.00473124374774281,NA,NA,NA,NA,NA,NA,NA,NA,NA,NA,NA,NA,NA,NA,NA,NA,NA,NA
"P12036",NA,NA,NA,0.000424850729734996,NA,NA,NA,NA,NA,NA,NA,0.000132096223798488,NA,NA,NA,NA,NA,NA,NA,0.000563601629466108,NA,NA,NA,NA,NA,NA,NA,NA,NA,NA,NA,NA,NA
"P12107",NA,0.00128073377336153,0.0020680133275691,NA,NA,NA,NA,NA,NA,NA,NA,NA,NA,NA,NA,NA,NA,NA,NA,NA,NA,NA,NA,NA,NA,NA,NA,NA,NA,NA,NA,NA,NA
"P12109",0.00312881606688795,NA,NA,NA,NA,NA,NA,NA,NA,NA,0.00580133269157322,NA,NA,NA,NA,NA,0.00424058480096154,NA,0.0065399397124309,NA,NA,NA,0.00396399264018066,NA,0.00886878780174148,NA,0.00393556238640115,0.0054972963669924,0.0104643092973231,NA,NA,0.00759354313167698,NA
"P12110",0.00325689619003391,0.00410849534830716,0.0132730086769721,0.00908935299944862,0.00367906718144017,0.00870020555183314,0.00472361389973739,NA,0.0110202555197843,0.00683028467059997,0.00346303422732252,0.0045209746104205,0.00400288078043655,NA,NA,0.00415338515181652,0.00197502320165412,0.00350386471375886,0.00597183884344115,0.00927125183805024,NA,0.00373957367002394,0.00263393516118553,0.00367547492763399,0.0080712012317027,NA,0.00156981112299346,0.00416202915679221,0.00467273574932357,NA,0.00346242236468339,NA,0.00526387194375253
"P12110-2",NA,NA,0.0126905270485683,NA,NA,NA,NA,0.00271860081430021,0.0115101991525031,NA,NA,NA,NA,NA,NA,NA,NA,NA,NA,NA,NA,NA,NA,NA,NA,NA,NA,NA,NA,NA,NA,0.00655899220252259,NA
"P12111",0.00190436193942971,0.00217196540953443,0.00285864210390133,0.00301827186302098,0.00210887365585426,0.00313409160006083,NA,0.00132386605049073,0.00404564079079325,0.00312874385198034,0.00217338852544224,0.00205017823789105,0.00287056776861275,0.001238864,0.000713711549418221,0.00129381274859978,NA,NA,NA,0.00202417192082497,NA,NA,NA,0.00116428795155639,0.0020725236977895,NA,0.00122744747425395,NA,NA,NA,NA,0.00196224861938697,0.000772166445921758
"P12235",NA,NA,NA,NA,NA,NA,NA,NA,NA,NA,NA,NA,NA,NA,NA,NA,NA,NA,NA,NA,NA,NA,0.00171104021612805,NA,NA,NA,NA,NA,NA,NA,NA,NA,NA
"P12236",NA,NA,NA,NA,NA,NA,0.00353547423422336,NA,NA,NA,NA,NA,0.0102617593607558,0.00738255,NA,NA,NA,NA,0.00669502007596567,0.00919204266739489,NA,NA,NA,0.0081960952764787,NA,NA,NA,NA,NA,NA,NA,NA,NA
"P12270",NA,0.0005222529438853,0.00130331358899114,NA,0.0010130488835844,0.000420128584395138,NA,0.000855624320012521,0.00123597162010208,NA,NA,0.000570957932059862,0.00108866951888263,0.000526593,NA,0.000829431657980141,0.000800305081947314,NA,0.000552954788673771,0.00106797365381471,NA,NA,0.000537009104814677,NA,NA,NA,0.000471191373329755,NA,NA,NA,NA,0.0002923348199594,0.000732986082148525
"P12429",NA,NA,NA,NA,NA,NA,NA,NA,NA,NA,NA,NA,NA,NA,NA,NA,NA,NA,NA,NA,NA,NA,NA,NA,NA,NA,NA,0.00611254497938366,NA,NA,NA,NA,NA
"P12694",NA,NA,NA,NA,NA,NA,NA,0.00361555443549876,NA,NA,NA,NA,NA,NA,NA,NA,NA,NA,NA,NA,NA,NA,NA,NA,NA,NA,NA,NA,NA,NA,NA,NA,NA
"P12724",NA,NA,NA,NA,NA,NA,NA,NA,NA,NA,NA,NA,NA,NA,NA,NA,0.0348282951046779,NA,NA,NA,NA,NA,NA,NA,NA,NA,NA,NA,NA,NA,NA,NA,NA
"P12814",NA,NA,NA,NA,NA,NA,NA,NA,NA,NA,NA,0.00355770936928204,NA,NA,NA,NA,NA,NA,NA,NA,NA,0.0062703739133336,NA,NA,NA,NA,NA,NA,NA,NA,NA,0.00623181822538451,NA
"P12882",NA,NA,NA,NA,NA,0.000351006700331305,NA,NA,NA,NA,NA,NA,NA,NA,NA,NA,NA,NA,NA,NA,0.000920047763940706,0.00108637264765047,NA,NA,NA,NA,NA,NA,NA,NA,NA,0.000114635799345161,NA
"P12883",NA,NA,NA,NA,NA,0.00149426469574845,NA,NA,0.000860564014441031,NA,NA,NA,NA,NA,NA,NA,NA,NA,0.00151351281794187,NA,0.00388773777841024,NA,NA,NA,NA,NA,NA,NA,NA,NA,NA,NA,NA
"P12956",NA,NA,NA,NA,NA,NA,NA,NA,NA,NA,NA,NA,NA,0.002986942,NA,NA,NA,NA,NA,0.00603548592044988,NA,NA,NA,0.00176908089266511,NA,NA,NA,NA,NA,NA,NA,NA,NA
"P13010",0.00232530258214322,NA,0.00401764592194232,NA,0.00549989785332889,NA,NA,0.002816109756833,NA,NA,0.00291920722356784,0.00206229038343617,0.00270342500574301,NA,NA,0.00149794776327439,0.00144534537102128,NA,0.00149794776327439,0.00499722109848748,NA,NA,NA,NA,0.00140338647819368,NA,NA,NA,NA,NA,NA,0.00176487502621523,0.00242690626593096
"P13224",NA,NA,NA,NA,NA,NA,0.0110902236636692,NA,NA,NA,NA,NA,NA,0.013157895,0.0113549849945828,NA,0.0426604952792458,NA,0.019343229911456,NA,NA,0.0534539084452506,NA,0.00997365152870211,NA,NA,NA,0.0207826549042566,NA,0.0146905717552921,NA,NA,NA
"P13224-2",NA,NA,NA,NA,NA,NA,NA,NA,NA,NA,NA,NA,NA,NA,NA,NA,NA,NA,NA,NA,NA,NA,NA,NA,NA,NA,NA,NA,NA,NA,NA,NA,0.0103106762091982
"P13284",NA,NA,NA,NA,NA,NA,NA,NA,NA,NA,NA,NA,NA,NA,NA,NA,NA,NA,NA,NA,NA,NA,0.0073897116481223,NA,NA,NA,NA,0.00715345010054526,NA,NA,NA,NA,NA
"P13473",NA,NA,0.007912738786658,NA,0.00312644519290572,NA,NA,NA,NA,NA,NA,NA,0.0085570499636913,NA,NA,0.00695404703105331,NA,NA,NA,NA,NA,0.00934165102063286,0.00253256697164106,0.00575191243700077,0.00325752817879605,NA,NA,NA,NA,NA,NA,NA,NA
"P13611",NA,0.00264559542246573,NA,0.000751175707958949,NA,0.000571152696723022,NA,NA,NA,NA,NA,NA,NA,NA,NA,NA,NA,NA,NA,NA,NA,NA,NA,NA,NA,NA,NA,NA,NA,NA,NA,NA,NA
"P13639",0.00302736096100532,0.00385470243262819,0.00664363845954603,0.00175209746482659,0.00750409049305809,0.00154617033363608,0.00136120348954221,0.00833503244562342,0.00283960450317609,NA,NA,0.00320023247498201,0.00749237966262954,0.002814692,0.00337695594834662,0.00367054083808292,0.00305439639386913,0.000765182629928318,0.00443531603811964,0.00909146229765722,NA,0.0063178848162907,0.00387211962390081,0.0036616196808122,0.00240082566980234,NA,0.00337597716393719,0.00278466974536689,NA,NA,0.00186069780863009,0.00514961264526637,0.00660058287096568
"P13645",0.0135836375037393,0.00877908455228873,NA,0.0142331275007477,0.009972657671709,0.0162396536345187,NA,0.00611028675910178,0.00209563346419243,0.0101192109784807,0.0122251374355234,0.0159082606681029,0.00512743800420376,0.012887463,0.0119512569895191,0.0269465884816014,0.00866722716700942,0.0112553372777077,0.0114823144716667,0.01352466693156,NA,0.0174376919225836,0.0170487024009939,0.00526387195598063,0.0214346380830901,0.00872311300329306,0.00497106885441006,0.015297006227929,0.00421729901281253,0.0135028036483542,0.00342900153663702,0.0128465765619742,0.0116194527303987
"P13671",NA,NA,0.000429406290104768,NA,NA,NA,NA,NA,NA,NA,NA,NA,NA,NA,NA,NA,NA,NA,NA,NA,NA,NA,NA,NA,NA,NA,NA,NA,NA,NA,NA,NA,NA
"P13674",NA,NA,0.00752500248186587,NA,0.0020305090066256,NA,NA,NA,NA,NA,NA,NA,NA,NA,NA,NA,NA,NA,NA,0.00138773962548681,NA,NA,NA,NA,NA,NA,NA,NA,NA,NA,NA,0.00268617912572124,NA
"P13686",NA,NA,NA,NA,NA,NA,NA,NA,NA,NA,NA,NA,NA,NA,0.0142362156916363,0.0168581229228067,NA,NA,NA,NA,NA,NA,0.0224767873282497,0.0141618094361144,NA,NA,NA,NA,NA,NA,NA,NA,NA
"P13716",NA,NA,NA,NA,0.00484198207161299,NA,NA,NA,NA,NA,NA,NA,NA,NA,0.0148670230211191,NA,NA,NA,NA,0.00425471933512258,NA,NA,NA,NA,NA,0.00640508236654537,NA,0.011960018371442,NA,0.0151488668044816,NA,NA,NA
"P13747",NA,NA,NA,NA,NA,NA,NA,NA,NA,NA,NA,NA,NA,NA,NA,NA,NA,NA,NA,0.000356754883298752,NA,NA,NA,NA,NA,NA,NA,NA,NA,NA,NA,NA,NA
"P13796",NA,0.00083481348549714,0.000584973347688724,NA,NA,NA,NA,NA,NA,NA,NA,0.0067841622377577,0.00406621403092832,0.010906686,NA,0.00315254048102023,0.00494653483888811,NA,NA,0.00587623127154011,NA,NA,0.00483974518703427,0.00244583906401767,NA,NA,0.00325127980070627,NA,NA,NA,NA,0.00599247326552993,0.0040400836466185
"P13796-2",NA,NA,NA,NA,NA,NA,NA,NA,NA,NA,NA,NA,NA,0.008715986,NA,NA,NA,NA,NA,NA,NA,NA,NA,NA,NA,NA,0.0106522896353424,NA,NA,NA,NA,NA,NA
"P13797",NA,NA,NA,NA,NA,0.00469861109009,NA,NA,NA,NA,NA,NA,NA,NA,NA,NA,NA,NA,NA,NA,NA,NA,NA,NA,NA,NA,NA,NA,NA,NA,NA,NA,NA
"P14174",NA,NA,NA,NA,NA,NA,NA,NA,0.0880166195787413,NA,NA,NA,NA,NA,NA,NA,NA,NA,NA,NA,NA,NA,NA,NA,NA,NA,NA,NA,NA,NA,NA,NA,NA
"P14543",NA,0.00241143733630982,0.00507086893377577,NA,0.00114788344065392,0.00617237888697786,NA,0.00569710490384618,0.00913852004449208,NA,0.00455953835052525,NA,0.00205641572729786,0.00331565,NA,0.00382979834440034,NA,NA,0.00336558001324056,0.0026897654656589,NA,NA,0.0013524936627557,NA,0.00195710934744894,NA,0.00247234876754494,0.00338223507249007,NA,NA,NA,0.00338944829145804,0.0016409568172352
"P14550",NA,NA,0.0109264635325158,0.00703870226740261,0.0108902710136463,0.00506116788986488,0.0230886425821323,0.00945799022212048,NA,NA,0.00708084479816271,NA,0.0157974786700197,0.016724337,NA,NA,NA,NA,0.00726685811216593,0.00191388772799345,NA,NA,0.00352865154028364,0.00878179236554294,NA,NA,NA,NA,NA,NA,NA,NA,NA
"P14625",0.00927844197782387,0.00670656174915133,0.00500712270476967,0.00439999000461537,0.00801283991040251,0.007267179440252,NA,0.00422308632507218,0.00741487914112105,0.00508589216280864,NA,0.000740607119868304,0.00717403262763306,0.008968688,0.00785955175969637,0.00656458884508045,0.00207620205854847,0.00485451845351071,0.0087402617488939,0.00932232301916899,NA,0.00642344880204018,0.0059071348254876,0.00532140017632065,0.00158830836794816,NA,0.00482845595930384,0.00348388656864509,0.00201646928806302,NA,0.00229536923837867,0.00710045555845619,0.00358277896304994
"P14770",NA,NA,NA,NA,NA,NA,NA,NA,NA,NA,NA,NA,NA,NA,NA,NA,0.0185339043427003,NA,NA,NA,NA,NA,NA,NA,NA,NA,NA,NA,NA,NA,NA,NA,NA
"P14780",NA,NA,NA,NA,0.000874246854726035,NA,NA,NA,NA,NA,NA,0.0020078686735314,NA,0.007098765,0.00299645455335771,NA,0.00562881582075822,NA,0.000972278810499855,0.00204856865070546,NA,0.00287342221642785,0.00236060245951159,NA,NA,NA,0.00248553442720503,0.00365620802660279,NA,NA,0.00177800072565473,0.00461334710039232,0.00581407571778819
"P14866",NA,NA,NA,NA,0.00251783105491336,NA,NA,NA,NA,NA,NA,NA,NA,NA,NA,NA,NA,NA,NA,NA,NA,NA,NA,NA,NA,NA,NA,NA,NA,NA,NA,NA,NA
"P14868",NA,NA,0.00624746123804758,NA,NA,NA,NA,NA,NA,NA,NA,NA,NA,NA,NA,NA,NA,NA,NA,NA,NA,NA,NA,NA,NA,NA,NA,NA,NA,NA,NA,NA,NA
"P15088",NA,NA,NA,0.00487814146737335,NA,NA,NA,NA,NA,NA,NA,NA,NA,NA,NA,NA,NA,NA,NA,0.00265282301556553,NA,NA,NA,NA,NA,NA,NA,NA,NA,NA,NA,NA,NA
"P15144",NA,NA,NA,0.00140676709594779,0.00149093567590216,NA,NA,NA,NA,NA,NA,NA,0.00262116382840806,0.000461042,NA,0.0014523667140262,NA,NA,NA,NA,NA,NA,0.00211572672378641,NA,NA,NA,0.00123761052544962,NA,NA,NA,NA,0.00230350131994442,NA
"P15259",NA,NA,0.00607194404003179,0.00335010744846788,0.00653093443445002,NA,NA,0.00630221139275036,0.00695783524063452,NA,NA,0.006428354002664,0.010214343927175,0.011363636,NA,NA,NA,NA,0.0036316339767499,0.0131173165447451,NA,NA,0.00403075152994484,0.00374504678076837,NA,NA,NA,NA,NA,NA,NA,0.00822841553243493,0.00366782936049459
"P15531",NA,NA,0.0119781810666061,NA,NA,NA,NA,NA,NA,NA,NA,NA,NA,NA,NA,NA,NA,NA,NA,0.0327501407659416,NA,NA,NA,NA,NA,NA,NA,NA,NA,NA,NA,NA,NA
"P16104",NA,NA,NA,NA,NA,NA,NA,NA,NA,NA,NA,NA,NA,0.006993007,NA,NA,NA,NA,NA,0.0237137873778906,NA,0.0354567892384275,0.0220769243808472,0.017385231709083,NA,NA,NA,NA,NA,NA,NA,0.0286870831343752,NA
"P16152",NA,NA,NA,NA,0.0110536530503769,NA,NA,0.0113478811926551,NA,NA,NA,NA,0.006323223814885,0.005657399,NA,NA,NA,NA,NA,NA,NA,0.00543187226602355,NA,NA,NA,NA,NA,NA,NA,NA,NA,NA,NA
"P16157",NA,NA,NA,NA,NA,NA,NA,NA,NA,NA,NA,NA,NA,NA,0.00296991256033834,NA,0.00100249359354598,NA,NA,NA,NA,0.00182914155206321,NA,NA,NA,0.00213893030303381,NA,0.00215957898737619,NA,0.00223453459096286,NA,0.00152655680475161,0.00066397084850477
"P16401",0.0164858312169415,0.0173703965427989,0.0326758465011294,0.0231449622588422,0.0229047896466019,0.0205928044973956,0.00699272923341348,0.0245249773387268,0.0263930024108667,NA,0.0478088619415636,0.0175910606498536,0.0211922024453746,0.011061947,0.0225927353921587,0.037524304776482,0.0499673003636437,0.014667309479532,0.045931873588696,0.0426211512623934,0.00772877221678121,0.036689769505181,0.038787530900217,0.0297664945928326,0.0330826521968516,0.0066318112288494,0.0341022525059056,0.0282708978777091,0.013062432185175,NA,0.0116356760152501,0.0158452996836568,0.0207354090166564
"P16402",NA,0.00700035822496984,NA,NA,0.0150775588679754,NA,NA,0.00939062567520815,0.0135348401716757,NA,NA,0.0182752380306748,0.0183176063806061,0.011127617,0.0141200328500936,0.0279263132748745,0.0285796004750095,0.0213368670244552,0.0289755857103749,0.0195776799123267,NA,0.0337835651945319,0.0338229105706877,NA,0.0153075023447716,NA,0.0253029954489674,0.0159169044396957,NA,NA,NA,0.0174049078050961,0.00707935221737443
"P16403",0.0177740914957256,0.0233127232811985,0.0310546517987586,0.0312189467194012,0.0212884952696209,0.0224332458663957,0.0158754082659111,0.0365698742210784,0.0282885969830778,NA,0.0339115151182913,0.0323844542135641,0.0223547199256795,0.065306662,0.0217995618296624,0.0339050531194136,0.0702213354471702,0.0222664017318265,0.0387718917383603,0.037109179518004,NA,0.0396301552145896,0.0482651772028549,0.020215333816256,0.0257195879212775,0.0132912981030067,0.0336846475603761,0.0269415428651012,0.0321454360261952,NA,0.0203503482323123,0.0303798333276664,0.0157913467226058
"P16444",NA,NA,NA,NA,NA,NA,NA,NA,NA,NA,NA,NA,NA,NA,0.00431489421164356,NA,NA,NA,NA,NA,NA,0.00300925744752967,NA,NA,NA,NA,NA,NA,NA,NA,NA,NA,0.00247456262427349
"P16930",NA,NA,NA,NA,NA,NA,NA,NA,NA,NA,NA,NA,NA,0.006289308,NA,NA,NA,NA,NA,NA,NA,NA,NA,NA,NA,NA,NA,NA,NA,NA,NA,NA,NA
"P16930-2",NA,NA,NA,NA,NA,NA,NA,0.00454046394277326,NA,NA,NA,NA,NA,NA,NA,NA,NA,NA,NA,NA,NA,NA,NA,NA,NA,NA,NA,NA,NA,NA,NA,NA,NA
"P16989",NA,0.00171584488823006,0.00295309803059679,NA,NA,NA,NA,NA,NA,NA,NA,NA,NA,NA,0.00186630393378534,NA,NA,NA,NA,NA,NA,NA,0.00220540721267728,NA,NA,NA,0.00464425043268432,NA,NA,NA,NA,NA,NA
"P17066",NA,NA,NA,0.00216178334522712,NA,NA,NA,0.00417258387064127,0.00191574685742979,NA,NA,0.00160357607604033,0.00579242317953073,0.001961482,NA,NA,NA,0.000921074991207996,NA,NA,NA,NA,0.00552572887957961,NA,0.00107098217029956,NA,0.00178341415656689,0.0013817395117287,NA,NA,NA,NA,NA
"P17096",NA,NA,NA,NA,NA,NA,NA,NA,NA,NA,NA,NA,NA,NA,NA,NA,NA,NA,0.0196273092226292,NA,NA,NA,NA,NA,NA,NA,NA,NA,NA,NA,NA,NA,NA
"P17098",NA,NA,NA,NA,NA,NA,0,NA,NA,NA,NA,NA,NA,NA,NA,NA,NA,NA,NA,NA,NA,NA,NA,NA,NA,NA,NA,NA,NA,NA,NA,NA,NA
"P17174",NA,NA,NA,NA,NA,NA,NA,NA,NA,NA,NA,NA,NA,0.002010724,NA,NA,NA,NA,NA,NA,NA,NA,NA,NA,NA,NA,NA,NA,NA,NA,NA,NA,NA
"P17655",NA,NA,0.0024192156816618,0.00224240826854993,NA,NA,NA,NA,NA,NA,NA,0.000853739828709838,0.00122089521327792,NA,NA,NA,NA,NA,NA,0.00174208957132477,NA,0.00266568078760559,NA,NA,NA,NA,NA,NA,NA,NA,NA,NA,NA
"P17661",NA,NA,NA,0.00595107337399821,NA,0.0090574935212754,NA,NA,0.00321619945303526,NA,NA,NA,NA,NA,NA,0.0069246946750444,NA,NA,NA,NA,NA,NA,NA,0.00204567133829719,NA,NA,NA,0.0102350426697235,NA,NA,NA,NA,NA
"P17812-2",NA,NA,NA,NA,NA,NA,NA,NA,NA,NA,NA,NA,NA,NA,NA,NA,NA,NA,NA,NA,NA,NA,NA,NA,NA,NA,0.00106522878457578,NA,NA,NA,NA,NA,NA
"P17813",NA,NA,NA,NA,NA,NA,NA,NA,NA,NA,NA,NA,0.00640056668759869,0.003095975,NA,NA,NA,NA,NA,NA,NA,NA,NA,NA,NA,NA,NA,0.00458440922812579,NA,NA,NA,NA,NA
"P17858",NA,NA,0.00270935094265034,NA,NA,0.00189958087796984,NA,0.00198855521286023,NA,NA,NA,NA,0.0016407807402125,0.004104308,NA,NA,NA,NA,0.00166676397516005,NA,NA,0.00179122491296392,NA,NA,NA,NA,NA,NA,NA,NA,NA,NA,NA
"P17858-2",NA,0.00146493104670532,0.00672335196983923,NA,NA,NA,NA,NA,NA,NA,NA,NA,NA,NA,NA,NA,NA,NA,NA,0.00245101955821314,NA,NA,NA,NA,NA,NA,0.00132170221309863,NA,NA,NA,NA,NA,NA
"P17931",NA,NA,NA,0.0111157653998723,NA,NA,NA,NA,NA,NA,NA,NA,NA,NA,NA,NA,NA,NA,NA,0.0151123902710124,NA,NA,NA,NA,NA,NA,NA,NA,NA,NA,NA,0.00614298412031684,NA
"P18077",NA,NA,NA,NA,0.028897830458161,NA,0.0191558402989352,NA,NA,NA,NA,0.0098568089647686,0.0256185473930566,NA,NA,NA,NA,NA,NA,NA,NA,NA,0.0300529474264112,NA,0.0327924527598551,NA,NA,0.0186965168819627,NA,NA,NA,NA,NA
"P18124",NA,0.0128968558153615,0.015601257658245,NA,0.0319955714364421,0.0146247443723851,NA,0.0187118604732679,0.00360820787331506,NA,NA,0.0232281752729889,0.0199094221835331,0.015829013,0.0149339416367239,NA,NA,NA,0.0171681208904164,0.0159047220288212,0.0563452514025223,NA,0.0113472082885505,NA,NA,NA,NA,0.0106340385138796,NA,NA,NA,NA,0.0261761103995529
"P18206",NA,0.000556126446378502,0.00314259364066361,0.00228925046413,NA,0.00159689120274057,0.00270777603545538,NA,NA,NA,0.00178499024609754,NA,0.00278704342014557,0.005300055,0.00134420389162358,0.00196273102726902,0.00280238340983213,0,0.00348501605506666,0.00077539321024695,NA,0.0023382175708273,NA,0.00246467245942742,0.000919414140429719,0.000933824713559585,0.00195126019515944,0.00272165335977609,0.00696642762977581,0.0024636835111619,0.000934696329101565,0.00180014053380443,NA
"P18428",NA,NA,0.0112956015544412,NA,NA,NA,NA,NA,0.00647181010781929,NA,NA,0.0099655233589475,0.00760067332915779,0.007352941,NA,NA,0.00372495176528844,NA,NA,NA,NA,NA,NA,NA,NA,NA,NA,0.00544398589670087,NA,NA,NA,NA,NA
"P18577",NA,NA,NA,NA,NA,NA,NA,NA,NA,NA,NA,NA,NA,NA,NA,NA,NA,NA,NA,NA,NA,NA,NA,NA,NA,NA,NA,NA,NA,0.000998285982239178,NA,NA,NA
"P18583",NA,NA,NA,NA,NA,NA,NA,0.00187328672493122,NA,NA,NA,NA,NA,NA,NA,NA,NA,NA,NA,NA,NA,NA,NA,NA,NA,NA,NA,NA,NA,NA,NA,NA,NA
"P18669",NA,NA,0.00403202579472483,NA,0.00712476733235327,NA,NA,0.00597847598170972,NA,NA,NA,0.005335871218814,NA,0.001968504,NA,NA,NA,NA,NA,0.00994442856885184,NA,NA,NA,NA,NA,NA,0.00352280453088102,NA,NA,NA,NA,0.0136600331600776,0.00365338936142597
"P19022",NA,NA,NA,NA,NA,NA,NA,NA,NA,NA,NA,NA,NA,0.001937984,NA,NA,NA,NA,NA,NA,NA,NA,NA,NA,NA,NA,NA,NA,NA,NA,NA,NA,NA
"P19338",0.0108739070979532,0.00491643912796187,0.0108834314482927,0.00258145300571264,0.00763210141409287,0.00620122740847956,NA,NA,0.00216764338133458,NA,0.00251391743595006,0.00812635407110319,0.0107514841930972,0.006373378,0.0075972461043999,0.00872360778093692,0.00265725757693297,0.00430709000736942,0.00879137031941103,0.0108596920125875,NA,0.00821666659549961,0.00740191739710781,0.00407482401605337,0.00728258766060233,NA,0.00335279756883033,NA,0.00299706509947803,NA,NA,0.00608652183597006,0.00307489020459998
"P19367",NA,NA,0.00142438779597222,0.00294706928471726,0.00196979120359721,NA,NA,0.00168960499130314,NA,NA,NA,0.00113099639247127,NA,0.002781641,0.00125025893612412,0.00219066987546297,NA,NA,0.00413793140361836,0.00453876191883645,NA,0.00156950172347378,0.00141833169101651,0.000988348204097435,0.00438166560385277,NA,0.00186674348115738,0.003203631225907,0.00123175599781094,NA,NA,0.00212328999622755,0.00333411978494926
"P19525",NA,NA,NA,NA,NA,NA,NA,NA,NA,NA,NA,NA,NA,NA,NA,NA,NA,NA,NA,NA,NA,NA,0.00337675528233463,NA,NA,NA,NA,NA,NA,NA,NA,NA,NA
"P19652",NA,NA,NA,NA,NA,NA,NA,NA,NA,NA,NA,NA,NA,NA,NA,NA,NA,NA,NA,NA,NA,NA,NA,NA,0.0259940174675841,NA,NA,NA,NA,NA,NA,NA,NA
"P19823",NA,0.0035435997756208,0.00431947884740788,0.00493335433431643,0.00389664269229363,0.00244231827167551,NA,0.00206603136631921,0.0125729241396236,NA,NA,NA,NA,NA,NA,NA,NA,0.000805783818801379,NA,0.000752535242099643,NA,0.00204711370261387,NA,NA,0.00312309059849473,NA,NA,0.00201464475563366,NA,NA,NA,NA,NA
"P19827",NA,0.0011561738979221,0.00826152213501662,0.00269850916567603,0.0040992179117836,0.00211675497960247,0.00457411530334301,0.0026371048006787,NA,NA,NA,0.000784550647466381,0.00149593573879403,NA,NA,NA,NA,0.000285697241632196,NA,0.00525631273260242,NA,0.00163309898626304,NA,NA,0.000854217496898719,NA,NA,0.00142861951698164,NA,NA,NA,0.00241017552500244,NA
"P19827-2",NA,NA,NA,NA,NA,NA,NA,NA,0.0189975687815092,NA,NA,NA,NA,NA,NA,NA,NA,NA,NA,NA,NA,NA,NA,NA,NA,NA,NA,NA,NA,NA,NA,NA,NA
"P19971-2",NA,NA,NA,NA,NA,NA,NA,NA,NA,NA,NA,0.00530195157319288,NA,NA,NA,NA,NA,NA,NA,NA,NA,NA,NA,NA,NA,NA,NA,NA,NA,NA,NA,NA,NA
"P20039",NA,NA,0.00256675352461611,NA,NA,NA,NA,0.00228350835224755,NA,NA,NA,0.00203806175534994,NA,NA,NA,0.00394759734107859,NA,NA,NA,NA,NA,NA,NA,NA,NA,NA,NA,NA,NA,NA,NA,NA,NA
"P20042",NA,NA,NA,NA,NA,NA,NA,NA,NA,NA,NA,NA,0.00310417896858969,0.004504505,NA,NA,NA,NA,NA,NA,NA,NA,NA,NA,NA,NA,NA,NA,NA,NA,NA,NA,NA
"P20073",NA,NA,NA,0.00508546255347592,NA,0.00398912048199594,NA,NA,NA,NA,0.00409272830807187,0.00361416296180712,NA,0.005277778,NA,0.0052503051566748,0.00337728888454287,NA,NA,0.00737484692129428,NA,0.00564235700882351,NA,NA,NA,NA,NA,NA,NA,NA,NA,NA,NA
"P20160",NA,NA,NA,NA,NA,NA,NA,NA,NA,NA,NA,0.0131424119530248,NA,NA,NA,NA,0.0161188804711324,NA,NA,NA,NA,0.00769412339902686,NA,NA,NA,NA,NA,0.0308118595134756,NA,NA,NA,NA,NA
"P20290",NA,NA,NA,NA,NA,NA,NA,NA,NA,NA,NA,0.012281137678035,0.00501792044682398,NA,NA,NA,NA,NA,NA,NA,NA,NA,NA,NA,NA,NA,NA,NA,NA,NA,NA,NA,NA
"P20339",NA,NA,NA,NA,NA,NA,NA,NA,NA,NA,NA,NA,NA,0.004651163,NA,NA,NA,NA,NA,NA,NA,NA,NA,NA,NA,NA,NA,NA,NA,NA,NA,NA,NA
"P20591",NA,NA,NA,NA,NA,NA,NA,NA,NA,NA,NA,NA,NA,NA,NA,NA,NA,NA,NA,NA,NA,NA,NA,NA,NA,NA,NA,NA,NA,NA,NA,0.00442438393524068,NA
"P20618",NA,NA,NA,0.00844060155859421,0.00796616593778518,0.00606920108353513,NA,0.00787620804847249,NA,NA,NA,0.00374913244544757,0.0164418437653583,0.012448133,0.00447603177853028,NA,NA,NA,NA,0.0110928713858554,NA,NA,0.00634717915157906,NA,NA,NA,NA,NA,NA,NA,NA,NA,NA
"P20700",NA,NA,NA,NA,NA,NA,NA,NA,NA,NA,NA,0.00453641106339032,NA,0.005542616,NA,NA,NA,NA,NA,NA,NA,0.00433852679358158,NA,NA,NA,NA,0.00324626717411725,NA,NA,NA,NA,NA,NA
"P20742",NA,NA,0.000518812209486614,NA,NA,NA,NA,NA,NA,NA,NA,NA,NA,NA,NA,NA,NA,NA,NA,NA,NA,NA,0.00103321170568958,NA,NA,NA,NA,NA,NA,NA,NA,NA,NA
"P20774",NA,0.0214925503855092,0.0213875111811011,0.0254155439899383,0.018654682230034,0.0226551933495971,0.0159029623142103,0.00114606286123452,0.0275937084120022,0.00301040967828752,0.0074647247054553,0.0126601249881859,0.00825652997398658,NA,NA,NA,NA,0.0108020661120959,0.00363228606465036,0.0235839373484128,NA,NA,0.00705508301911341,0.00446932476295684,NA,NA,NA,0.0037251928788229,0.00835502744900169,NA,NA,0.00628464653865409,NA
"P20849",NA,NA,0.0179928759870209,NA,NA,NA,NA,0.00140778655366177,0.00733903522003004,NA,NA,NA,NA,NA,NA,NA,NA,NA,NA,NA,NA,NA,NA,NA,NA,NA,NA,NA,NA,NA,NA,0.00454614028607097,NA
"P20849-3",NA,0.00554336421941378,NA,NA,NA,0.0119187133238858,NA,NA,NA,NA,NA,NA,NA,NA,NA,NA,NA,NA,NA,NA,NA,NA,NA,NA,NA,NA,NA,NA,NA,NA,NA,NA,NA
"P20908",NA,NA,NA,NA,NA,NA,NA,NA,NA,NA,NA,NA,NA,NA,NA,NA,NA,NA,0.000693109584709142,NA,NA,NA,NA,NA,NA,NA,NA,NA,NA,NA,NA,NA,NA
"P20908-2",NA,NA,NA,NA,0.00155806356126622,NA,NA,NA,NA,NA,NA,NA,NA,NA,NA,NA,NA,NA,NA,NA,NA,NA,NA,NA,NA,NA,NA,NA,NA,NA,NA,NA,NA
"P20962",NA,NA,NA,0.0178437286146848,NA,0.0209953705799567,NA,0.0479536690193605,0.0386037804089012,NA,0.0143604504909699,NA,NA,0.040935673,NA,NA,NA,NA,NA,NA,NA,0.0197977442865637,NA,NA,0.0172591861808572,NA,NA,NA,NA,NA,NA,NA,NA
"P21281",NA,NA,NA,NA,0.00305433011430304,NA,NA,NA,NA,NA,NA,NA,NA,0.006935235,0.00341368217042903,NA,NA,NA,NA,NA,NA,NA,NA,0.00303172375746341,NA,NA,0.00629249189230416,0.00485951644756387,NA,NA,NA,NA,NA
"P21333",NA,NA,0.00384971448830942,NA,0.00185017032404641,NA,0.00252485183831393,0.00361524101031837,0.00385696748489806,NA,0.00212170882655055,0.00505972275752746,0.00123831291669704,0.0059681,NA,0.00136663553118389,0.00287174313631885,NA,0.00290888326924823,NA,0.000408871689844909,0.00269418484674276,NA,NA,NA,NA,0.00274170004716904,0.000595673897738168,NA,NA,NA,0.00270531076767784,0.00336366605898981
"P21399",NA,NA,NA,0.00221427955807414,0.00639507071406545,NA,NA,0.00231416479714529,NA,NA,NA,NA,NA,NA,NA,NA,NA,NA,NA,NA,NA,NA,NA,NA,NA,NA,NA,NA,NA,NA,NA,NA,NA
"P21810",0.023493713760643,0.0308928187408313,0.0429620999906694,0.027327316842204,0.0414256088875032,0.028551368725698,0.0123413605671291,0.0267289522292092,0.0293506389612303,0.0234142952522495,0.0126557112800827,NA,0.0173365462244141,NA,0.00339221233555544,0.016125150921226,NA,0.0397938178210392,0.0197574380359374,0.0339352826631023,NA,0.00887163026861244,0.0114912338830631,0.0177831424972442,0.0263252983060355,0.00942634797313229,0.00703453063802076,0.00856646532510059,0.0245677604864949,NA,0.00704490777476301,0.01732642102464,0.00885161828132945
"P21815",NA,NA,NA,NA,NA,NA,0.0195105787846297,NA,NA,0.0196977406191429,NA,NA,NA,NA,NA,NA,NA,0.0614186433022143,NA,0.0102428421473003,NA,NA,NA,0.0198857366053775,0.0455450734415387,NA,NA,NA,0.0131204871952902,NA,NA,NA,NA
"P21980",NA,NA,NA,0.00628645759521492,NA,NA,NA,NA,NA,NA,NA,NA,NA,NA,NA,NA,NA,NA,NA,NA,NA,0.00182179407476632,NA,0.00757531332558282,NA,NA,NA,NA,NA,NA,NA,NA,NA
"P22033",NA,NA,NA,NA,NA,NA,NA,NA,NA,NA,NA,NA,NA,NA,NA,NA,NA,NA,0.00122100151668701,NA,NA,NA,NA,NA,NA,NA,NA,NA,NA,NA,NA,NA,NA
"P22059",NA,NA,NA,NA,NA,NA,NA,NA,NA,NA,NA,NA,NA,0.00554785,NA,NA,NA,NA,NA,NA,NA,NA,NA,NA,NA,NA,NA,NA,NA,NA,NA,NA,NA
"P22090",NA,NA,NA,NA,NA,NA,NA,NA,NA,NA,NA,0.00288583387758047,NA,NA,NA,NA,NA,NA,NA,NA,NA,NA,NA,NA,NA,NA,NA,NA,NA,NA,NA,NA,NA
"P22102",NA,NA,0.00276259774456675,NA,NA,NA,NA,NA,NA,NA,NA,NA,NA,NA,NA,NA,NA,NA,NA,NA,NA,NA,NA,NA,NA,NA,NA,NA,NA,NA,NA,NA,NA
"P22314",0.00237528113328262,0.00162583291088318,0.00382418179061404,0.00140799676079322,0.00796411894139341,NA,0.00115144377967842,0.0116891101021365,0.00808353875956216,NA,0.00256447818292232,0.00662699167165535,0.0110888987033026,0.007751214,0.00347785219842104,NA,NA,NA,0.00507692222936387,0.00491128717400318,NA,0.00359713123886479,NA,0.00437961102122657,0.00161274333644199,NA,NA,0.00161832119714835,NA,NA,NA,0.00573987397074507,0.00363409055925194
"P22314-2",NA,NA,NA,NA,NA,0.00715781211746941,NA,NA,NA,NA,NA,NA,NA,NA,NA,NA,NA,NA,NA,NA,NA,NA,0.00476240097899207,NA,NA,NA,0.00391680127578136,NA,NA,NA,0.00246999016055697,NA,NA
"P22392",NA,NA,NA,NA,0.0262520536310832,NA,NA,NA,NA,NA,NA,0.0118886948378318,0.00373517946526321,NA,NA,NA,NA,NA,NA,0.0216601466764686,NA,NA,NA,NA,NA,NA,NA,NA,NA,NA,NA,NA,0.00814000777777778
"P22626",NA,0.0221355062570606,0.0213153383732719,0.0161937746994298,0.0262790970216059,0.016238274196656,0.00843089610108637,0.035030209467166,0.018337373721373,NA,0.00728491969124243,0.0336505556208005,0.039887643778726,0.031603455,0.0316290806991318,0.0305678940580471,0.00659565942473175,0.00714073364886118,0.0118329182993581,0.0297901605538548,0.0129532407039945,0.0298796669043972,0.0151552112731359,0.0170920202732473,0.0129060175466622,0.0107529034628116,0.0199531547410194,0.0228478983574675,0.0107527174336737,NA,0.0121074772178221,0.0202982699142937,0.0250481396298162
"P22695",NA,NA,NA,NA,NA,NA,NA,NA,NA,NA,NA,NA,NA,NA,NA,NA,NA,NA,0.00646191387743652,NA,NA,NA,NA,NA,NA,NA,NA,NA,NA,NA,NA,NA,NA
"P22894",NA,NA,NA,NA,NA,NA,NA,NA,NA,NA,NA,NA,NA,NA,NA,NA,NA,NA,NA,NA,NA,NA,NA,NA,NA,NA,NA,0.00435518891479591,NA,NA,NA,NA,NA
"P23142",NA,0.00258270406579455,0.00518987131662474,0.00683134049759961,0.00478472943314077,0.00735018107012089,NA,0.0127484935897167,0.0090114610128006,NA,0.00691339245652927,0.00335775325351037,0.00611135218289664,0.002181869,NA,NA,NA,0.00200084842988875,0.00325187835470658,0.00280294022959669,NA,0.00476550426092449,NA,NA,0.0058162288509706,NA,NA,0.00250129097748571,0.0044880051180705,NA,NA,0.000703307470656491,0.00143687595127754
"P23246",NA,0.00454810408676834,0.00728932454979531,0.00278464774749932,0.00948265885461558,0.00415021393224448,NA,0.0170116664486898,NA,NA,0.00829190684234536,0.0104776987316368,0.0110575788815877,0.01141943,0.0122565443847813,0.00795116608531042,0.012014688846328,0.00543200957064416,0.00791798205659818,0.0122387389064428,NA,0.0104140565777437,0.00880237336133286,0.00745805205967168,0.00202006888983029,NA,0.00729401146353856,0.0065341826942989,NA,NA,0.00295724930020113,0.00653976812912934,0.00476365927760355
"P23284",0.0325755765887225,0.0198963839386892,0.0480686190470546,0.00706314198334211,0.0319880651535479,0.0195190760741555,NA,0.0228482947582771,0.0135828118698447,0.00984886977773246,0.00378956355137975,0.016732237861846,0.0206578800227474,0.016203704,0.00998818076580214,0.0272758907712112,0.00938135868807694,0.0138923120626911,0.0121534840811872,0.0327892901388658,NA,0.0155861400569528,0.0131406854949443,0.0323682840627104,0.0147370848376494,0.00925178597362984,0.0148441625980638,0.00952137457569006,0.0246009150410268,NA,0.00814916903246386,0.0242600028658742,0.0150364032303961
"P23297",NA,NA,0.0694328485781333,NA,NA,NA,NA,0.02187716779257,NA,NA,NA,NA,NA,NA,NA,NA,NA,NA,NA,NA,NA,NA,NA,NA,NA,NA,NA,NA,NA,NA,NA,NA,NA
"P23381",NA,NA,NA,NA,NA,NA,NA,0.00209935374748974,NA,NA,NA,NA,0.00476355582064254,NA,NA,NA,NA,NA,NA,0.00509782027408386,NA,NA,NA,NA,NA,NA,NA,NA,NA,NA,NA,NA,NA
"P23526",NA,NA,0.00766701819149326,NA,0.00567543817997498,NA,NA,0.0102349821777615,NA,NA,NA,0.00355491525961685,0.00621344680091424,0.003278689,0.00530519803109301,NA,NA,NA,0.00860705730682493,0.0102764249860467,NA,NA,0.00334354206162203,0.0056953364510214,NA,NA,0.00440061816877751,0.00323664338147279,NA,NA,NA,0.00932823554660347,0.00456374217206108
"P23528",NA,NA,NA,NA,NA,NA,NA,NA,NA,NA,NA,NA,NA,NA,NA,NA,NA,NA,NA,NA,NA,NA,NA,NA,NA,0.00902885204600989,NA,NA,NA,NA,NA,NA,NA
"P23634",NA,NA,NA,NA,NA,NA,NA,NA,NA,NA,0.000804072137225708,NA,NA,NA,NA,NA,NA,NA,NA,NA,NA,NA,NA,NA,NA,NA,NA,NA,NA,NA,NA,NA,0.000182310903991862
"P24158",NA,NA,NA,NA,NA,NA,NA,NA,NA,NA,NA,0.0222790887559838,NA,NA,NA,NA,NA,NA,NA,NA,NA,NA,NA,NA,NA,NA,NA,0.0214113537908497,NA,NA,NA,NA,NA
"P24534",NA,NA,0.0150347904213162,NA,0.00896895623474754,0.00620070563152051,NA,0.00354062030603196,NA,NA,NA,0.00280893568596858,NA,NA,NA,NA,NA,NA,NA,NA,NA,NA,NA,NA,NA,NA,NA,NA,NA,NA,NA,NA,NA
"P24539",NA,NA,0.00600078819778009,NA,NA,NA,NA,NA,NA,NA,NA,NA,NA,NA,0.00421376387855817,0.0123054027109566,NA,NA,NA,0.00864239830377181,NA,NA,NA,NA,NA,NA,NA,NA,NA,NA,NA,NA,NA
"P24593",NA,NA,NA,NA,NA,NA,NA,NA,NA,NA,NA,NA,NA,NA,NA,NA,NA,0.0316337345700872,NA,NA,NA,NA,NA,NA,0.0224764936686326,NA,NA,NA,NA,NA,NA,NA,NA
"P24821",NA,NA,NA,0.00285369002131033,NA,0.00305950621658486,NA,NA,NA,NA,0.00199629289736932,0.00181488102606324,NA,NA,NA,NA,0.000719675679054797,NA,NA,NA,NA,NA,NA,NA,NA,NA,NA,NA,NA,NA,NA,NA,NA
"P24821-6",NA,NA,NA,NA,NA,NA,NA,NA,NA,NA,NA,NA,NA,NA,NA,NA,NA,NA,NA,NA,NA,0.00123820960322931,NA,NA,NA,NA,NA,NA,NA,NA,NA,NA,NA
"P24844",NA,0.0115320725151578,NA,NA,NA,NA,NA,NA,0.00682299377943988,NA,NA,0.0198043543910974,NA,0.025145349,NA,NA,NA,NA,0.0130240130278117,NA,NA,NA,NA,NA,NA,NA,NA,0.0168355616227979,NA,NA,NA,NA,0.0143869902319902
"P24928",NA,NA,NA,NA,NA,NA,NA,NA,NA,NA,NA,NA,NA,NA,NA,NA,NA,NA,NA,0.000755103901153897,NA,NA,NA,NA,NA,NA,NA,NA,NA,NA,NA,NA,NA
"P25205",NA,NA,NA,NA,0.00399038530749681,0.00207496495343308,NA,0.00912586613190566,0.00114455931933999,NA,0.00532214378307924,NA,NA,0.00520156,0.00490966462339427,NA,NA,NA,0.00409646659361301,0.00287705301254191,NA,0.0029349058522816,NA,0.00184817319441231,NA,NA,0.00349073696363765,NA,NA,NA,NA,NA,NA
"P25311",NA,NA,NA,NA,0.0100398497617569,NA,NA,0.00546671826274038,NA,NA,NA,0.00433699598786814,0.00413476639029623,0.012,NA,NA,NA,NA,NA,NA,NA,NA,NA,NA,NA,NA,NA,0.005923056529252,NA,NA,NA,NA,NA
"P25398",0.0226393969262566,0.0275488400626145,0.0707325234171781,0.0160525961563902,0.0564769099281469,0.0406970877375563,0.0621234544344933,0.0892631077957003,0.090239261905152,0.0161163326536562,0.0341060695067808,0.0334036309227292,0.103536967183973,0.053102453,0.0122582217999061,0.0332216282475964,0.0290395700429079,NA,0.0334110330061235,0.0557303746505318,NA,0.0156732140387844,0.0238206230572694,0.00957067542224034,0.0111792450130981,0.00756964370518354,0.0192064004397647,0.00747860714765552,NA,NA,NA,0.0336450762515806,0.0230818545795964
"P25685",NA,NA,NA,NA,NA,NA,NA,0.00899131288418512,NA,NA,NA,0.00356660888504914,0.0136012055032617,NA,NA,NA,NA,NA,NA,NA,NA,NA,NA,NA,NA,NA,NA,NA,NA,NA,NA,NA,NA
"P25705",NA,0.00702669734015691,0.0112918184015277,0.0144481500113413,0.00841838029841833,0.00575084214305258,0.00666817240265826,0.0129353760868876,0.00557067219208486,0.00299206229705582,NA,0.0118892684055512,0.0149747170113887,0.019546323,0.016752328670289,0.0166016476160252,0.00954252124111914,NA,0.020697405418442,0.0213914264426947,NA,0.01056028841587,0.0128573854617819,0.0103484727654853,0.0103773583686859,0.00351333614212994,0.0116492922949343,0.0107025070730056,NA,NA,NA,0.0111262992875879,0.008795771740365
"P25786",NA,NA,NA,NA,NA,NA,NA,NA,NA,NA,NA,0.0140811558188479,NA,0.005772006,NA,NA,NA,NA,0.00606095857323158,0.00478886103380754,NA,NA,NA,NA,NA,NA,NA,NA,NA,NA,NA,NA,NA
"P25788",NA,NA,0.00506997281607157,NA,0.00623225424506489,0.00789924840020739,NA,0.0112762343831036,NA,NA,0.0060783097169133,0.0082302728319685,0.0127932132301768,0.015676568,NA,NA,NA,NA,NA,0.0155163854713881,NA,NA,NA,NA,NA,NA,NA,NA,NA,NA,NA,NA,NA
"P25815",NA,NA,0.0197639998864481,NA,NA,NA,NA,NA,NA,NA,NA,NA,NA,NA,NA,NA,NA,NA,NA,NA,NA,NA,NA,NA,NA,NA,NA,NA,NA,NA,NA,NA,NA
"P26022",NA,0.0113788686783947,0.00927658077399626,0.00921279446619417,0.0051314488888621,0.0101173342204694,NA,0.019256757438346,0.0190808976359292,NA,0.0187830527006724,NA,NA,0.01147343,NA,NA,NA,0.0164514223977004,NA,NA,NA,NA,NA,NA,0.0106931910104121,NA,NA,NA,NA,NA,NA,NA,NA
"P26038",NA,0.00598815489464927,0.00661888512821967,0.00575843808665756,0.00865244602697579,0.00475765087104764,NA,0.00455145842431934,0.00400319829666619,NA,0.00793614234143791,0.0109849635406188,0.00984137559447115,0.008266714,0.0036220872459572,0.00745367972055589,0.00560377896256675,NA,0.00621831021877713,0.00724185410095814,NA,0.00750065826190832,0.00612459581060893,0.00957304605942479,0.00347486737597499,0,0.00581912617363144,0.0058358701243175,0.00459577601859078,NA,NA,0.00274214344611198,0.00267276393017082
"P26196",NA,NA,NA,NA,NA,NA,NA,NA,NA,NA,NA,NA,NA,0.002070393,NA,0.00217403900884868,NA,NA,NA,NA,NA,NA,NA,NA,NA,NA,NA,NA,NA,NA,NA,NA,NA
"P26373",NA,0.00979224195403071,0.0210327786353211,0.0060254299561776,0.0123057482464516,0.0107132777053399,NA,0.0237495661757835,0.00834280755552286,NA,0.00581904520114489,0.0201262646655499,0.0220455551731443,0.026066351,0.0234319887886647,NA,0.00976372726832841,NA,0.0191835796823128,0.0157283451986704,NA,0.0133705139768562,0.0192172527183721,NA,0.0108790130530039,NA,0.0157411561093869,0.0200008430320302,NA,NA,0.00682550012024886,0.0197325978491125,0.0212618430730555
"P26447",0.0080694878680684,NA,0.0253498640803579,0.0234971864807585,0.00934838136759733,NA,NA,NA,NA,NA,NA,NA,0.0307037105119943,0.02970297,NA,0.0268579969325098,NA,NA,NA,0.016429113442879,NA,NA,NA,0.0590342817848118,NA,0.0098929990409653,NA,NA,0.00876864282708487,NA,NA,NA,NA
"P26583",NA,NA,0.0098003303359994,NA,NA,NA,NA,NA,NA,NA,NA,NA,NA,NA,NA,NA,NA,NA,NA,NA,NA,NA,NA,NA,NA,NA,NA,NA,NA,NA,NA,NA,NA
"P26641",NA,NA,0.0100136780390158,NA,0.0109845537035432,0.00438211506887254,NA,0.0077565935195246,0.0044340862983125,NA,NA,0.0115194137247018,0.0118253967307329,0.008480269,0.00452864651982351,0.00467281569200389,NA,0.00447545044094475,0.00584101908997435,0.0137614526047921,NA,0.00568499404379639,0.00672147315050527,0.00556883140558531,0.00619504759696516,NA,0.00824680422407467,0.00310823743897513,NA,NA,NA,0.00594297498212692,0.00736569588632895
"P27105",NA,0.00975688081418603,NA,NA,NA,0.00646385275105995,NA,NA,NA,NA,NA,0.0142433171830832,0.00837481633718858,0.010416667,0.00561835147850304,0.00668441655967124,0.018663599341143,NA,0.0110596701568596,NA,NA,0.0198185307297842,NA,NA,0.00569313418019234,0.0104082598448291,0.00310691758661013,0.0128864999122193,NA,0.018087632623622,0.00694531449448351,0.00954497560754385,0.0164275260710716
"P27169",NA,NA,NA,NA,0.0069681664432637,NA,NA,NA,NA,NA,NA,NA,NA,NA,NA,NA,NA,NA,NA,NA,NA,NA,NA,NA,NA,NA,NA,NA,NA,NA,NA,NA,NA
"P27338",NA,NA,NA,NA,NA,NA,NA,NA,NA,NA,NA,NA,NA,0.002772003,NA,NA,NA,NA,NA,NA,NA,NA,NA,NA,NA,NA,NA,NA,NA,NA,NA,NA,NA
"P27348",NA,NA,0.00963632440997816,NA,0.0248058327407537,NA,NA,0.0104536263080389,NA,NA,NA,NA,0.0139542432282728,0.011507584,NA,NA,NA,NA,NA,0.00712628214314844,NA,NA,NA,NA,NA,NA,NA,NA,NA,NA,NA,NA,NA
"P27487",NA,NA,NA,NA,0.00247169243605717,NA,NA,NA,NA,NA,NA,NA,NA,NA,NA,NA,NA,NA,NA,NA,NA,NA,NA,NA,NA,NA,NA,NA,NA,NA,NA,NA,NA
"P27708",NA,NA,NA,NA,NA,NA,NA,NA,NA,NA,NA,NA,NA,0.002334649,NA,NA,NA,NA,NA,NA,NA,NA,NA,NA,NA,NA,NA,NA,NA,NA,NA,NA,NA
"P27797",NA,0.00566719019375981,0.0140609491001917,NA,0.00269767592793863,0.00465397362972056,0.00602040731231835,NA,NA,NA,NA,NA,NA,NA,NA,0.0105006103133496,NA,NA,0.00900052357575439,NA,NA,NA,NA,0.010377346785293,0.00281078183377734,NA,0.00639137360224699,0.00517092213176538,NA,NA,NA,0.0047583753553689,NA
"P27816",NA,NA,NA,NA,0.00219452648088923,NA,NA,0.0020457981309091,NA,NA,NA,NA,NA,NA,NA,NA,NA,NA,NA,NA,NA,NA,NA,NA,NA,NA,NA,NA,NA,NA,NA,NA,NA
"P27824",NA,NA,0.00688262434611324,NA,0.00507627157237748,0.0021446883968656,0.00424827100854843,NA,NA,NA,NA,0.00582929558934974,0.00740997583585414,0.011021505,NA,0.0170305597451284,NA,NA,0.0145841811074368,0.0132330920483197,NA,0.0155468173424869,NA,0.0131596789424547,NA,NA,NA,NA,NA,NA,NA,NA,0.00839821196136781
"P28062",NA,NA,NA,NA,NA,NA,NA,NA,NA,NA,NA,NA,NA,NA,NA,NA,NA,NA,NA,0.00462856431907989,NA,NA,NA,NA,NA,NA,NA,NA,NA,NA,NA,NA,NA
"P28066",NA,NA,0.0101490809120534,NA,0.0144605140884784,0.0107814070962278,NA,0.0172374000014343,0.00713648257339349,NA,NA,0.0117216109831502,0.0130375520815533,0.018918919,0.0145773458343911,0.00851400824865525,NA,NA,0.0113520113482273,0.0119592108350461,NA,NA,NA,0.0102432096525185,NA,NA,NA,0.0124508699634298,NA,NA,NA,NA,0.0175560164988945
"P28070",NA,NA,NA,NA,NA,NA,NA,0.00847553257169411,NA,NA,NA,NA,0.0096157362240947,0.010852713,NA,NA,NA,NA,NA,0.00943294350500331,NA,NA,NA,NA,NA,NA,NA,NA,NA,NA,NA,NA,NA
"P28072",NA,NA,NA,NA,0.0223476100696988,0.0121955359462616,NA,0.0188693429596218,NA,NA,NA,0.0192470233004314,0.0275243325470643,0.00887574,0.0127659597166844,NA,NA,NA,0.00621337913217398,0.0163643040288599,NA,NA,0.0120684049907432,NA,NA,NA,0.00529462933729064,0.0116825577242096,NA,NA,NA,NA,0.0109817858606613
"P28074",NA,NA,NA,NA,NA,NA,NA,0.00618407014437428,NA,NA,NA,NA,NA,NA,0.012202754913539,NA,NA,NA,NA,NA,NA,NA,NA,NA,NA,NA,0.00404883414646977,0.00670028987878133,NA,NA,NA,NA,NA
"P28289",NA,NA,NA,NA,NA,NA,NA,NA,NA,NA,NA,NA,NA,NA,NA,NA,NA,NA,NA,NA,NA,NA,NA,NA,NA,NA,NA,NA,NA,0.00691749315579344,NA,NA,NA
"P28331",NA,0.00318381468216534,NA,NA,NA,NA,NA,NA,NA,NA,NA,NA,NA,NA,NA,NA,NA,NA,NA,NA,NA,NA,NA,NA,NA,NA,NA,NA,NA,NA,NA,0.00200493362337805,NA
"P28482",NA,0.00275488420461309,NA,NA,0.0100538378851629,0.00554044475929476,0.00585317395146027,0.0147635140968066,0.00733471800483971,NA,0.0109897334804556,NA,0.0090926572649743,0.014351852,0.00898936258134957,0.00291683643149956,0.0126648345835192,0.0115159953230396,0.00583367286299913,0.00768213133391851,NA,0.00313464303345115,0.0051933254109255,0.00614118300114719,NA,NA,0.00497106885441006,0.00411323402992814,0.00492018336245853,NA,NA,0.0104089455694222,0.012888345493488
"P28799-3",NA,NA,NA,NA,NA,NA,NA,NA,NA,NA,NA,NA,NA,NA,NA,NA,0.00355504135770271,NA,NA,NA,NA,NA,NA,NA,NA,NA,NA,NA,NA,NA,NA,NA,NA
"P28838",NA,NA,0.00227585425927633,0.00226020535330207,NA,NA,NA,NA,NA,NA,NA,0.00321258966080044,0.00505360348077224,NA,0.00789066322568588,NA,NA,0.00131611364967575,NA,0.00458879324659129,NA,NA,0.00226617795321906,0.00838710211926421,NA,NA,0.0019884271838471,NA,NA,NA,NA,NA,NA
"P29317",NA,NA,NA,NA,0.00311407162846192,NA,NA,NA,NA,NA,NA,NA,NA,NA,NA,NA,NA,NA,NA,NA,NA,NA,NA,NA,NA,NA,NA,NA,NA,NA,NA,NA,NA
"P29590",NA,0.00214048501966065,NA,NA,NA,0.00229589680655975,NA,NA,NA,NA,NA,NA,NA,NA,NA,NA,NA,NA,NA,NA,NA,NA,NA,NA,NA,NA,NA,NA,NA,NA,NA,NA,NA
"P29622",NA,NA,NA,NA,0.00499569563830125,NA,NA,0.00241036992737241,0.00232848231145419,NA,NA,NA,NA,NA,NA,NA,NA,NA,NA,NA,NA,NA,NA,NA,NA,NA,NA,NA,NA,NA,NA,NA,NA
"P29966",NA,NA,0.00893140545154839,NA,0.0171088062284656,0.0151524730991893,0.0239984972116088,0.0158916224330268,0.0386352023420908,NA,0.01483217426303,0.012607546501576,0.0185303246060129,0.049716224,NA,NA,NA,NA,0.0111925112778117,NA,NA,NA,0.00592895404223871,NA,NA,NA,0.0199420772120704,0.00573939537956905,NA,NA,NA,0.00968274008394427,0.0134878035744811
"P30040",NA,NA,NA,NA,0.00482343069471931,NA,NA,NA,NA,NA,NA,NA,NA,NA,NA,NA,NA,NA,NA,NA,NA,NA,NA,NA,NA,NA,NA,NA,NA,NA,NA,NA,NA
"P30041",0.0145538972090038,0.00664123860128961,0.0149026381512421,NA,0.00772771729536674,NA,NA,0.0105077049073333,0.0108056120301162,NA,0.0127897759627246,0.0112942607464896,0.0197662755374095,0.011532738,0.0136445692632948,NA,NA,NA,0.0107037467199834,0.0100416437961076,NA,0.00503781908029853,0.0153270534116436,0.0117547485767522,0.00658777001514441,NA,0.0135198475913843,0.00661055458518708,NA,0.0122530735022003,NA,0.0145439050258847,0.0115304659229516
"P30044",NA,NA,0.0115653821418629,NA,0.00441208639211851,0.00559222513879926,NA,NA,NA,NA,NA,0.0126664602550752,0.00483033436522902,0.007009346,NA,0.00736024108974358,NA,NA,0.00490682704314204,0.00516928474963205,NA,NA,0.00476532774811133,0.00974062225195685,NA,NA,NA,NA,NA,NA,NA,0.00194559763733847,NA
"P30048",NA,0.0110195358266941,0.00682756380196352,NA,0.00209819207366787,NA,NA,NA,NA,NA,NA,0.00361416296180712,0.00344563831401633,NA,0.00958865392351053,NA,NA,NA,0.0132229911927614,0.0372839467878947,NA,0.022569428035294,0.0113308907858755,0.0140369909351181,NA,NA,NA,0.00804365686878527,NA,NA,NA,0.00740191694189086,0.0103106762091982
"P30048-2",NA,NA,NA,0.00982698103516511,NA,NA,NA,NA,NA,NA,NA,NA,NA,NA,NA,NA,NA,NA,NA,NA,NA,NA,NA,NA,NA,NA,0.0165702286199079,NA,NA,NA,NA,NA,NA
"P30049",NA,NA,0.0179672726240437,NA,0.0662587040700539,0.0139969142518539,NA,0.0159845566434934,0.015441512515627,NA,NA,0.0190219126079301,0.0544048209793552,0.061403509,NA,NA,NA,NA,0.0184221237251962,0.0388149815256092,NA,0.0197977442865637,NA,0.0249341278742584,NA,NA,NA,0.0173188790868805,NA,NA,NA,NA,NA
"P30050",NA,0.0110195358266941,0.0263792227096275,0.00770524672463913,0.0315818808303203,0.0100735368688735,0.00957792014946762,0.0184064586130411,NA,NA,0.00496088274805404,0.0125948119971066,0.0422873836310925,0.021212121,0.00980657765566959,0.0175010175389364,NA,NA,0.00928084261837442,0.0137999017360362,NA,NA,0.00721056686373893,0.0114848105066884,0.0089433962072332,NA,0.0162689511502273,0.0169515084158863,NA,NA,NA,0.0126169035943427,0.0187466840167241
"P30084",NA,NA,NA,NA,NA,NA,NA,NA,NA,NA,NA,NA,NA,NA,NA,NA,NA,NA,0.00724180050577519,0.00381457595562714,NA,NA,NA,NA,NA,NA,NA,NA,NA,NA,NA,NA,NA
"P30086",NA,NA,0.0148664687924315,0.0153110696050803,0.0121830521513806,0.00514725231204225,NA,0.00587819176853888,NA,NA,NA,NA,0.00666897814889956,0.009677419,NA,0.00677458740055404,NA,NA,NA,0.0107054220224626,NA,NA,0.00657922707240836,0.00611288316444655,NA,NA,NA,NA,NA,NA,NA,NA,0.0183644077532246
"P30101",0.00114629876424501,0.0075510220669937,0.0126034612765626,0.00903009312140548,0.0100469207746619,0.0046545416804772,0.00518635607905171,0.0115495602739238,0.00840464099110932,0.00673213910469762,0.00395745545203348,0.0109384481743999,0.00843976628133895,0.00887248,0.0125122622753402,0.0129661273633983,0.00374066831841321,0.0021865819602112,0.00863421188509525,0.00953494095150605,NA,0.00855342164580003,0.00726582773196316,0.0109489129059444,0.0047249396261719,NA,0.00768882515382908,0.00601671880932515,NA,NA,NA,0.00461855407132397,0.00943867045347679
"P30461",NA,NA,NA,NA,NA,NA,NA,NA,NA,NA,NA,NA,NA,NA,NA,NA,NA,NA,0.00120789255477182,0.0014542858158691,NA,NA,NA,NA,NA,NA,NA,NA,NA,NA,NA,NA,NA
"P30520",NA,NA,0.00290123073787759,NA,NA,NA,NA,NA,NA,NA,NA,NA,NA,NA,NA,NA,NA,NA,NA,NA,NA,NA,NA,NA,NA,NA,NA,NA,NA,NA,NA,NA,NA
"P30740",NA,NA,NA,NA,NA,NA,NA,NA,NA,NA,NA,0.0090354079466423,0.00861409630188662,NA,NA,NA,NA,NA,NA,NA,NA,0.00564235700882351,NA,NA,NA,NA,NA,NA,NA,NA,NA,NA,NA
"P31040",NA,NA,NA,NA,NA,NA,NA,NA,NA,NA,NA,NA,NA,NA,NA,NA,NA,NA,NA,0.000923395318286839,NA,NA,NA,NA,NA,NA,NA,NA,NA,NA,NA,NA,NA
"P31146",NA,NA,0.0031511830568752,NA,NA,NA,NA,0.00560689038571531,NA,NA,0.00377790336843006,0.0050042265568667,0.0140778954845578,NA,0.00331914931059324,0.00969287081615478,0.00623499533139612,NA,0.00323095693871826,0.0051056634233925,NA,0.0104166588327962,0.00627557018727439,NA,NA,NA,NA,0.00936551625335542,NA,0.00286277795682165,NA,NA,0.00713816080942988
"P31150",NA,NA,0.00251013322359382,NA,0.00077139378371834,NA,NA,0.00223313618793524,NA,NA,NA,NA,NA,0.003553922,NA,NA,NA,NA,0.00193025893993602,0.00406701142198608,NA,NA,0.00249946082784746,0.005053758838685,NA,NA,0.00109655904294565,NA,NA,NA,0.00235323568976637,0.00153072704470455,NA
"P31153",NA,NA,0.00620687581119065,NA,NA,NA,NA,NA,NA,NA,NA,NA,0.00469859864065099,NA,NA,NA,NA,NA,NA,0.00335220294491067,NA,NA,NA,NA,NA,NA,NA,NA,NA,NA,NA,NA,NA
"P31415",NA,NA,NA,NA,NA,0.0174566640850552,NA,NA,NA,NA,NA,NA,NA,NA,NA,NA,NA,NA,NA,NA,NA,NA,NA,NA,NA,NA,NA,NA,NA,NA,NA,NA,NA
"P31431",NA,NA,NA,NA,NA,NA,NA,NA,NA,NA,NA,NA,0.0072795187877823,NA,NA,NA,NA,NA,NA,NA,NA,NA,NA,NA,NA,NA,NA,NA,NA,NA,NA,NA,NA
"P31930",NA,NA,0.00364028819636663,NA,0.00335611290061776,NA,NA,0.00323857683305787,NA,NA,NA,NA,NA,0.003554502,NA,NA,NA,NA,0.00248829602400145,0.00480588365462014,NA,NA,NA,NA,NA,NA,NA,0.00350891937988988,NA,NA,NA,NA,0.00329843876160966
"P31942",NA,0.00734635688721001,0.00596057145935004,0.00645772987146093,NA,0.00281419445472042,NA,0.0145598843082377,0.00926735877223144,NA,0.00918157020667778,0.0109572251985294,0.0131262428206252,0.014925273,0.00393819747462576,0.00666705380051812,0.00268038863081631,NA,0.00722264214225848,NA,NA,NA,0.00485609634245525,0.00300792642591884,0.00468463638962889,NA,0.00520778616325083,0.00470083875032129,NA,NA,NA,NA,0.0068737838301452
"P31946",NA,NA,0.0078468736233319,0.0106550011335846,0.0108508361191358,0.0141604913285145,NA,0.0101931289827419,NA,NA,NA,0.0134148826417136,0.0184588624047978,0.02851213,0.0115793594935882,0.00721016111684003,NA,NA,NA,0.0130144695159196,NA,0.0101008425693555,0.0130293734288556,0.00654025352548494,NA,NA,0.0110679886732257,0.0105547376715378,NA,NA,NA,0.0138092199969881,0.0100312736875372
"P31948",NA,NA,NA,NA,0.00265866874992517,NA,NA,NA,NA,NA,NA,NA,NA,NA,NA,NA,NA,NA,NA,NA,NA,NA,NA,0.00278130222805721,NA,NA,NA,NA,NA,NA,NA,NA,NA
"P31949",NA,0.0134021387840993,NA,0.0274889867480565,0.0127592778589177,NA,0.0213561732350581,NA,NA,NA,NA,0.014652014,0.0209532077795575,0.040540541,NA,0.069767568059841,0.0136917135561657,NA,0.0141900144477994,0.02740652459985,NA,0.0304992270442224,0.0206712196080309,0.051002647331136,0.00664711910844079,0.0135026074202753,0.0120917885732831,NA,0.0359040374020322,NA,NA,NA,NA
"P32119",NA,0.0250435268588768,0.0278023569649484,0.0245333057410512,NA,0.0265997417927995,NA,0.0265048796476969,0.0265659920353192,NA,NA,NA,NA,NA,0.0536952134570188,0.0239114511242507,NA,NA,0.0130095967399125,0.0327253457943472,NA,0.0255497243927688,0.0151487632030519,NA,0.0285715465825481,NA,0.0284127486324466,0.0450232356203906,NA,0.0355517222766301,0.0321791879733852,0.0424540128345882,0.0602549155763172
"P32455",NA,NA,NA,NA,NA,NA,NA,NA,NA,NA,NA,NA,NA,0.001964637,NA,NA,NA,NA,NA,NA,NA,NA,NA,NA,NA,NA,NA,NA,NA,NA,NA,NA,NA
"P33240",NA,NA,NA,NA,NA,NA,NA,NA,NA,NA,0.000467206218553606,NA,NA,NA,NA,NA,NA,NA,NA,NA,NA,NA,NA,NA,NA,NA,NA,NA,NA,NA,NA,NA,NA
"P33241",NA,NA,NA,NA,NA,NA,NA,NA,NA,NA,NA,NA,NA,0.003246753,NA,NA,NA,NA,NA,NA,NA,NA,NA,NA,NA,NA,NA,NA,NA,NA,NA,NA,NA
"P33778",NA,NA,NA,NA,NA,NA,NA,NA,NA,NA,NA,NA,NA,NA,NA,NA,NA,NA,NA,NA,NA,NA,NA,NA,NA,NA,NA,NA,NA,NA,0.0218491814948039,NA,NA
"P33992",NA,NA,NA,NA,NA,NA,NA,NA,NA,NA,NA,NA,NA,NA,NA,NA,NA,NA,NA,0.00157582144334352,NA,NA,NA,NA,NA,NA,NA,NA,NA,NA,NA,NA,NA
"P33993",NA,NA,NA,NA,NA,NA,NA,0.00167485214095143,NA,NA,0.00300935938710106,NA,NA,NA,NA,NA,NA,NA,NA,NA,NA,NA,NA,NA,NA,NA,NA,NA,NA,NA,NA,NA,NA
"P34059",NA,NA,NA,NA,NA,NA,NA,0.00127966216661822,NA,NA,NA,NA,NA,NA,NA,NA,NA,NA,NA,NA,NA,NA,NA,NA,NA,NA,NA,NA,NA,NA,NA,NA,NA
"P34896",NA,NA,NA,NA,0.00629457716519015,NA,NA,NA,NA,NA,NA,NA,NA,NA,NA,NA,NA,NA,NA,NA,NA,NA,NA,NA,NA,NA,NA,NA,NA,NA,NA,NA,NA
"P34897",NA,0.0090450056794152,NA,NA,0.0073327385778483,0.00467965478955956,0.00527539232987232,0.00745964320573197,0.00757306260982796,NA,NA,0.00804655442917541,0.00456584059508296,0.009102289,0.00651661968314168,NA,0.00246599932417326,NA,0.0108163017118712,0.00286843550434525,NA,NA,NA,NA,NA,NA,0.0089607241210658,NA,NA,NA,NA,NA,0.00497833096094892
"P34931",NA,NA,NA,NA,NA,NA,NA,NA,NA,NA,NA,0.00304519462665669,NA,NA,0.00291527197621274,NA,NA,NA,NA,NA,NA,NA,NA,NA,NA,NA,NA,NA,NA,NA,NA,NA,NA
"P35052",NA,NA,NA,NA,0.00286696290721263,NA,NA,NA,NA,NA,NA,NA,NA,NA,NA,NA,NA,NA,NA,NA,NA,NA,NA,NA,NA,NA,NA,NA,NA,NA,NA,NA,NA
"P35232",NA,NA,NA,NA,NA,NA,NA,NA,NA,NA,NA,NA,NA,0.008589205,NA,NA,NA,NA,NA,0.0101618408889327,NA,NA,NA,NA,NA,NA,NA,NA,NA,NA,NA,NA,NA
"P35244",NA,NA,NA,NA,0.0156063892443882,NA,0.0203168009875069,NA,0.0145482019178717,NA,NA,0.0313625744716496,NA,0.019283747,NA,NA,NA,NA,NA,0.0137135574013412,NA,NA,NA,NA,NA,NA,NA,NA,NA,NA,NA,NA,NA
"P35270",NA,NA,NA,NA,0.00410515873341507,NA,NA,NA,NA,NA,NA,0.0109996280083028,NA,0.007971014,NA,NA,NA,NA,NA,NA,NA,NA,NA,0.00411955155359489,NA,NA,NA,NA,NA,NA,NA,NA,NA
"P35442",NA,0.00208579352007083,NA,NA,NA,NA,NA,NA,NA,NA,NA,NA,NA,NA,NA,NA,NA,NA,NA,NA,NA,NA,NA,NA,NA,NA,NA,NA,NA,NA,NA,NA,NA
"P35443",NA,NA,NA,0.00461900053494336,NA,NA,NA,NA,NA,NA,NA,NA,NA,NA,NA,NA,NA,NA,NA,0.00385507603169746,NA,NA,NA,NA,NA,NA,NA,NA,NA,NA,NA,NA,NA
"P35527",NA,0.0148359930865322,NA,0.0116060426395427,0.00755167277311494,0.0137908482551154,NA,0.00971794087559118,NA,0.00944073760594137,0.018306799096921,0.0160669242450741,0.00505522120812244,0.010495025,0.015097828869947,0.0249623343533731,0.0113625957641711,0.0118105289525993,0.0117944419630479,0.0125383859279772,NA,0.0191427806134509,NA,0.00544921939992413,0.0308603588073196,0.0054728873366271,0.012561814032217,0.0170593495061144,NA,0.0137437417031825,0.00806629144686927,0.0130763877604028,0.0190106378458529
"P35555",NA,NA,NA,0.000903278841655882,NA,NA,NA,NA,NA,NA,NA,NA,NA,NA,NA,0.00116569795234969,NA,NA,NA,NA,NA,NA,NA,NA,0.00138334012369659,NA,NA,NA,NA,NA,NA,NA,NA
"P35579",0.0021906762321496,0.00187989459304365,0.00334398662143867,0.00265994915441056,0.00285704233936746,0.00294894534895405,0.000978116562843501,0.00130025711655338,0.00217435288824507,0.0012982115114864,0.0017864218824597,0.00294787460518693,0.00336366450294551,0.002209621,0.00219559616427047,0.00260994034417645,0.0013736097215667,0.00198242231050522,0.00291774158410858,0.00267913683680737,0.00046331641678874,0.00425692138416297,0.00145996421690283,0.00285338115792621,0.00214595354251725,NA,0.00283059855917297,0.00271792775721919,0.00130059978833296,NA,0.000679130543522857,0.00274313187958325,0.00345631923982686
"P35579-2",NA,NA,NA,NA,NA,NA,NA,NA,NA,NA,NA,NA,NA,NA,NA,NA,NA,NA,NA,NA,NA,NA,NA,NA,NA,NA,NA,NA,NA,0.00272880180589867,NA,NA,NA
"P35580",NA,NA,0.00217483772685159,NA,NA,NA,NA,NA,NA,NA,NA,0.00107426306370497,0.000755225418103583,0.001493793,NA,0.000911478176663498,NA,NA,NA,0.00103488861721065,NA,0.00166864470694722,NA,0.000960843317275997,0.000833755006171945,NA,NA,NA,NA,NA,NA,0.000548854540003532,NA
"P35606",NA,0.00378703774357524,0.00356560728310023,0.00205611658719849,0.00422042030376807,0.00143364602090404,NA,0.00409308047582653,NA,NA,NA,0.00267896242170615,0.00318094710877512,0.004267745,NA,NA,NA,0.00159636454925822,NA,0.00459685542884254,NA,NA,0.0027487338557128,NA,NA,NA,NA,NA,NA,NA,NA,NA,0.0018759313564139
"P35612",NA,NA,NA,NA,NA,NA,NA,NA,NA,NA,NA,NA,NA,NA,NA,NA,NA,NA,NA,NA,NA,NA,NA,NA,NA,NA,NA,NA,NA,0.0100214008304324,NA,NA,NA
"P35754",NA,NA,NA,NA,NA,NA,NA,NA,NA,NA,NA,NA,NA,NA,NA,NA,NA,NA,NA,NA,NA,NA,NA,NA,NA,NA,NA,NA,NA,NA,NA,0.0117837116354397,NA
"P35858",NA,0.00247321296496739,0.00255395184312751,NA,0.00284511726352426,0.00364757517762383,NA,0.012631899422609,0.0101332513128218,NA,NA,NA,NA,NA,NA,NA,NA,NA,NA,NA,NA,NA,NA,NA,NA,NA,NA,NA,NA,NA,NA,NA,NA
"P35900",NA,NA,NA,NA,NA,NA,NA,NA,NA,NA,NA,NA,NA,NA,NA,0.00330207862243161,NA,NA,NA,NA,NA,NA,NA,NA,NA,NA,NA,NA,NA,NA,NA,NA,NA
"P35908",NA,0.00433120755268078,NA,0.00643331049737165,0.00609871511191119,0.00578024275882898,NA,0.00293265927907492,0.00281061446918544,0.00250277149647586,0.00911584671986978,0.00689858303440763,0.0038654855943618,0.005660735,0.0026763045049835,0.01349263846512,0.00479631875567313,0.00683494369296421,0.00570621435489363,0.00559834041607806,NA,0.0103695835198001,0.00614635588010954,0.00293152217280963,0.0125536810020078,0.00396505127429749,0.00430268941265783,0.0114860692084365,NA,0.00569634405507215,NA,0.00622040086116833,0.00723780153560378
"P35998",NA,NA,NA,NA,0.00327085380136479,NA,NA,0.00543585681590779,NA,NA,NA,NA,0.00238727870015776,0.006928406,NA,NA,NA,NA,NA,NA,NA,NA,NA,0.00218821466335802,NA,NA,NA,NA,NA,NA,NA,0.00192313096922143,0.00535774168128767
"P35998-2",NA,NA,NA,NA,NA,NA,NA,NA,NA,NA,NA,NA,NA,NA,NA,NA,NA,NA,NA,0.00685163142651925,NA,NA,NA,NA,NA,NA,NA,NA,NA,NA,NA,NA,NA
"P36269",NA,NA,0.00295992593543555,0.00293957331291343,NA,NA,NA,NA,NA,NA,NA,NA,0.00597509612496241,0.00433526,NA,NA,NA,NA,NA,0.00319718735779931,NA,NA,NA,NA,NA,NA,NA,NA,NA,NA,NA,NA,NA
"P36507",NA,NA,NA,NA,0.00357646431986228,NA,NA,0.00345121121772513,NA,NA,NA,NA,NA,NA,NA,NA,NA,NA,NA,NA,NA,NA,NA,NA,NA,NA,NA,NA,NA,NA,NA,NA,NA
"P36542",NA,NA,NA,NA,NA,NA,NA,0.00412271373328942,NA,NA,NA,NA,NA,NA,NA,0.00475140750989416,NA,NA,NA,0.00500555209389557,NA,NA,NA,0.00857463259601066,NA,NA,NA,NA,NA,NA,NA,NA,0.00419891806860811
"P36543",NA,NA,NA,NA,0.0125334492136268,NA,NA,0.0141102613090427,NA,NA,NA,0.0135930919753531,0.00457385687342214,0.015412979,0.009546226647451,NA,NA,NA,NA,0.00489480992309314,NA,0.00499323656062902,0.00451230192918019,NA,NA,NA,0.00791851655335585,0.0123761012465089,NA,NA,0.00849664041495952,0.0211863494922577,0.03788293714141
"P36543-2",NA,NA,NA,NA,NA,NA,NA,NA,NA,NA,NA,NA,NA,NA,NA,NA,NA,NA,0.00257367858658136,NA,NA,NA,NA,NA,NA,NA,NA,NA,NA,NA,NA,NA,NA
"P36639",NA,NA,NA,NA,0.0126736448617998,NA,NA,0.0091723459928149,NA,NA,NA,NA,NA,NA,NA,NA,NA,NA,NA,NA,NA,NA,NA,NA,NA,NA,NA,NA,NA,NA,NA,NA,NA
"P36871",NA,NA,NA,NA,NA,NA,NA,NA,NA,NA,NA,NA,0.00844844102122579,NA,NA,NA,NA,NA,NA,NA,NA,NA,NA,NA,NA,NA,NA,NA,NA,NA,NA,NA,NA
"P36955",0.0161690433906268,0.0177018619798734,0.0159094607004193,0.0144093977695913,0.0142996738018801,0.013554176928215,0.0096816084153418,0.0112028564461022,0.0133502253121093,0.0176541557094595,0.00919406612474798,NA,NA,NA,NA,0.0183043005771142,NA,0.00280320311423299,0.00343675525006651,0.0128628080090203,NA,NA,0.00713743434784396,0.0414899293453206,0.0203074135764997,0.0045280645066727,NA,NA,0.0168564571071218,NA,NA,NA,NA
"P36957",NA,NA,NA,NA,NA,0.00171944815348483,NA,0.00523631977707835,NA,NA,NA,NA,0.0103963232655448,0.00862069,NA,0.00704063926394132,NA,NA,NA,0.00423841797430282,NA,0.00756637930787569,0.00439560440395604,NA,NA,NA,NA,0.00567342536312232,NA,NA,NA,NA,NA
"P37802",NA,0.00892914649896546,0.0171863362568002,0.0254121011317896,0.0353589706244931,0.0237702195415391,NA,0.0161102765856211,NA,0.0106902305392392,0.0162475141996165,0.0467296246631735,0.0422058584421751,0.024806754,0.00271036088627245,0.0313962966562166,0.0186684332552068,0.0119045464618452,0.0162697894778652,0.0370815891108239,NA,0.00978197604771584,0.0186475076499695,0.0196006471127652,NA,NA,0.0166511169510434,0.00690361853766967,0.0370868054997102,NA,0.00482472555825544,0.0226942742844401,0.0163209200706217
"P37837",NA,NA,NA,NA,NA,NA,NA,NA,NA,NA,NA,NA,NA,NA,NA,NA,NA,NA,NA,NA,NA,NA,0.00689252393959263,NA,NA,NA,NA,NA,NA,NA,NA,NA,NA
"P38117",NA,NA,NA,NA,NA,NA,NA,NA,NA,NA,NA,NA,NA,0.006818182,NA,NA,NA,NA,NA,NA,NA,NA,NA,NA,NA,NA,NA,NA,NA,NA,NA,NA,NA
"P38606",NA,NA,0.00189303994498295,NA,0.00581753825237414,0.00294944239336611,NA,0.00336828019055965,NA,NA,0.00277387607843953,NA,NA,0.012230437,0.00697880310428056,NA,NA,NA,0.0038819265241789,0.00681593901291654,NA,NA,0.00392706436026895,0.00364870908837605,0.00363687127611548,NA,0.00509970956740497,0.00897156290465789,NA,NA,NA,0.00436111086962892,0.0142081499016451
"P38646",NA,NA,0.00235642804256557,NA,0.00385229802783981,NA,NA,0.0023787139841523,NA,NA,NA,NA,0.00591927057654383,0.002618281,0.0015910201554238,0.00210982777678255,NA,NA,0.00409043399298799,0.00364729562995656,NA,0.00312472264135824,0.00242036463745443,0.0055666872201543,NA,NA,NA,NA,NA,NA,NA,0.00469939743705691,NA
"P38919",NA,NA,NA,NA,NA,NA,NA,0.00327247230852628,NA,NA,NA,NA,NA,NA,NA,NA,NA,NA,NA,NA,NA,NA,0.00537597008088982,NA,NA,NA,NA,0.00380299025198245,NA,NA,NA,NA,NA
"P39019",NA,0.0144013937189126,NA,0.0265379310028032,0.0314625479276604,0.0270788575017619,NA,0.0429178775793566,0.0100738867434145,NA,0.0206988555474982,0.0275080476024519,0.039084519159374,0.029770115,NA,0.0133260095303626,NA,NA,0.0327691464485839,0.0323784827927294,NA,0.0238665212762674,0.0318218907612123,NA,NA,NA,0.0217012854467369,0.02496307317722,NA,NA,NA,NA,0.0258147058318989
"P39060",NA,NA,NA,NA,NA,NA,NA,0.00177931657135384,NA,NA,NA,NA,NA,NA,NA,NA,NA,NA,NA,NA,NA,NA,NA,NA,NA,NA,NA,NA,NA,NA,NA,NA,NA
"P39687",NA,NA,NA,NA,NA,NA,NA,NA,NA,NA,NA,NA,NA,0.009861933,NA,NA,NA,NA,NA,NA,NA,NA,NA,NA,NA,NA,NA,NA,NA,NA,NA,NA,NA
"P40121",NA,NA,NA,NA,NA,NA,NA,NA,NA,NA,NA,NA,NA,NA,NA,NA,NA,NA,NA,NA,NA,NA,NA,NA,NA,NA,NA,NA,NA,NA,NA,0.0150161838678387,NA
"P40222",NA,NA,NA,NA,NA,NA,NA,NA,NA,NA,NA,NA,0.00217619267378355,NA,NA,NA,NA,NA,NA,NA,NA,NA,NA,NA,NA,NA,NA,NA,NA,NA,NA,NA,NA
"P40227",NA,0.00108034703860069,0.00156186044487293,NA,0.00313040983213498,NA,NA,0.00453243971148326,NA,NA,NA,0.00472439598598647,0.00290890015412558,0.000816993,0.00117508053427466,NA,NA,0.00258061497613867,NA,0.00610553774414094,NA,NA,NA,0.00275235146100257,NA,NA,0.00292415804438329,NA,NA,NA,NA,NA,NA
"P40261",NA,0.00766823400567505,NA,NA,0.00486694069828275,0.00822499040487802,NA,NA,NA,NA,NA,0.0111778243309543,0.0106566140456551,NA,NA,NA,NA,NA,NA,NA,NA,NA,NA,NA,NA,NA,NA,0.00508853636414784,NA,NA,NA,NA,NA
"P40926",NA,NA,0.0217620238609827,NA,NA,NA,NA,NA,NA,NA,NA,NA,NA,0.007705479,0.00646495313985146,0.0117187178618343,NA,NA,NA,NA,NA,NA,NA,0.0087777598188375,0.00421135963836404,NA,NA,NA,NA,NA,NA,0.01537577130148,NA
"P41091",NA,NA,0.00692533280382824,NA,0.00645982869124531,NA,NA,0.00489264724453349,NA,NA,NA,0.00534792698341127,0.00577993205026564,0.014478918,NA,NA,NA,NA,0.00438569645414494,NA,NA,NA,NA,NA,NA,NA,NA,NA,NA,NA,NA,NA,0.00221470388645562
"P41219",NA,NA,NA,0.0108249267793465,NA,NA,NA,NA,NA,NA,NA,NA,NA,NA,NA,NA,NA,NA,NA,0.00576024337238485,NA,NA,NA,NA,NA,NA,NA,NA,NA,NA,NA,NA,NA
"P41226",NA,NA,NA,NA,NA,NA,NA,NA,NA,NA,NA,0.00149758097834582,0.00261754280674176,0.002071823,NA,NA,NA,NA,NA,NA,NA,NA,NA,NA,NA,NA,NA,NA,NA,NA,NA,NA,NA
"P41250",NA,NA,0.00138583834853923,NA,0.00393943416990959,0.00332876546652681,NA,0.00359745230909141,0.00462514045376729,NA,NA,0.00445045830840476,0.00826613503631124,0.003721245,NA,NA,NA,NA,0.00142092158638184,0.00503964490328103,NA,0.00348670692678791,0.00137994614522625,NA,NA,NA,0.00343064271127799,NA,NA,NA,NA,0.00338044247175138,0.00251139617501128
"P42025",NA,NA,NA,NA,NA,NA,NA,NA,NA,NA,NA,NA,NA,NA,NA,NA,NA,NA,0.00279271501735165,NA,NA,NA,NA,NA,NA,NA,0.00237976639555047,NA,NA,NA,NA,NA,NA
"P42126",NA,NA,NA,NA,0.003702692616733,NA,NA,NA,NA,NA,NA,NA,NA,NA,NA,NA,NA,NA,NA,NA,NA,NA,NA,NA,NA,NA,NA,NA,NA,NA,NA,NA,NA
"P42166",NA,NA,NA,NA,0.0014756521285804,NA,NA,NA,NA,NA,NA,NA,NA,NA,NA,NA,NA,NA,NA,NA,NA,NA,NA,NA,NA,NA,NA,NA,NA,NA,NA,NA,NA
"P42167",NA,NA,0.00436470565190531,NA,0.00230306449897942,NA,NA,NA,NA,NA,NA,NA,NA,NA,NA,NA,NA,NA,NA,NA,NA,NA,NA,NA,NA,NA,NA,NA,NA,NA,NA,NA,NA
"P42677",NA,NA,NA,NA,0.0505814215244297,0.0200511345923309,NA,NA,NA,NA,NA,0.0172103016768417,0.0369175573515568,0.029761905,NA,NA,NA,NA,NA,NA,NA,NA,0.0222571073014547,NA,NA,NA,NA,NA,NA,NA,NA,0.0198265631479881,0.0331414598403977
"P42704",NA,NA,0.00110200970791924,NA,0.000677321647417038,NA,NA,0.00185186903389751,NA,NA,NA,0.00116669529069641,NA,NA,NA,NA,NA,NA,NA,0.00165325622591833,NA,NA,NA,NA,NA,NA,NA,NA,NA,NA,0.000688751909199912,NA,NA
"P42766",NA,NA,NA,NA,NA,NA,NA,NA,NA,NA,NA,NA,NA,NA,NA,NA,NA,NA,NA,NA,NA,NA,NA,NA,NA,NA,NA,NA,NA,NA,NA,0.00677004564831949,NA
"P42771",NA,NA,NA,NA,NA,NA,NA,NA,NA,NA,NA,NA,NA,NA,NA,NA,NA,NA,NA,NA,NA,NA,NA,NA,NA,NA,NA,NA,NA,NA,NA,NA,0.0134831925369274
"P42773",NA,NA,NA,NA,NA,NA,NA,NA,NA,NA,NA,0.0080314736098766,NA,NA,NA,NA,NA,NA,NA,NA,NA,NA,NA,NA,NA,NA,NA,NA,NA,NA,NA,NA,NA
"P42785",NA,NA,NA,NA,0.00611519777612297,NA,NA,0.00590103445079974,NA,NA,NA,NA,NA,NA,NA,NA,NA,NA,NA,NA,NA,NA,NA,NA,NA,NA,NA,NA,NA,NA,NA,NA,NA
"P43121",NA,NA,NA,NA,NA,NA,NA,0.00158455562204661,NA,NA,NA,NA,NA,0.002505448,NA,NA,NA,NA,0.00060873088047519,0.00192387253274095,NA,NA,NA,NA,NA,NA,0.00155616017132582,NA,NA,NA,NA,NA,NA
"P43304",NA,NA,0.00573515330689169,0.00162734801711229,NA,NA,NA,0.00413040905036394,NA,NA,NA,NA,NA,NA,0.00172595768465742,NA,NA,NA,0.00252014647520391,0.00353992634522494,NA,0.00361110848564705,NA,NA,NA,NA,NA,NA,NA,NA,NA,0.00266469006577208,0.00148473738897192
"P43358",NA,NA,NA,NA,NA,NA,NA,NA,NA,NA,NA,0.0189535864888882,NA,NA,NA,NA,NA,NA,NA,NA,NA,NA,NA,NA,NA,NA,NA,NA,NA,NA,NA,NA,NA
"P43686",NA,NA,NA,NA,0.0030262386767348,NA,NA,0.00584051059067352,0.00564209063754344,NA,NA,0.00695031363830192,NA,0.009615385,NA,NA,NA,NA,NA,NA,NA,NA,NA,0.00303684876806719,NA,NA,NA,NA,NA,NA,NA,0.00533792046320497,0.00594846672255098
"P43897",NA,NA,NA,NA,NA,NA,NA,NA,NA,NA,NA,NA,NA,NA,NA,NA,NA,NA,NA,NA,NA,0.00607638403701324,NA,NA,NA,NA,NA,NA,NA,NA,NA,NA,NA
"P45877",NA,NA,NA,NA,NA,NA,NA,NA,NA,NA,NA,NA,NA,NA,NA,NA,NA,NA,0.00921106186259808,NA,NA,NA,NA,NA,NA,NA,NA,NA,NA,NA,NA,NA,NA
"P45974",NA,NA,0.000720207238530711,NA,0.00221328274625939,NA,0.0029636326472131,0.00213577029119699,0.00371378116800117,NA,0.0015350129494058,0.00228744553014634,0.00504003421117089,0.007648517,NA,NA,NA,NA,NA,0.0037340990488494,NA,NA,NA,NA,NA,NA,0.00188774783612895,NA,NA,NA,NA,0.0027327753950995,0.00228401049981196
"P46060",NA,NA,NA,NA,0.00220604366815252,NA,NA,NA,NA,NA,NA,NA,NA,NA,NA,NA,NA,NA,NA,NA,NA,NA,NA,NA,NA,NA,NA,NA,NA,NA,NA,NA,NA
"P46063",NA,NA,NA,NA,NA,NA,NA,NA,NA,NA,NA,NA,NA,NA,NA,NA,NA,NA,NA,0.0037755183995425,NA,NA,NA,NA,NA,NA,NA,NA,NA,NA,NA,NA,NA
"P46087-2",NA,NA,NA,NA,0.00294029220968976,NA,NA,NA,NA,NA,NA,NA,NA,NA,NA,NA,NA,NA,NA,NA,NA,NA,NA,NA,NA,NA,NA,NA,NA,NA,NA,NA,NA
"P46459",NA,NA,0.00238911636814581,NA,NA,NA,NA,NA,NA,NA,NA,NA,NA,NA,NA,NA,NA,NA,NA,NA,NA,NA,NA,NA,NA,NA,NA,NA,NA,NA,NA,NA,NA
"P46778",NA,0.0117082573737265,0.0146152526914373,0.0180110128711964,0.0106736160846572,0.00881889704483035,NA,0.0524978503305525,0.0233794145756031,NA,0.0255795519254492,0.0437087876902336,0.026980580789684,0.019564732,0.00669386475012046,0.0100630845336064,0.00316620864587981,NA,0.0202355507746638,0.00933379016807356,NA,NA,0.0167765240904847,NA,NA,NA,0.0100198101563496,0.0195378604081886,NA,NA,NA,0.0268897763319126,0.0122324209936706
"P46781",NA,NA,NA,NA,NA,NA,NA,NA,NA,NA,NA,0.0281308586585427,NA,NA,NA,NA,NA,NA,NA,NA,NA,NA,NA,NA,NA,NA,NA,NA,NA,NA,NA,NA,NA
"P46783",NA,0.0180319677164086,NA,NA,0.0128752711738296,0.0120882437639537,0.00638528009964508,0.0110438751678246,NA,NA,0.00992176549610808,0.016428014941281,0.0187943924952208,0.010774411,0.00653771843711306,0.0127280123737497,0.0153513144931768,NA,0.0127280123737497,0.00893920785309513,NA,NA,0.0115884107760639,0.0057424052533442,0.0089433962072332,NA,NA,0.011965770646508,NA,NA,NA,0.0100935228754742,0.00937334200836203
"P46821",NA,0.000775619403523513,NA,0.00145829198544709,0.00065636920418375,NA,NA,NA,NA,NA,NA,NA,NA,0.000868961,0.000703026792626638,NA,NA,NA,NA,NA,NA,NA,NA,NA,NA,NA,NA,NA,NA,NA,NA,NA,NA
"P46937",NA,NA,NA,NA,NA,NA,NA,NA,NA,NA,0.0135801390972096,NA,NA,NA,NA,NA,NA,NA,NA,NA,NA,NA,NA,NA,NA,NA,NA,NA,NA,NA,NA,NA,NA
"P46939",NA,NA,0.000282223821828583,NA,0,NA,NA,NA,NA,NA,NA,NA,NA,0.000165344,NA,NA,NA,NA,NA,NA,NA,NA,NA,NA,NA,NA,NA,NA,NA,NA,NA,NA,NA
"P46977",NA,NA,NA,NA,0.00188084977688672,NA,NA,NA,NA,NA,NA,NA,NA,NA,NA,0.00313763276455837,NA,NA,NA,NA,NA,NA,NA,NA,NA,NA,NA,NA,NA,NA,NA,NA,NA
"P47712",NA,NA,0.00177801120406804,NA,NA,0.000461703995882596,NA,NA,NA,NA,NA,NA,NA,NA,NA,NA,NA,NA,NA,NA,NA,NA,0.00177045158968865,NA,NA,NA,NA,NA,NA,NA,NA,NA,NA
"P47985",NA,NA,0.00662155914344901,NA,NA,NA,0.00908251094068965,NA,NA,NA,NA,NA,NA,0.012931034,NA,NA,NA,NA,NA,NA,NA,NA,NA,NA,NA,NA,NA,NA,NA,NA,NA,NA,NA
"P48047",NA,NA,0.00488827906277117,NA,NA,NA,NA,0.0142585241750465,NA,NA,NA,NA,0.0048530125251882,0.008607199,0.0101288592617844,0.0115030164248995,NA,NA,0.0049298643321085,0.00779033139511427,NA,NA,0.00957540039122119,0.0134933049100511,NA,NA,0.0168036119325561,0.00424841002603873,NA,NA,NA,NA,NA
"P48163",NA,NA,NA,NA,NA,NA,NA,NA,NA,NA,NA,NA,NA,NA,NA,NA,NA,NA,NA,0.00222580833790295,NA,NA,NA,NA,NA,NA,NA,NA,NA,NA,NA,NA,NA
"P48681",NA,0.000813850691698317,0.00150938071971131,NA,0.00322847776582096,0.002343611474469,NA,0.00861770278019407,0.00373875676397283,NA,0.00178338998932908,0.00394605266402773,0.00291377814477454,0.001867852,0.00199173467234716,0.00202929124586225,0.00283103633159389,NA,0.000646270562345415,0.00381716452676709,NA,NA,0.00248005237144407,NA,0.00205861018786889,NA,0.00167415643485571,0.00362240613016644,NA,NA,0.00212729729686929,0.00406793500686751,0.00159914475644002
"P48735",NA,NA,0.00466728005076269,NA,NA,NA,NA,NA,NA,NA,NA,NA,NA,NA,NA,NA,NA,NA,NA,0.00768213133391851,NA,NA,NA,0.00945851926949858,NA,NA,NA,NA,NA,NA,NA,NA,NA
"P49006",NA,NA,0.0116378918899488,NA,0.0214587849749871,0.0226654573565973,0.0119723999234417,NA,0.0150028332828155,NA,NA,0.0184815174865967,0.0234929911358718,0.017045455,NA,0.0119325113378751,NA,NA,NA,NA,NA,NA,NA,NA,NA,NA,NA,NA,NA,NA,NA,0.0189253558078719,0.0105450095274171
"P49189",NA,NA,NA,NA,NA,NA,NA,NA,NA,NA,NA,NA,0.00768108316484148,0.006297229,NA,NA,NA,NA,NA,NA,NA,NA,NA,0.00238664230167853,NA,NA,NA,NA,NA,NA,NA,NA,NA
"P49189-3",NA,NA,NA,NA,NA,0.002842603375145,NA,NA,NA,NA,NA,NA,NA,NA,NA,NA,NA,NA,NA,NA,NA,NA,NA,NA,NA,NA,NA,NA,NA,NA,NA,NA,NA
"P49207",NA,0.016953132117357,0.00875328695185412,0.0173861966683962,0.0201749254557519,0.010228514199599,NA,NA,NA,NA,NA,0.0278012567217057,0.0165655704474383,NA,0.0138297893335003,0.0134623211030233,NA,NA,0.0179497611206774,0.0236373282875147,NA,0.0192901093257796,0.0217901744313328,NA,NA,NA,NA,0.0182810391458379,NA,NA,0.0123092349805848,NA,0.0237938687461257
"P49257",NA,NA,0.00881736397630989,NA,NA,0.0056934961426516,NA,NA,NA,NA,NA,0.00449274401928647,0.00428325205352136,0.009208103,NA,0.00145036004739532,NA,NA,0.00628489563883511,0.0040745005786602,NA,NA,NA,NA,NA,NA,NA,NA,NA,NA,NA,0.00345047885383632,0.00534047418545393
"P49321",NA,NA,NA,NA,0.000703566256137351,NA,NA,NA,NA,NA,NA,NA,NA,NA,NA,NA,NA,NA,NA,NA,NA,NA,NA,NA,NA,NA,NA,NA,NA,NA,NA,NA,NA
"P49327",NA,NA,NA,NA,NA,NA,NA,NA,NA,NA,NA,NA,NA,NA,NA,NA,0.0012465388768498,0.000874386644485104,NA,NA,NA,NA,NA,NA,NA,NA,NA,NA,NA,NA,NA,NA,NA
"P49411",NA,NA,0.00894984806596812,NA,0.00313336230340669,NA,NA,0.00772704772955391,0.00389454089963003,NA,NA,0.0023987805541509,0.0097956760889424,0.005715339,0.00357983472311323,0.0153742344266808,NA,NA,0.0034847157376117,0.00754616497545238,NA,0.00707375188826372,0.0056403766466401,0.00384309186253173,NA,NA,NA,NA,NA,NA,NA,NA,NA
"P49448",NA,NA,NA,NA,0.00317145173211536,NA,NA,NA,NA,NA,NA,NA,NA,NA,NA,0.00403094488537977,NA,NA,NA,NA,NA,0.00180497646546582,NA,NA,NA,NA,NA,NA,NA,NA,NA,NA,NA
"P49454",NA,NA,NA,NA,NA,NA,NA,NA,NA,NA,NA,NA,NA,0,NA,NA,NA,NA,NA,NA,NA,NA,NA,NA,NA,NA,NA,NA,NA,NA,NA,NA,NA
"P49588",NA,NA,NA,NA,0.00230116668405901,NA,NA,0.00222057640272659,0.00165010565821158,NA,NA,NA,0.0026162052098145,0.00899974,NA,NA,NA,NA,0.00295292702914655,NA,NA,0.00088856063869233,NA,NA,NA,NA,NA,NA,NA,NA,NA,NA,NA
"P49591",NA,NA,0.00107803676709643,0.00321187135406177,0.00397552192317981,NA,NA,0.00479536699304803,0.00370596265168399,NA,NA,0.00456525859220363,0.00326428952752113,NA,NA,NA,NA,NA,NA,0.00232889873666478,NA,0.00237572908869336,NA,NA,NA,NA,NA,NA,NA,NA,NA,NA,NA
"P49721",NA,0.0116677440498546,NA,NA,0.0115709133650808,0.00703962405147703,NA,0.00535952776216428,NA,NA,NA,0.0116928816374776,NA,0.005882353,NA,NA,NA,NA,NA,0.017894848708021,NA,NA,0.0164964445231338,NA,NA,NA,0.00789522600400103,0.011613836448005,NA,NA,NA,0.00979665475154038,NA
"P49747",NA,NA,0.00603141698884245,0.0121324439539156,NA,0.00399381886809963,NA,NA,0.00692003474302403,NA,NA,NA,NA,NA,NA,NA,NA,NA,NA,0.00586339350740376,NA,NA,NA,NA,NA,NA,NA,NA,NA,NA,NA,NA,NA
"P49748",NA,NA,NA,NA,NA,NA,NA,NA,NA,NA,NA,NA,NA,NA,NA,0.00380456852800045,NA,NA,NA,NA,NA,NA,NA,NA,NA,NA,0.00144088944520938,NA,NA,NA,NA,NA,NA
"P49755",NA,NA,0.0109116309922758,NA,0.00431135396405174,NA,NA,NA,NA,NA,NA,NA,NA,NA,NA,NA,NA,NA,NA,NA,NA,NA,NA,NA,NA,NA,NA,NA,NA,NA,NA,NA,NA
"P49756",NA,NA,NA,NA,NA,NA,NA,0.00127786817190833,0.00246890930732729,NA,NA,0.00152068632447119,0.00289955558208351,0.002805049,NA,NA,NA,NA,NA,NA,NA,NA,NA,NA,NA,NA,NA,NA,NA,NA,NA,NA,NA
"P49789",NA,NA,NA,NA,NA,NA,NA,NA,NA,NA,NA,NA,NA,0.006802721,NA,NA,NA,NA,NA,NA,NA,NA,NA,NA,NA,NA,NA,NA,NA,NA,NA,NA,NA
"P49903",NA,NA,NA,NA,0.0032558157425402,NA,NA,NA,NA,NA,NA,NA,NA,NA,NA,NA,NA,NA,NA,NA,NA,NA,NA,NA,NA,NA,NA,NA,NA,NA,NA,NA,NA
"P49915",NA,NA,NA,NA,NA,NA,NA,0.00520215187681651,NA,NA,NA,0.00176875815798126,0.00168628281064611,NA,NA,NA,NA,NA,NA,NA,NA,NA,NA,NA,NA,NA,NA,NA,NA,NA,NA,NA,NA
"P49961",NA,NA,NA,NA,NA,NA,NA,NA,NA,NA,NA,NA,0.00344563831401633,NA,NA,NA,NA,NA,NA,NA,NA,NA,NA,NA,NA,NA,NA,NA,NA,NA,NA,NA,NA
"P50222",NA,NA,NA,0,NA,NA,NA,NA,NA,NA,NA,NA,NA,NA,NA,NA,NA,NA,NA,NA,NA,NA,NA,NA,NA,NA,NA,NA,NA,NA,NA,NA,NA
"P50281",NA,NA,NA,NA,0.00626118412026961,0.00423248874436155,NA,NA,NA,NA,NA,NA,0.00548377527279428,NA,NA,NA,NA,NA,NA,NA,NA,NA,NA,0.00439819522495787,NA,NA,NA,NA,NA,NA,NA,NA,NA
"P50395",0.007326007,NA,0.00920570349633375,NA,0.00848706986829899,0.00358572625802277,NA,0.00409492002652194,NA,NA,NA,0.00527911512081876,0.0150988664733321,NA,0.00242409785958938,0.00707906309719993,NA,NA,0.00707906309719993,0.0062147588528419,NA,0.00316986375437163,NA,NA,NA,NA,NA,0.00221837322083772,NA,NA,NA,0.00280690707272928,0.0031279584307253
"P50402",NA,NA,NA,NA,NA,NA,NA,NA,NA,NA,NA,NA,NA,0.009090909,NA,NA,NA,NA,NA,NA,NA,NA,NA,NA,NA,NA,NA,NA,NA,NA,NA,NA,NA
"P50416",NA,NA,NA,NA,NA,NA,NA,NA,NA,NA,NA,NA,NA,0.001564945,NA,NA,NA,NA,NA,NA,NA,NA,NA,NA,NA,NA,NA,NA,NA,NA,NA,NA,NA
"P50453",NA,NA,NA,NA,NA,NA,NA,0.00638223959251833,NA,NA,NA,NA,NA,NA,NA,NA,NA,NA,NA,0.0032064553274619,NA,NA,NA,NA,NA,NA,NA,NA,NA,NA,NA,NA,NA
"P50479",NA,NA,NA,NA,NA,NA,NA,NA,NA,NA,NA,NA,NA,0.003745318,NA,NA,NA,NA,NA,NA,NA,NA,NA,NA,NA,NA,NA,NA,NA,NA,NA,NA,NA
"P50579-3",NA,NA,NA,NA,NA,NA,NA,NA,NA,NA,0.000657466516502266,NA,NA,NA,NA,NA,NA,NA,NA,NA,NA,NA,NA,NA,NA,NA,NA,NA,NA,NA,NA,NA,NA
"P50914",NA,0.0132234427936813,0.0165585428207339,0.0126151011364959,NA,NA,NA,NA,NA,NA,NA,NA,NA,0.020155039,0.0127105413728772,NA,NA,NA,NA,0.020237951399146,NA,NA,NA,NA,0.0129644586169326,NA,NA,NA,NA,NA,NA,NA,NA
"P50990",0.00947519391144411,0.00451973186720091,0.0054185687478132,NA,0.00746878735879228,0.00363591737192725,NA,0.0108127678310279,0.00257861234180403,NA,NA,0.0102354232932645,0.0114742454928874,0.0078125,0.00814660980563794,NA,NA,0.00154232044261171,NA,0.0113122815518674,NA,0.00679580712506627,0.00594207861316723,NA,NA,NA,0.00626238123586946,0.00578423489184766,NA,NA,0.00281285296554042,0.00723746975805996,0.00413836676604236
"P50991",0.00645559029445472,0.00360044239882086,0.00466115572633855,NA,0.0107484334251018,0.000789924840020739,NA,0.00345227722778636,NA,NA,0.00391713307419669,0.00591199451309541,0.00732584057565279,0.00593195,0.0035601437033784,0.00311899313119114,0.00300946561351387,0.00234554928972948,0.0038887760722863,0.00548680286807493,NA,NA,0.00403873334942095,0.00578504735026104,0.00194806650058545,NA,0.00856401883980613,0.00244350563798633,NA,0.0018423818810358,NA,0.00233600137887474,0.00199067557367712
"P50995",NA,NA,NA,0.00753401818337108,NA,NA,NA,0.00289244336617507,NA,NA,NA,0.00344206011851854,0.0065631208934668,0.004761905,NA,0.00611146650883879,NA,NA,0.00500029087541911,0.00351183149854066,NA,0.00835904696073167,NA,NA,NA,NA,NA,0.00574546947403979,NA,NA,NA,NA,NA
"P51116",NA,NA,NA,NA,NA,NA,NA,0.00142140323773455,NA,NA,NA,NA,NA,NA,NA,NA,NA,NA,NA,NA,NA,NA,NA,NA,NA,NA,NA,NA,NA,NA,NA,NA,NA
"P51148",NA,NA,NA,0.00470876200028974,NA,NA,NA,0.00421814714512179,NA,NA,NA,0.010039342283408,0.00478560963087679,0.006944444,NA,0.0125586007772593,NA,NA,NA,0.00682856216901821,NA,0.00522440505575192,NA,NA,NA,NA,NA,0.00457026003325349,NA,NA,NA,NA,NA
"P51149",NA,NA,0.00989501976536522,NA,NA,NA,NA,NA,NA,NA,NA,NA,NA,NA,NA,NA,NA,NA,NA,NA,NA,NA,NA,0.00915455942909837,NA,NA,NA,NA,NA,NA,NA,NA,NA
"P51178",NA,NA,NA,NA,0.0030556198730997,NA,NA,0.0105658434560576,NA,NA,NA,NA,NA,NA,NA,NA,NA,NA,NA,NA,NA,NA,NA,NA,NA,NA,NA,NA,NA,NA,NA,NA,NA
"P51397",NA,NA,NA,NA,NA,NA,NA,NA,NA,NA,NA,NA,NA,0.024836601,NA,NA,NA,NA,NA,NA,NA,NA,NA,NA,NA,NA,NA,NA,NA,NA,NA,NA,NA
"P51398",NA,NA,NA,NA,NA,NA,NA,NA,NA,NA,NA,NA,0.00259721526147547,NA,NA,NA,NA,NA,NA,NA,NA,NA,NA,NA,NA,NA,NA,NA,NA,NA,NA,NA,NA
"P51784",NA,NA,NA,NA,NA,NA,NA,NA,0.00269658717818879,NA,NA,NA,NA,NA,NA,NA,NA,NA,NA,NA,NA,NA,NA,NA,NA,NA,NA,NA,NA,NA,NA,NA,NA
"P51858",NA,NA,NA,NA,0.00295058289865374,0.00249320030124746,0.00658482016860719,0.00551422222220418,0.0110020774473427,NA,0.00397904131967591,0.00645386312881564,0.00502488959557483,0.004155287,NA,NA,NA,NA,NA,NA,NA,NA,NA,NA,NA,NA,0.00186415037300761,NA,NA,NA,NA,0.00578274716847205,0.00869963313850734
"P51884",0.012523921391752,0.034256414396923,0.0418756591757094,0.0240453657799703,0.0682044185171981,0.0427592061273892,0.0443669705999428,0.0195704996884023,0.0469079451477642,0.0291953147935076,0.0169516721977485,0.0121753724411279,0.0144790133068468,0.003546099,NA,0.0371722140623702,0.00898215195694997,0.0195716919307084,0.0121061998329461,0.030210158433765,NA,0.0173405768022192,0.0274715564390479,0.0449102623141108,0.0381133516069347,NA,0.00475953368589326,0.0196660077105511,0.0242868607461621,NA,0.00851170470270255,0.0203573802343933,0.0124495935315555
"P51888",0.00478016536063401,0.0269477532484413,0.0356926538918896,0.0295252191766709,0.00553775123540567,0.0214464898435524,0.0180229678192747,0.0524447202068766,0.0259720109979259,NA,0.0179146166809826,NA,NA,NA,0.00316341183381238,NA,NA,0.0140102434909544,0.00410581003666983,0.0262479763993578,NA,0.00496395047081042,0.00299055738935646,0.00694645775380418,0.0210854417437433,NA,NA,NA,0.00519432749476781,NA,NA,0.00740734374975293,NA
"P51991",NA,0.0073000080578873,0.00780754480952989,NA,0.0137755917395144,0.00883275285591252,0.00415446102649838,0.0037125012171702,0.00647861555284512,NA,NA,0.00840834555023438,0.00744562269059648,0.007097792,NA,0.0234516787514975,0.00639234526263529,0.00934150120985261,0.00331249522786245,0.00916039683209556,NA,0.0102345596596362,0.0145836071454634,0.00697421467479471,0.00568954242280564,NA,0.00588060109054426,0.00467118003192715,NA,NA,NA,0.00562899288624571,0.00744027517333788
"P52209",NA,NA,0.00247974510414345,NA,NA,NA,NA,NA,NA,NA,NA,NA,NA,NA,NA,NA,NA,NA,NA,0.00267851624346997,NA,NA,NA,NA,NA,NA,NA,NA,NA,NA,NA,NA,NA
"P52272",NA,NA,NA,NA,NA,NA,NA,NA,NA,NA,NA,NA,NA,NA,NA,NA,NA,NA,NA,NA,NA,NA,NA,NA,NA,NA,NA,NA,0.00286612604139405,NA,NA,NA,NA
"P52292",NA,NA,NA,NA,NA,NA,NA,0.00477026017830668,NA,NA,NA,NA,NA,NA,NA,NA,NA,NA,NA,NA,NA,NA,NA,NA,NA,NA,NA,NA,NA,NA,NA,NA,NA
"P52306",NA,NA,NA,NA,0.0017517379343608,NA,NA,NA,NA,NA,NA,NA,NA,NA,NA,NA,NA,NA,NA,NA,NA,NA,NA,NA,NA,NA,NA,NA,NA,NA,NA,NA,NA
"P52434",NA,NA,NA,NA,NA,NA,NA,NA,NA,NA,NA,NA,NA,NA,NA,NA,NA,NA,NA,NA,NA,NA,NA,0.00631664615767738,NA,NA,NA,NA,NA,NA,NA,NA,NA
"P52597",NA,0.00514753367293196,0.0109855263943661,NA,0.00835828282593855,0.00414095518360577,0.00364557558815615,NA,NA,NA,NA,0.0120267284091377,0.0247255515588283,0.008332023,0.0111978225239885,NA,0.0122704283312928,NA,0.00908357290272267,0.0149921190609794,NA,NA,0.00823351958080838,0.00491780345940492,NA,NA,NA,0.00683166820848058,NA,NA,NA,0.0109251909647458,0.00762597591838094
"P52790",NA,NA,NA,NA,NA,NA,NA,NA,NA,NA,NA,0.00163783834434448,NA,NA,NA,NA,NA,NA,NA,NA,NA,NA,NA,NA,NA,NA,NA,NA,NA,NA,NA,NA,NA
"P52907",NA,NA,0.00787795815425526,0.00355626701492324,NA,NA,NA,NA,NA,NA,NA,0.0104254715417019,0.0120476879740248,0.013111888,NA,NA,NA,NA,NA,NA,NA,NA,NA,0.00441723517468665,NA,NA,NA,NA,NA,NA,NA,NA,NA
"P53004",NA,NA,NA,NA,NA,NA,NA,NA,NA,NA,NA,NA,NA,NA,NA,NA,NA,NA,NA,NA,NA,NA,NA,0.0116747343605443,NA,NA,NA,NA,NA,NA,NA,NA,NA
"P53007",NA,NA,NA,NA,NA,NA,NA,NA,NA,NA,NA,NA,NA,NA,NA,NA,NA,NA,NA,NA,NA,NA,NA,0.00343295931216345,NA,NA,NA,NA,NA,NA,NA,NA,NA
"P53396",NA,0.00115995150503663,0.00472615344772697,NA,0.00165646762535601,NA,0.00123224742493143,0.000799227832174671,0.0005147167904655,NA,NA,0.00147948160983945,0.000738831069366058,0.000584795,NA,NA,NA,0.00207807443306747,NA,0.000862555046682251,NA,NA,NA,0.000892703131921677,NA,NA,0.00156981112299346,NA,NA,NA,NA,NA,NA
"P53618",NA,NA,NA,NA,0.00217304151645439,NA,NA,NA,NA,NA,NA,0.00124769736476182,0.00118951853852515,NA,NA,NA,NA,NA,NA,NA,NA,NA,NA,NA,NA,NA,NA,NA,NA,NA,NA,NA,NA
"P53992",NA,NA,NA,NA,NA,NA,NA,NA,NA,NA,NA,NA,0.00148305800887145,NA,NA,NA,NA,NA,NA,NA,NA,NA,NA,NA,NA,NA,NA,NA,NA,NA,NA,NA,NA
"P53999",NA,NA,0.00604803869208725,NA,0.0235427085018504,NA,NA,NA,NA,NA,NA,NA,0.0325572156797632,NA,NA,0.00275606578723599,NA,NA,NA,0.0217761213009001,NA,0.0111070023412971,NA,NA,NA,NA,NA,NA,NA,NA,NA,NA,NA
"P54136",NA,NA,0.0073726215067708,NA,0.00224806280118893,NA,NA,0.00433866550482246,NA,NA,NA,0.00182226693023058,0.00347459408304757,0.003361345,0.00453245225651818,NA,NA,NA,0.00176480817365579,0.00340854197892191,NA,NA,NA,NA,NA,NA,NA,NA,NA,NA,NA,NA,NA
"P54577",NA,NA,0.00290947297248721,NA,0.00588626370134285,NA,NA,0.00373881162104906,0.00375070854074543,NA,NA,0.00205350146106675,0.00455176688398199,0.006944444,NA,NA,NA,NA,NA,NA,NA,NA,NA,NA,NA,NA,NA,NA,NA,NA,NA,NA,NA
"P54687",NA,NA,0.00398495964463111,0.00989389555144375,0.00367387793228465,NA,NA,NA,NA,NA,NA,NA,NA,0.005836576,NA,NA,NA,NA,0.00408584102603693,NA,NA,NA,NA,NA,NA,NA,0.0034816825601292,NA,NA,NA,NA,NA,NA
"P54727",NA,NA,0.00911446540029726,0.00987468470810174,0.01756981379823,0.00968233100362102,NA,0.00950925892822788,NA,NA,0.00993380630279043,0.00882236819822423,0.0125448006002142,0.016990291,0.00523652217482049,NA,NA,NA,NA,0.00537003397266976,NA,NA,0.012375972732871,NA,NA,NA,NA,NA,NA,NA,NA,NA,NA
"P54727-2",NA,NA,NA,NA,NA,NA,NA,NA,NA,NA,NA,NA,NA,NA,NA,NA,NA,NA,NA,NA,NA,NA,NA,NA,NA,NA,0.00667755503065955,NA,NA,NA,NA,NA,NA
"P54886",NA,0.00230641410632827,0.00330792786915611,NA,0.00724608302672106,NA,NA,NA,NA,NA,NA,NA,NA,NA,0.0030661390161522,NA,NA,NA,0.00298466932406277,0.00648872149628774,NA,0.00437392017062653,NA,0.00220348073302859,0.00228784517532995,NA,NA,0.00382626391543806,NA,NA,NA,NA,0.00359674755799756
"P54886-2",NA,NA,NA,NA,NA,NA,NA,NA,NA,NA,NA,0.00240944197453808,NA,NA,NA,NA,NA,NA,NA,NA,NA,NA,NA,NA,NA,NA,NA,NA,NA,NA,NA,NA,NA
"P55011",NA,NA,NA,NA,NA,NA,0.0012409551911224,NA,NA,NA,NA,NA,NA,NA,NA,NA,NA,NA,NA,NA,NA,NA,NA,NA,NA,NA,NA,NA,NA,NA,NA,NA,NA
"P55060",NA,NA,NA,NA,0.0014499183247715,NA,NA,NA,NA,NA,NA,NA,NA,NA,NA,NA,NA,NA,NA,0.00169875202304335,NA,NA,NA,NA,NA,NA,NA,NA,NA,NA,NA,NA,NA
"P55072",0.00232198871780525,0.0042663654075627,0.00820403439205666,0.00475705660397508,0.0101756861007322,0.00302570959003729,0.00450244085277176,0.00960617746518829,0.00546058012414957,NA,0.00272071235626333,0.00719090632223092,0.008197637462598,0.006805758,0.00384160856769812,0.00616055056168751,0.00273021614281494,NA,0.00844758978830125,0.0108028883632435,NA,0.00454121379899534,0.0032218333365888,0.00619470994217869,0.00210208019160658,0,0.00436713504008039,0.00559340585658822,0.00504634177396266,0.00272803329313695,0.00361950092858552,0.00767327732017005,0.00385234045970474
"P55268",NA,0.00107024300570944,0.00116658036521321,0.00152441927212245,NA,0.000286986901363945,NA,NA,NA,NA,NA,NA,NA,NA,NA,NA,NA,NA,0.000755439107407123,0.00194982461775938,NA,NA,NA,NA,NA,NA,NA,NA,NA,NA,NA,NA,NA
"P55290",NA,NA,NA,NA,NA,NA,NA,NA,NA,NA,NA,NA,0.00181987918009978,NA,NA,NA,NA,NA,NA,NA,NA,NA,NA,NA,NA,NA,NA,NA,NA,NA,NA,NA,NA
"P55290-4",NA,NA,NA,0.00165380869587054,NA,NA,NA,NA,NA,NA,NA,NA,NA,NA,NA,NA,NA,NA,NA,NA,NA,NA,NA,NA,NA,NA,NA,NA,NA,NA,NA,NA,NA
"P55291",NA,NA,NA,NA,NA,NA,NA,NA,NA,NA,NA,NA,NA,0.002659574,NA,NA,NA,NA,NA,NA,NA,NA,NA,NA,NA,NA,NA,NA,NA,NA,NA,NA,NA
"P55795",NA,NA,0.00549676756315267,NA,0.00960189733862271,0.00863933795587065,NA,0.0128689226596857,NA,NA,NA,0.0107199763385071,0.00846809459957047,0.00945543,NA,0.00875757095493442,NA,NA,NA,NA,NA,NA,NA,NA,NA,NA,NA,NA,NA,NA,NA,0.0123327943395301,0.00786407490180255
"P55809",NA,NA,NA,NA,NA,NA,NA,NA,NA,NA,NA,NA,0.0023439721906774,NA,NA,NA,NA,NA,NA,NA,NA,NA,NA,NA,NA,NA,NA,NA,NA,NA,NA,NA,NA
"P55884",NA,NA,NA,NA,0.00141191576122337,NA,NA,NA,NA,NA,0.00400593300029693,NA,0.00421570754346107,NA,NA,NA,NA,NA,NA,NA,NA,NA,NA,NA,NA,NA,NA,NA,NA,NA,NA,NA,0.00302760503060469
"P55957",NA,NA,NA,NA,NA,NA,NA,NA,NA,NA,NA,0.00973043974417209,NA,0.014529915,NA,NA,NA,NA,NA,NA,NA,NA,NA,NA,NA,NA,NA,NA,NA,NA,NA,NA,NA
"P56182",NA,NA,NA,NA,0.00224806280118893,NA,NA,NA,NA,NA,NA,NA,NA,NA,0.00256838900075029,NA,NA,NA,NA,NA,NA,NA,NA,NA,NA,NA,NA,NA,NA,NA,NA,NA,NA
"P56192",NA,NA,NA,NA,NA,NA,NA,NA,NA,NA,NA,NA,NA,NA,NA,NA,NA,NA,NA,0.00165851080408703,NA,NA,NA,NA,NA,NA,NA,NA,NA,NA,NA,NA,NA
"P56537",NA,NA,NA,NA,0.0101228579203282,NA,NA,NA,0.00257358571265989,NA,NA,NA,0.00906747033550781,0.014619883,NA,NA,NA,NA,NA,NA,NA,NA,NA,NA,NA,NA,NA,NA,NA,NA,NA,NA,NA
"P56545",NA,NA,NA,NA,NA,NA,NA,0.00138048485153794,NA,NA,NA,NA,0.00156619989144753,NA,NA,NA,NA,NA,NA,NA,NA,NA,NA,NA,NA,NA,NA,NA,NA,NA,NA,NA,NA
"P59998",NA,NA,0.0182881165585871,0.0121082442718086,0.0134259330311328,NA,NA,0.00572462800805966,0.0104781690812946,NA,NA,0.0139833695703094,0.0153823150463029,0.016865079,NA,0.00781295390218302,NA,0.00176265210362802,NA,0.0123462829750377,NA,0.00335854530121809,0.00910517974979593,0.0206794954810002,NA,NA,0.00798921677911066,0.00979341365184599,NA,NA,NA,0.0128872655465629,0.00690447056809264
"P60059",NA,NA,0.0225912031088825,NA,0.0416552879254535,0.0117327070184031,NA,NA,NA,NA,NA,NA,NA,0.022058824,NA,NA,NA,NA,NA,NA,NA,NA,NA,NA,NA,NA,NA,NA,NA,NA,NA,NA,NA
"P60174",NA,NA,0.0162333678213092,NA,0.015239929680935,0.00395192592262181,NA,0.00731243814971202,0.0167270242900589,NA,NA,0.0122141993977093,0.0189049602832637,0.016966367,0.00335267603861771,NA,NA,0.00414161620615059,0.00625288137811177,0.0196916810278207,NA,NA,0.00711624739480503,0.0126995498244159,0.00401306236284412,NA,0.00874903057430797,0.00345166415394987,NA,NA,0.00251779839152427,0.023893550524451,0.00459654280486608
"P60468",NA,NA,NA,NA,NA,NA,NA,NA,NA,NA,NA,0.0112942607464896,NA,NA,NA,NA,NA,NA,NA,NA,NA,NA,NA,NA,NA,NA,NA,NA,NA,NA,NA,NA,NA
"P60842",NA,NA,NA,NA,0.0113782143366692,NA,NA,0.00638520528717587,NA,NA,NA,0.00838374936173818,NA,0.019407008,NA,NA,NA,NA,NA,NA,NA,NA,NA,NA,NA,NA,NA,NA,NA,NA,NA,0.00448903347981454,0.0100877401063615
"P60903",NA,NA,0.0131976098454078,NA,NA,NA,NA,NA,NA,NA,NA,NA,NA,NA,NA,NA,NA,NA,NA,NA,NA,NA,NA,NA,NA,NA,NA,NA,NA,NA,NA,NA,NA
"P60953",NA,0.00652472486040522,0.0280738632190347,0.00669139772196055,0.0124235071901701,NA,NA,0.00899131288418512,NA,NA,NA,0.00713321668584929,0.0272024099728318,NA,NA,0.00690829587191805,NA,NA,NA,0.0145556184869386,NA,NA,NA,0.0135059862082432,NA,NA,NA,NA,NA,NA,NA,0.0109567850290538,NA
"P60983",NA,NA,NA,NA,NA,NA,NA,NA,NA,NA,NA,NA,NA,NA,NA,NA,NA,NA,NA,NA,NA,NA,NA,0.0100087695529244,NA,NA,NA,NA,NA,NA,NA,NA,NA
"P61026",NA,NA,0.00544071463265395,NA,0.0165232642324609,NA,NA,0.0091111971045673,NA,NA,NA,NA,0.0103369159757406,0.017738095,NA,0.0108756322602637,0.00506593383340769,NA,0.00583367286299913,0.00553113491441396,NA,0.00877700004227466,0.00509890090463297,0.00473748438138381,NA,NA,NA,NA,NA,NA,NA,NA,NA
"P61088",NA,NA,NA,NA,NA,NA,NA,NA,NA,NA,NA,NA,NA,NA,NA,NA,NA,NA,NA,NA,NA,NA,NA,NA,NA,NA,0.0147169786069694,NA,NA,NA,NA,NA,NA
"P61106",NA,NA,0.00266190893518812,NA,0.0109789131332275,NA,NA,NA,NA,NA,NA,NA,0.00480786811204735,NA,NA,0.0052328625928833,NA,NA,NA,NA,NA,NA,NA,NA,NA,NA,NA,NA,NA,NA,NA,NA,NA
"P61160",NA,NA,NA,0.00254273127673796,0.0145299816680578,0.00554044475929476,NA,0.00733957585028798,NA,NA,NA,0.0178901084499561,0.00922118544452506,0.015944444,NA,NA,NA,NA,NA,0.00762067489388445,NA,0.00952931355780353,NA,0.00447429059408541,0.00327924498085343,NA,NA,0.00493588044104334,NA,NA,NA,0.00786453628235649,0.0178890236080627
"P61163",NA,NA,NA,NA,NA,NA,NA,NA,NA,NA,NA,NA,NA,0.002659574,NA,NA,NA,NA,NA,NA,NA,NA,NA,NA,NA,NA,NA,NA,NA,NA,NA,NA,NA
"P61204",NA,NA,0.0130677516366565,NA,0.0132151339469877,NA,NA,NA,NA,NA,NA,0.00599032608188129,NA,0.012430939,0.0104296473011074,0.00377093717328886,NA,NA,0.008702163434555,0.0116123279213426,NA,NA,NA,0.0199358231852512,NA,NA,NA,NA,NA,0.0077105211024528,NA,NA,NA
"P61225",NA,NA,NA,NA,NA,NA,NA,NA,NA,NA,NA,NA,NA,0.005464481,NA,NA,NA,NA,NA,NA,NA,NA,NA,NA,NA,NA,NA,NA,NA,NA,NA,NA,NA
"P61254",NA,NA,NA,NA,0.0195348935110546,NA,NA,NA,NA,NA,NA,NA,NA,0.011904762,NA,NA,NA,NA,NA,NA,NA,NA,0.00972893747548131,NA,NA,NA,NA,NA,NA,NA,NA,NA,NA
"P61457",NA,NA,NA,NA,NA,NA,NA,NA,NA,NA,NA,NA,NA,0.009615385,NA,NA,NA,NA,NA,NA,NA,NA,NA,NA,NA,NA,NA,NA,NA,NA,NA,NA,NA
"P61758",NA,NA,NA,NA,NA,NA,NA,NA,NA,NA,NA,NA,0.00524716533349277,NA,NA,NA,NA,NA,NA,NA,NA,NA,NA,NA,NA,NA,NA,NA,NA,NA,NA,NA,NA
"P61927",NA,NA,NA,NA,0.0194677637373175,0.0164499816075801,0.0108615586717085,NA,NA,NA,NA,0.0223556497461577,0.0213132291250018,0.020618557,NA,NA,NA,NA,NA,NA,NA,NA,NA,NA,NA,NA,NA,NA,NA,NA,NA,NA,NA
"P61978",0.0128013340547868,0.00826265917978829,0.0103076937456971,0.00495529403686464,0.0175565942426575,0.00466421290417375,0.00738103976625554,0.0133758395996334,0.0107825816014372,NA,0.0117366850457769,0.0141646451601123,0.0167218852908235,0.016417977,0.0148196951039587,0.0107093739970503,0.0124598425841372,0.00813957832985094,0.0124070958715362,0.0109121913327412,NA,0.0124139347244225,NA,0.00808397607611512,0.006270708640201,NA,0.0109035571621347,0.008674388350944,NA,NA,0.00712131126907327,0.00735683621498751,0.00888233842586814
"P61981",NA,NA,0.0142556893031308,0.00295964970198204,0.0247196634456882,0.0160964513896319,0,0.00904638278172454,0.00529523122244275,NA,NA,0.0182289503567453,0.0113466466020829,0.013117889,0.00909854558575745,0.00930659956541203,NA,NA,0.00301130832236671,0.00323277246738468,NA,0.0103142094281155,0.0115402231031746,0.00347159823477802,NA,NA,NA,0.0111994436184012,NA,NA,NA,0.0101636292056734,0.00411936676726786
"P62081",NA,0.0166145061858308,NA,NA,0.0247866345960886,0.00548332693658535,NA,0.0231358204497848,0.00453693899928743,NA,NA,0.03829735624307,0.0211102451733694,0.020103093,0.0103794704750437,NA,NA,NA,0.0297697710197773,NA,NA,NA,NA,NA,NA,NA,0.016335341161366,NA,NA,NA,0.00824845603436286,0.0127033078351567,0.0218057896069575
"P62191",NA,NA,0.00127379905628555,NA,0.00469744505378617,NA,NA,NA,NA,NA,NA,NA,NA,NA,NA,NA,NA,NA,0.00261209191922966,0.00504498244847344,NA,NA,NA,NA,NA,NA,NA,NA,NA,NA,NA,NA,NA
"P62241",NA,0.0168471746511187,0.0294602802035772,0.0187444932036543,0.0341064326049369,0.0263384240839131,0.00759786893905234,0.0558551005058973,0.0193946874467218,NA,NA,0.0275468246835794,0.0357816326212911,0.03211424,0.023769949641621,0.0293646879256582,0.0125836499542786,NA,0.0268405018656667,0.0272188056244437,NA,0.0189887013851967,0.0219808386526399,0.010628971635732,0.00945936184600319,NA,0.0344304533817692,0.0181931488843525,NA,NA,0.0142325527962823,0.0173482423381318,0.0342780420869905
"P62244",NA,0.0400517744660952,0.0380273457034221,0.0169515421839506,0.0226967919638841,NA,NA,0.0192736860425663,NA,NA,NA,0.020155911285874,0.0159029472574118,NA,0.0266223439006581,0.021424321718055,NA,NA,0.0257322653530737,0.0322621906811539,NA,NA,0.0136951246826113,NA,NA,NA,0.0264750364878377,0.01417483578401,NA,NA,0.0227720846660758,NA,0.0155509927942747
"P62249",NA,NA,NA,NA,NA,NA,NA,NA,NA,NA,NA,NA,NA,NA,NA,NA,NA,NA,NA,NA,NA,NA,NA,NA,NA,NA,NA,NA,NA,NA,NA,NA,0.0169490567822437
"P62258",NA,NA,NA,NA,0.0115425443366734,NA,NA,NA,NA,NA,NA,0.0224808588203274,NA,NA,NA,NA,NA,NA,NA,0.0258233788276528,NA,NA,NA,NA,NA,NA,NA,NA,NA,NA,NA,NA,0.0106885789931263
"P62266",NA,NA,0.0324667356426185,NA,0.0326833801636208,0.0297556770187957,NA,0.0329192434989665,NA,NA,NA,NA,0.0283120654985284,0.033508159,NA,0.0220292524276578,NA,NA,NA,0.0154717060697765,NA,NA,0.0414805694613485,0.0132517045765631,0.0206386068591013,NA,NA,0.0270380393277236,NA,NA,NA,NA,NA
"P62269",NA,0.017942994109933,0.0310256288506222,NA,0.0256752472488316,0.0148342290453766,NA,0.0260748074552488,0.00984396444875374,NA,0.00987280991717825,0.0312276396839771,0.039338248065223,0.036309524,0.0189249749909713,0.0260212494993243,0.0138868796702845,NA,0.0353474495039473,0.0379659036422594,NA,NA,0.0271238521885592,0.01584356048919,NA,NA,0.0297282973587454,0.0260865615012168,NA,NA,0.0178969796746494,0.0310442238326279,0.0296625753761411
"P62273",NA,NA,NA,NA,NA,NA,NA,NA,NA,NA,NA,NA,NA,NA,NA,NA,NA,NA,NA,0.0197540534237966,NA,NA,NA,NA,NA,NA,NA,NA,NA,NA,NA,NA,NA
"P62304",NA,NA,NA,NA,NA,NA,NA,NA,NA,NA,NA,NA,NA,NA,NA,NA,NA,NA,NA,NA,NA,NA,NA,0.0154483187997293,NA,NA,NA,NA,NA,NA,NA,NA,NA
"P62318",NA,0.00787109716074699,0.0243841554114495,NA,NA,NA,NA,NA,NA,NA,NA,NA,0.00820390163367929,NA,NA,0.0125007266635173,0.00804116487926216,NA,NA,0.0175591585989303,NA,NA,NA,0.0175462389057719,NA,NA,NA,NA,NA,NA,NA,NA,NA
"P62328",NA,NA,0.0465515685839299,0.0943892667828205,0.0751057469403617,0.0423088535727501,0.0778206016095136,0.0621217982745735,0.11302134112999,0.0120872492243227,0.0837148969873212,0.119103109679599,0.158577688358174,0.076623377,0.049032888278348,NA,0.0230269722463586,NA,0.140405887679245,NA,NA,NA,0.149104223207041,0.0394790368273641,0.0558962270330377,NA,0.1169330873989,0.0448716399244048,NA,NA,0.0636443392690738,0.0693929701852428,0.0949050885306362
"P62424",NA,0.0125833987243058,0.01841798193628,NA,0.0184127079951216,0.00882305450619669,NA,0.0149965192959602,0.00661779095238781,NA,0.00615447866490917,0.0124661463371345,0.0211790197764308,0.013005729,0.0148696227448816,0.0101415671451494,0.0120617473188932,NA,0.00625036333175863,0.0240959843755687,NA,0.00438378639609216,0.0167179326201896,0.00703922717296044,0.00184919823829939,NA,0.0126472577510649,0.014040662758805,NA,NA,0.00360947439213551,0.0126388131756929,0.0245363088935985
"P62701",NA,0.0205606229419492,0.0253313979108442,0.0128528200664657,0.0400434472763231,0.0200140668869881,NA,0.0179457973985539,NA,NA,NA,0.0193783952458999,0.0208949944035485,0.011859497,0.0108692681404136,0.010447375369244,0.00914950001520277,NA,0.0185626932953389,0.0194244022078054,NA,0.00786640374252007,0.0226346676563004,0.00810596179363225,0.00590032575276327,NA,0.0204826856789649,0.01779153011333,NA,NA,NA,NA,0.0157939032547975
"P62714",NA,NA,0.00753040069491599,NA,0.00867818455171733,NA,NA,NA,NA,NA,NA,NA,NA,NA,NA,NA,NA,NA,NA,0.00610051657986563,NA,NA,NA,NA,NA,NA,0.00328967802362929,NA,NA,NA,NA,NA,NA
"P62736",NA,0.0127887621018865,0.0083906501358558,NA,0.00908500620085107,0.0116610416711199,0.00926670153044593,0.0177516259436993,0.00966752017198282,NA,0.00747907135526641,NA,0.00966810717519419,0.007767702,0.0128209929561833,NA,0.0127080267353829,NA,0.00821797399264026,0.0134384110950237,NA,0.0172342070878888,0.0101639318501168,0.0200641464771929,0.0122769779549285,NA,0.0125414825610717,0.014132129559258,NA,0.0108770811752293,0.0114852366833265,NA,0.0119031489269966
"P62750",NA,NA,NA,NA,NA,NA,NA,0.0175215326831403,0.00846313683648135,NA,NA,NA,NA,0.012820513,NA,NA,NA,NA,NA,NA,NA,NA,NA,NA,NA,NA,NA,NA,NA,NA,NA,NA,NA
"P62805",0.094953586047868,0.0817753498372343,0.110285379958987,0.0565865632760506,0.105189712667968,0.0848831679549193,0.079837773294969,0.0577540935623394,0.0953716835053628,0.0639780416559764,0.0981466706359703,0.101858250818725,0.100650409240037,0.11044635,0.111218783362888,0.108444915453123,0.116872992248716,0.0589969447219905,0.0879878910560352,0.120494703282789,0.0508748401712411,0.114859310762128,0.14834499074366,0.109816838856545,0.12373429774139,0.0198329551528831,0.0859205778357722,0.100884646910765,0.111492301770343,0.0608224520210749,0.0656244971675423,0.0870743146031934,0.0752707969521152
"P62820-3",NA,NA,NA,NA,NA,NA,NA,NA,NA,NA,NA,NA,NA,NA,NA,NA,NA,NA,0.00814000801112467,NA,NA,NA,NA,NA,NA,NA,NA,NA,NA,NA,NA,NA,NA
"P62829",NA,NA,NA,NA,0.0296744333189519,NA,NA,NA,NA,NA,NA,NA,NA,NA,NA,NA,NA,NA,NA,NA,NA,NA,NA,NA,NA,NA,NA,NA,NA,NA,NA,NA,NA
"P62851",0.0130402925252015,0.0238021976236813,0.0539377516800024,0.0244102202566844,0.0516155304885115,0.038295556627161,0.0084285698158172,0.0328003095764423,0.0246446534820476,NA,0.0229192785252025,0.0433699598786814,0.0578867294641473,0.052,0.0215744710582178,0.0294017088773789,0.0283692294670831,NA,0.0336019530027187,0.0427741103735436,NA,0.0180555424282352,0.0312732592216756,0.024003253883179,0.0236105662232013,NA,0.0250541850218919,0.023692226117008,0.0141701269502704,NA,0.0230428875610543,0.0299777632399359,0.0296947477794384
"P62854",NA,0.0344959388868848,0.0192952883376353,0.0397992723787447,0.0602089960156697,0.0416256049948348,0.0366459560415965,0.0581003873862912,0.0229608577023598,NA,0.00711778821950835,0.031427506891331,0.0868900183318238,0.056521739,0.00938020462031669,0.0456548275863106,0.044051598683526,NA,0.0304365513741867,0.0577161903631793,NA,0.0392511795352635,0.0310367885142016,0.0164782062143796,0.0342182122170924,NA,0.0259360091189765,0.0128762095886758,NA,NA,0.0125233082066285,0.0108615082030365,0.043035866723576
"P62857",0.023623718956973,0.0574932304863832,0.0742126461919701,0.0368511778647767,0.0615773819454125,0.0693760085906661,0.0305382961745448,0.0869305037578548,0.0382680955838222,NA,0.0296574514603152,0.031427506891331,0.0711599291181248,0.096618357,0.0521122492090882,0.0786277583291846,0.0501698759125872,0.0429167536689568,0.0583367244297472,0.0654651234259131,NA,0.0408866449260561,0.029558845572709,0.0411955164834458,0.0427727650254221,0.0362026417221274,0.0659206907761407,0.0429206996160955,0.051341039238494,NA,NA,0.0120683430029621,0.0739678953511707
"P62861",NA,NA,NA,NA,NA,NA,NA,NA,NA,NA,NA,0.0367542031951327,NA,NA,NA,NA,NA,NA,NA,NA,NA,NA,NA,0.0481778076216139,NA,NA,NA,NA,NA,NA,NA,NA,NA
"P62873",NA,NA,0.00890551737917489,NA,NA,NA,NA,NA,NA,NA,NA,NA,NA,NA,NA,NA,NA,NA,NA,NA,NA,NA,NA,NA,NA,NA,NA,NA,NA,NA,NA,NA,NA
"P62891",NA,NA,0.0200810688611541,NA,NA,NA,NA,NA,NA,NA,NA,NA,NA,NA,NA,NA,NA,NA,NA,0.0433814500054589,NA,NA,NA,NA,NA,NA,NA,NA,NA,NA,NA,NA,NA
"P62899",NA,NA,NA,NA,0.0126610919019158,NA,NA,0.0182223942091346,NA,NA,NA,0.0130109879636044,0.012679950608139,0.012,NA,NA,NA,NA,NA,NA,NA,NA,NA,NA,NA,NA,NA,NA,NA,NA,NA,NA,NA
"P62906",NA,0.00685547127275979,0.0133719564576683,NA,0.018782205006634,0.00839492294829057,NA,0.0192840673405472,NA,NA,NA,NA,0.00714533321411802,0.020122888,NA,0.0072584859755631,0.0046690635109647,NA,0.0134685248635964,0.0127445501320962,NA,NA,0.0115136476316597,0.00436634511746182,NA,NA,0.0101024943356758,NA,NA,NA,NA,0.00575609860238304,0.0154660147777778
"P62913",NA,0.0167150268334285,0.00743168744102467,0.0114280056810081,0.0155427888398911,0.0156875521793936,NA,0.0136497331180332,0.00988950776838856,NA,0.00459857151894499,0.0178170127195766,0.0149813378060711,0.025280899,0.00909036670377928,0.0147480483816818,NA,NA,0.019664064508909,0.0243411364434723,NA,0.00316986375437163,0.0148001809218274,0.0106460322644863,0.0165804542174124,NA,0.0125673080570754,0.0110918661041886,NA,NA,0.0144351957899755,0.0257299774752261,0.0182464212406882
"P62917",NA,0.00675321802352669,NA,NA,NA,NA,NA,NA,NA,NA,NA,NA,NA,NA,NA,NA,NA,NA,NA,NA,NA,NA,NA,NA,NA,NA,NA,NA,NA,NA,NA,NA,NA
"P62937",NA,NA,NA,NA,NA,NA,NA,NA,NA,NA,NA,NA,0.0296533754460077,0.024242424,NA,NA,NA,NA,0.0159100154671871,NA,NA,NA,NA,NA,NA,NA,NA,NA,NA,NA,NA,NA,NA
"P62937-2",NA,NA,NA,NA,NA,NA,NA,NA,0.0391184971993667,NA,NA,NA,NA,NA,NA,NA,NA,NA,NA,NA,NA,NA,NA,NA,NA,NA,NA,NA,NA,NA,NA,NA,NA
"P62942",NA,NA,NA,NA,NA,NA,NA,NA,NA,NA,NA,0.00713321668584929,NA,NA,0.00946248749548563,NA,NA,NA,NA,NA,NA,NA,NA,NA,NA,NA,0.0117735834224509,NA,NA,NA,NA,0.0191743735926652,0.0122100116666667
"P62995",NA,NA,NA,NA,NA,NA,NA,NA,NA,NA,NA,NA,NA,NA,NA,NA,NA,NA,0.00182302250717197,0.00384106566695925,NA,NA,NA,NA,NA,NA,NA,NA,NA,NA,NA,NA,NA
"P63092",NA,NA,0,NA,0.00359461913841438,NA,NA,NA,NA,NA,NA,NA,NA,NA,NA,NA,NA,NA,NA,NA,NA,NA,NA,NA,NA,NA,NA,NA,NA,NA,NA,NA,NA
"P63173",NA,NA,NA,NA,NA,0.0341924613882258,NA,NA,NA,NA,NA,0.0748648116437121,0.0516845798787029,0.071428571,NA,NA,NA,NA,NA,0.0250218012247211,NA,NA,NA,NA,NA,NA,NA,NA,NA,NA,NA,NA,NA
"P63220",0.0294584918949976,0.020910564834929,0.0493558803515936,0.00612706292530881,0.0710983832707261,0.0608781439948653,0.0190404436960157,0.0783965456347277,0.0169796839180555,NA,0.0217785745733639,0.075600914793247,0.0700544000892857,0.097188755,0.0584850113979372,0.0189770064259235,0.00762941793552399,NA,0.014443610487233,0.0469813272157942,NA,NA,0.055289286438533,0.007610417137352,NA,NA,0.0269515760348773,0.0178405315599965,0.0213405530414199,NA,NA,0.0250817966130209,0.0552801322097671
"P63313",0.0277847149281447,0.0450799192910215,0.0814652463020454,0.0809050865403408,0.0817222048462924,0.0725294633815465,0.132494563647992,0.0828290646698046,0.0500094431024969,NA,0.0837148969873212,0.098568090731935,0.0773310948316234,0.173863636,0.049032888278348,NA,0.0460539434795305,NA,0.127280124787558,NA,NA,NA,0.158374952031848,0.0538350499607246,0.0782547180430075,NA,0.0915128508911229,0.0448716399244048,NA,NA,0.0272761454010316,0.0473133891033219,0.105450098986014
"P67809",NA,NA,NA,NA,NA,NA,NA,NA,NA,NA,NA,NA,NA,NA,NA,NA,NA,NA,NA,NA,NA,NA,0.00830101883098392,NA,NA,NA,NA,NA,NA,NA,NA,NA,NA
"P68036",NA,NA,0.00665022364450376,NA,NA,NA,NA,NA,NA,NA,NA,NA,NA,0.006493506,NA,NA,NA,NA,NA,0.0143665842076496,NA,NA,0.012140240346248,NA,NA,NA,NA,NA,NA,NA,NA,NA,NA
"P68104",NA,NA,0.00314465727171957,NA,NA,NA,NA,NA,NA,NA,NA,NA,NA,NA,NA,0.00266725057514465,NA,NA,NA,NA,NA,NA,NA,NA,NA,NA,NA,NA,NA,NA,NA,NA,NA
"P68133",NA,0.00833041808587351,NA,NA,NA,NA,NA,NA,NA,NA,NA,NA,NA,NA,NA,NA,NA,NA,NA,NA,NA,NA,NA,NA,NA,NA,NA,NA,NA,NA,NA,NA,NA
"P68363",NA,NA,NA,NA,NA,NA,NA,0.0104883654803592,NA,NA,NA,0.00636430307741717,0.0130794331303206,0.020746937,NA,NA,NA,NA,NA,NA,NA,NA,NA,NA,NA,NA,NA,NA,NA,NA,NA,NA,NA
"P68371",NA,NA,NA,NA,NA,NA,NA,NA,NA,NA,NA,NA,NA,0.005157967,NA,NA,NA,NA,NA,0.00295281960482653,NA,NA,NA,NA,NA,NA,NA,NA,NA,NA,NA,NA,NA
"P68402",NA,NA,NA,0.00639680806425531,NA,NA,NA,0.0028651562419666,NA,NA,NA,NA,NA,NA,NA,NA,NA,NA,NA,0.00695740221326061,NA,NA,NA,NA,NA,NA,NA,NA,NA,NA,NA,NA,NA
"P68431",NA,NA,NA,NA,NA,NA,NA,NA,NA,NA,NA,NA,NA,NA,NA,NA,NA,NA,NA,NA,NA,NA,0.0147110796680793,NA,NA,NA,NA,NA,NA,NA,NA,NA,NA
"P68871",NA,NA,NA,NA,0.0802879704039304,0.0150383507447921,0.0280713422894381,NA,NA,0.0144718088700718,NA,0.0147516868417932,NA,0.020408163,NA,0.0607178144727545,0.00804116487926216,NA,NA,0.0315840879215975,NA,0.0743158215761636,0.025027481912387,0.0235078513514302,0.059561802855039,NA,NA,NA,NA,NA,0.0357512685596107,NA,NA
"P69891",NA,0.0174411684104,NA,NA,0.0201561040415113,NA,NA,0.0123961863756758,NA,NA,NA,NA,NA,NA,0.047307346980982,NA,NA,NA,0.019354153696365,0.0236365561410807,NA,0.0192692416326182,NA,0.0199875460922303,0.0120073374184708,0.0213027239636083,NA,0.0145388836202913,NA,0.00765690105527269,NA,0.0134051780386089,0.0142326851869979
"P69892",NA,NA,NA,NA,NA,NA,NA,NA,NA,NA,NA,NA,NA,NA,NA,NA,NA,NA,NA,NA,NA,NA,NA,NA,NA,NA,NA,NA,NA,0.0063292710689243,NA,NA,NA
"P69905",0.0114791315245963,0.09587772249795,NA,NA,0.101954414098672,0.011236959070503,NA,NA,NA,0.0149813797547473,NA,NA,NA,NA,NA,NA,NA,NA,NA,NA,NA,NA,NA,0.0172373255517025,0.0268984192229903,NA,NA,NA,NA,NA,NA,NA,0.0527115263192761
"P78318",NA,NA,NA,NA,NA,NA,NA,NA,NA,NA,NA,NA,0.00609847548666566,0.005899705,NA,NA,NA,NA,NA,NA,NA,NA,NA,NA,NA,NA,NA,NA,NA,NA,NA,NA,NA
"P78344",NA,NA,NA,NA,0.00224806280118893,NA,NA,NA,NA,NA,0.00146168844758405,0.00129077240891333,0.00246117007662715,0.001190476,NA,NA,0.00180926179387796,NA,NA,NA,NA,NA,NA,NA,NA,NA,NA,NA,NA,NA,NA,NA,NA
"P78371",NA,0.00386198689685927,0.00736994032259983,NA,0.0102234345576179,NA,0.00508733724085549,NA,0.00349598756351836,0.00298227433241473,0.00229498757620336,NA,0.007326007,0.00334891,0.00230194859807551,0.00556107071889839,NA,NA,0.00448156912642789,0.00549667262521621,NA,0.0048162177657198,0.00333572952565595,0.00442755531066305,NA,0.000933824713559585,0.00362376931734996,0.00430544116300672,NA,0.000869534973773612,NA,0.00177697854812335,0.00536457982492476
"P78417",NA,NA,0.00494750988268261,NA,0.0136838630741746,0.00770844557625714,NA,NA,NA,NA,NA,0.01047583599186,0.00998735869033855,0.019323671,NA,NA,NA,NA,NA,NA,NA,NA,NA,NA,NA,NA,0.0129680050068844,NA,NA,NA,NA,0.0201139041722211,NA
"P78527",0.00110095766713488,0.000518899809295064,0.00108663949705677,NA,0.00110496355367021,0.000341534134834757,NA,0.000901721510643369,NA,NA,0.000350404663915204,NA,0.00137271246452202,0.000739971,0.000702935101124641,0.00130405399383839,0,0.000338042771832573,0.00032464736905783,0.00104971648368921,NA,0.000483078294610237,0.000606319484591534,0.000428140675998799,0.000280757178054457,NA,0.000532006828301108,0.000503533843193036,0.00016844738412134,NA,NA,NA,NA
"P78527-2",NA,NA,NA,NA,NA,NA,NA,NA,NA,NA,NA,0.0003121943191907,NA,NA,NA,NA,NA,NA,NA,NA,NA,NA,NA,NA,NA,NA,NA,NA,NA,NA,NA,NA,NA
"P78539",NA,NA,0.00772515216333476,NA,0.00305232749467807,NA,NA,NA,0.00189690954050755,0.00343861451697081,NA,NA,NA,NA,NA,NA,NA,0.0063820172175517,0.00150870878872351,NA,NA,NA,NA,0.0101955098172761,0.00565387079233675,NA,NA,NA,NA,NA,NA,NA,NA
"P78559",NA,NA,NA,NA,NA,NA,NA,NA,NA,NA,NA,NA,0.000503012937828293,NA,NA,NA,NA,NA,NA,NA,NA,NA,NA,NA,NA,NA,NA,NA,NA,NA,NA,NA,NA
"P80217",NA,NA,NA,NA,NA,NA,NA,NA,NA,NA,NA,0.00379107987064223,NA,0.006118881,NA,NA,NA,NA,0.00183577129815341,0.00386792596433063,NA,NA,NA,NA,NA,NA,NA,NA,NA,NA,NA,0.00582318633836707,NA
"P80723",NA,NA,0.000751933901797532,NA,0.0152511777750379,0.0120083656154223,0.0218805008668742,0.0100343581731174,0.0140232056664056,NA,0.0138227241080313,NA,0.0174558786835129,0.013215859,NA,0.0115645489512747,0.0111584447098054,NA,NA,NA,NA,NA,NA,NA,NA,NA,NA,NA,NA,NA,NA,0.00183417528766951,NA
"P80748",NA,NA,0.0320042037214938,0.0158920704796123,NA,0.0249320030124746,NA,0.019930743666241,NA,0.00664798728611306,0.0204636415403593,0.013553112462088,NA,0.00625,NA,0.0065628814458435,NA,NA,NA,0.0172847966075436,NA,0.0141058925220588,NA,0.0177655664301893,0.00922287743093801,0.0124899114141178,NA,0.0308492527565209,NA,NA,NA,0.0052044727847111,NA
"P81605",NA,NA,NA,NA,0.0134883786955066,NA,NA,NA,NA,NA,NA,NA,NA,NA,NA,NA,NA,NA,NA,NA,NA,NA,NA,NA,NA,NA,NA,NA,NA,NA,NA,NA,NA
"P82979",NA,NA,NA,NA,NA,NA,NA,NA,NA,NA,NA,NA,NA,NA,NA,NA,NA,NA,NA,NA,NA,NA,0.0136752134745787,NA,NA,NA,NA,NA,NA,NA,NA,NA,NA
"P84103",NA,NA,NA,NA,0.0141361765743931,NA,NA,NA,NA,NA,NA,NA,NA,0.016204826,0.0303195232505806,NA,NA,NA,NA,NA,NA,NA,NA,NA,NA,NA,NA,NA,NA,NA,NA,NA,NA
"P85037",NA,NA,NA,NA,NA,NA,NA,0.00320816821272138,NA,NA,NA,NA,NA,NA,NA,NA,NA,NA,NA,NA,NA,NA,NA,NA,NA,NA,NA,NA,NA,NA,NA,NA,NA
"P98095",NA,NA,NA,NA,NA,NA,NA,NA,NA,NA,0.00159043831324504,NA,NA,NA,NA,NA,NA,NA,NA,NA,NA,NA,NA,NA,0.00191147700935464,NA,NA,NA,NA,NA,NA,NA,NA
"P98160",NA,NA,NA,NA,NA,NA,0.00171265799372215,NA,NA,0.00126091683465029,0.000779368429158186,0.00230634507441247,0.00168792741397785,NA,0.000684469511345912,NA,0.00079595243159765,0.00157763638176188,0.000859891828377105,NA,NA,0.00110473964818559,0.00124525459870964,0.00119595519215531,0.00355305278224952,NA,0.00119603310540579,NA,0.00182576417703454,NA,NA,NA,0.000936361697846426
"P98179",NA,0.00793406587456044,NA,NA,0.0113302383308303,NA,NA,0.00728895768365384,0.0222975433332257,NA,0.0136424279664214,0.00867399197573629,0.0165390655611849,0.038666667,0.00862978842328713,0.0168009765013594,NA,NA,0.0294017088773789,0.0162246627843566,NA,NA,0.0285538450659446,0.0189499375255353,NA,NA,0.0107375078665251,0.00789740870566934,NA,NA,NA,0.0199851754932906,0.018559217362149
"Q00534",NA,NA,NA,NA,NA,NA,NA,NA,NA,NA,NA,0.00332591753446143,NA,NA,NA,NA,NA,NA,NA,NA,NA,NA,NA,NA,NA,NA,NA,NA,NA,NA,NA,NA,NA
"Q00587",NA,NA,NA,NA,NA,NA,NA,NA,NA,NA,NA,NA,NA,0.010452962,NA,NA,NA,NA,NA,NA,NA,NA,NA,NA,NA,NA,NA,NA,NA,NA,NA,NA,NA
"Q00613",NA,NA,NA,NA,NA,NA,NA,NA,NA,NA,NA,NA,NA,0.003496503,NA,NA,NA,NA,NA,NA,NA,NA,NA,NA,NA,NA,NA,NA,NA,NA,NA,NA,NA
"Q00653",NA,NA,NA,NA,NA,NA,NA,NA,NA,NA,NA,0.00323656457462137,NA,NA,NA,NA,NA,NA,NA,NA,NA,NA,NA,NA,NA,NA,NA,NA,NA,NA,NA,NA,NA
"Q00688",NA,NA,NA,NA,0.00632267804462366,NA,NA,0.00610124845157405,NA,NA,NA,0.00726059642651097,0.00692204239105125,0.019345238,NA,NA,NA,NA,NA,NA,NA,NA,NA,NA,NA,NA,NA,NA,NA,NA,NA,0.00371748079842668,0.00414268271203993
"Q00973",NA,NA,NA,NA,NA,NA,NA,NA,NA,NA,NA,NA,NA,NA,0.00684179874071956,NA,NA,NA,NA,NA,NA,NA,NA,NA,NA,NA,NA,NA,NA,NA,NA,NA,NA
"Q01082",NA,0.000592866130168888,NA,NA,NA,NA,NA,NA,NA,NA,NA,NA,NA,NA,NA,NA,NA,NA,NA,NA,NA,NA,NA,NA,NA,NA,NA,NA,NA,NA,NA,0.000518388805395301,NA
"Q01469",NA,NA,NA,NA,0.01398794873143,0.00590980779643602,NA,0.0337451744276152,0.0130394993598443,NA,NA,0.0240944219138788,0.0523226611628198,0.022222222,0.007990544396897,0.00388911524199942,NA,NA,0.0337056622804785,0.0122914107980058,NA,NA,0.00755392685065691,NA,NA,NA,0.0198842736280556,0.0146248311192351,NA,NA,0.028448009690235,0.0185047919383693,0.0137475685882513
"Q01518",NA,NA,NA,NA,NA,NA,0.0060411194690695,0.00156729263689259,NA,NA,0.00172094805207849,0.0041446827432761,0.00698084290388766,0.004950306,NA,NA,NA,NA,NA,0.00444013072104262,NA,NA,0.00292368122487148,0.00147593672910759,NA,NA,0.00307841397718612,0.00226416535804146,0.00812507285758683,NA,NA,NA,0.00354725105325358
"Q01658",NA,NA,NA,NA,0.00731927542215169,NA,NA,0.0141258870120771,NA,NA,0.015863288047509,0.0168100620021013,0.0320524527020602,0.011627907,NA,NA,NA,NA,NA,NA,NA,NA,NA,NA,NA,NA,0.0138727492093025,NA,NA,NA,NA,NA,NA
"Q01813",NA,NA,NA,0.0021295903330786,NA,NA,NA,NA,NA,NA,NA,NA,NA,NA,NA,NA,NA,NA,NA,NA,NA,NA,0.00170817463381964,NA,NA,NA,NA,NA,NA,NA,NA,NA,NA
"Q01970",NA,NA,NA,NA,NA,NA,NA,NA,NA,NA,NA,0.00169590529937705,0.00107788501444514,NA,NA,NA,NA,NA,NA,NA,NA,NA,NA,NA,NA,NA,NA,NA,NA,NA,NA,NA,NA
"Q02252",NA,NA,NA,NA,NA,NA,NA,NA,NA,NA,NA,NA,NA,NA,NA,NA,NA,NA,NA,NA,NA,0.00537367361042034,NA,NA,NA,NA,NA,NA,NA,NA,NA,NA,NA
"Q02388",NA,NA,NA,NA,NA,NA,NA,0.000539336401485151,NA,NA,NA,NA,NA,NA,NA,NA,NA,NA,NA,NA,NA,NA,NA,NA,0.000582343794385741,NA,NA,NA,NA,NA,NA,NA,NA
"Q02790",NA,NA,NA,NA,0.0020570510341021,NA,NA,NA,NA,NA,NA,NA,0.0090082056951441,0.0110748,NA,NA,NA,NA,NA,0.00241008031003061,NA,NA,NA,NA,NA,NA,NA,NA,NA,NA,NA,NA,NA
"Q02809",NA,NA,0.00515815284643407,NA,0.00108645466517027,0.00289907017339175,NA,0.00595935886794492,0.00255862288733151,NA,NA,0.00472782980255987,0.00776270345338593,0.003997093,NA,NA,NA,NA,0.00518562139714457,0.00371154197444144,NA,NA,NA,0.000860734587316099,NA,NA,0.00130056990282499,0.00143484859809824,NA,NA,NA,NA,NA
"Q02809-2",NA,0.00202399607273212,NA,NA,NA,NA,NA,NA,NA,NA,NA,NA,NA,NA,0.00146765085757159,NA,NA,NA,NA,NA,NA,NA,NA,NA,NA,NA,NA,NA,NA,NA,NA,NA,NA
"Q02818",NA,NA,NA,NA,0.00204812658304352,0.00259595685356729,NA,NA,0.0028638812471883,NA,NA,0.0047039004271968,0.00448456245845731,0.007230658,NA,NA,NA,NA,NA,NA,NA,NA,NA,0.00308296154604182,NA,NA,NA,NA,NA,NA,NA,NA,NA
"Q02878",NA,0.0067556746086731,0.00967125354188617,0.0122518892641866,0.018290458500278,0.0105283995231295,NA,0.00388420992668317,NA,NA,0.00613209962652063,0.0235431550278529,0.0178499798072376,0.018667925,0.0151517143475856,0.0113678483687019,0.0029316751599416,NA,0.0161661474040114,0.0185662233950675,NA,0.00937594075264688,0.0175186528006712,0.00185806695679439,0.00140091720647617,NA,0.0118049772110757,0.00901126910127782,NA,NA,NA,0.00650559098088888,0.016325237872541
"Q02952",NA,NA,NA,0.000708775155373089,NA,NA,NA,NA,NA,NA,NA,NA,NA,NA,NA,NA,NA,NA,NA,NA,NA,NA,NA,NA,NA,NA,NA,NA,NA,NA,NA,NA,NA
"Q03252",0.00283978450321312,0.00647925671239458,0.00701847783833928,0.00401639356420668,0.00677160474776782,0.00368333445144854,0.00183548964879051,0.00561034170717852,0.00107905295021852,NA,0.000903157089564128,0.00669408066259168,0.00607789055219157,0.007362701,0.00234913628117405,0.00443386905401846,0.00372827907063022,0.00158208774179295,0.00412995198984125,0.00471864106361509,NA,0.00461185723721722,0.00464085133966707,0.00346606390552368,0.00295170149828051,NA,NA,0.00377404723625226,0.00782669780819259,NA,NA,0.00385929810187401,0.000746580708866299
"Q03692",NA,NA,0.018295218931477,NA,NA,0.00619669177849153,0.0122746157763289,NA,NA,NA,NA,NA,NA,NA,NA,NA,NA,NA,NA,NA,NA,0.00986042963650933,NA,NA,0.00955120006219629,NA,NA,NA,NA,NA,NA,NA,NA
"Q04446",NA,NA,NA,NA,0.00353151726440387,NA,NA,0.00520717761313939,NA,NA,0.00146956121975746,NA,NA,0.003590664,NA,NA,NA,NA,NA,NA,NA,NA,NA,NA,NA,NA,NA,NA,NA,NA,NA,0.00149500104536335,NA
"Q04760",NA,NA,NA,NA,0.0102628968335377,NA,NA,NA,NA,NA,NA,NA,NA,0.010869565,NA,NA,NA,NA,NA,NA,NA,NA,NA,NA,NA,NA,NA,NA,NA,NA,NA,NA,NA
"Q04917",NA,NA,0.00598734233567899,NA,0.0121936421474738,NA,NA,0.0196311201272179,NA,NA,NA,0.00881503216951076,0.0170090200080312,0.007308511,NA,NA,NA,NA,NA,NA,NA,NA,0.00828125753063792,NA,NA,NA,0.0127307848247586,0.0109017409254801,NA,NA,NA,NA,0.00683187062161539
"Q04941",NA,NA,0.0100405349426443,0.0299144859078267,0.00925673106973924,0.0234654148346303,0.0413165184157707,0.0267976388108214,0.0345163211618137,NA,0.0240748726411715,0.0425195682108742,0.0101342317946715,0.019607843,NA,NA,NA,0.0232255371542528,0.061768295528502,0.0108453630544782,NA,0.0221268900757922,0.0199956896821202,NA,0.00964483956783751,NA,0.0175449473715074,0.0290345911200126,NA,NA,NA,0.00816387923718887,NA
"Q05209",NA,NA,NA,NA,NA,NA,NA,NA,NA,NA,NA,NA,NA,0.005139501,NA,NA,NA,NA,NA,NA,NA,NA,NA,NA,NA,NA,NA,NA,NA,NA,NA,0.00122278380268489,NA
"Q05707",NA,NA,0.00365338994926932,NA,NA,0.00480538867585568,NA,NA,0.00347141684399676,NA,NA,NA,NA,NA,NA,0.000806498325055785,NA,NA,NA,0.00244167968379666,NA,NA,NA,NA,NA,NA,NA,NA,NA,NA,NA,NA,NA
"Q05B97",NA,NA,NA,NA,NA,NA,NA,NA,NA,NA,NA,NA,NA,0.004975124,NA,NA,NA,NA,NA,NA,NA,NA,NA,NA,NA,NA,NA,NA,NA,NA,NA,NA,NA
"Q05BR2",NA,NA,NA,NA,0.0401781496472787,NA,NA,NA,NA,NA,NA,NA,NA,NA,NA,NA,NA,NA,NA,NA,NA,NA,NA,NA,NA,NA,NA,NA,NA,NA,NA,NA,NA
"Q05D08",NA,NA,NA,NA,NA,NA,NA,0.00769389937224808,NA,NA,NA,NA,NA,NA,NA,NA,NA,NA,NA,NA,NA,NA,NA,NA,NA,NA,NA,NA,NA,NA,NA,NA,NA
"Q05DH1",NA,NA,NA,NA,0.00396717059334346,NA,NA,NA,NA,NA,NA,NA,NA,NA,NA,NA,NA,NA,NA,NA,NA,NA,NA,NA,NA,NA,NA,NA,NA,NA,NA,NA,NA
"Q05DN7",NA,NA,NA,NA,NA,NA,NA,NA,NA,NA,NA,NA,NA,NA,NA,NA,NA,NA,NA,NA,NA,NA,NA,0.00474261128698135,NA,NA,NA,0.00293802360196575,NA,NA,NA,NA,NA
"Q05DV5",NA,NA,NA,NA,0.0022696790075511,NA,NA,NA,NA,NA,NA,NA,NA,NA,NA,NA,NA,NA,NA,NA,NA,NA,NA,NA,NA,NA,NA,NA,NA,NA,NA,NA,NA
"Q06203",NA,NA,NA,NA,NA,NA,NA,0.0048557733187316,NA,NA,NA,NA,NA,NA,NA,NA,NA,NA,NA,NA,NA,NA,NA,NA,NA,NA,NA,NA,NA,NA,NA,NA,NA
"Q06210",NA,NA,0.00660709426750142,NA,0.000675384176662466,NA,0.00150725480088192,NA,NA,NA,NA,NA,NA,0.002145923,NA,NA,NA,NA,NA,0.00237387792578879,NA,NA,0.00218836974519454,NA,NA,NA,NA,NA,NA,NA,NA,NA,NA
"Q06323",NA,NA,NA,NA,NA,NA,NA,NA,NA,NA,NA,NA,NA,0.007362784,NA,NA,NA,NA,NA,NA,NA,NA,NA,NA,NA,NA,NA,NA,NA,NA,NA,NA,NA
"Q06481",NA,NA,NA,NA,NA,NA,NA,NA,NA,NA,NA,NA,NA,NA,NA,NA,NA,NA,NA,0.00190400469612838,NA,NA,NA,0.00326160734457943,NA,NA,NA,NA,NA,NA,NA,NA,NA
"Q06828",NA,NA,0.0195422768113346,NA,NA,NA,NA,NA,0.0209145012228047,NA,NA,NA,NA,NA,NA,NA,NA,NA,NA,NA,NA,NA,NA,NA,NA,NA,NA,NA,NA,NA,NA,NA,NA
"Q07021",NA,NA,0.00363168239400274,NA,NA,NA,NA,NA,NA,NA,NA,NA,NA,NA,NA,0.00651633644056855,NA,NA,NA,0.00392279039777369,NA,NA,NA,0.00335991772546815,NA,NA,NA,NA,NA,NA,NA,NA,NA
"Q07065",0.00555464789414451,0.00930323472967628,0.00908541992120141,0.00645923110000671,0.00989677151211521,0.0148569111844372,0.0058749323044398,0.00885390236505259,0.00565413835243138,NA,0.00722095362196992,0.0104010206425713,0.016804925871623,0.010775352,0.0072977406673813,0.00348068560337344,0.00997156024340426,NA,0.00546106710651817,0.0129196890942531,NA,NA,0.00394896311987417,0.00366905563629722,0.00527456901350821,0.00185723583857853,0.00164074309995972,0.00923197600802299,NA,NA,0.0073041546616296,0.00629259397677526,0.0116762513592139
"Q07075",NA,NA,NA,NA,NA,0.00226654565587732,NA,NA,NA,NA,NA,NA,NA,NA,NA,NA,NA,NA,NA,NA,NA,NA,NA,NA,NA,NA,NA,NA,NA,NA,NA,NA,NA
"Q07507",NA,NA,NA,NA,NA,NA,NA,NA,NA,NA,NA,NA,NA,NA,NA,0.0123054027109566,NA,NA,NA,NA,NA,NA,NA,0.0259081177106927,NA,NA,NA,NA,NA,NA,NA,NA,NA
"Q07666",NA,NA,0.00682756380196352,NA,0.00558643726951325,NA,0.0115307512936627,0.0154384169111303,0.0117355489837768,NA,0.0136424279664214,0.00915587993694431,NA,0.024253968,0.0107872355291089,0.000875050509425457,0.00348986507937562,0.00394834094902724,0.0130674257010302,0.00122914096917788,NA,NA,0.00339926692982858,NA,NA,NA,NA,0.00329058663163686,NA,NA,NA,0.00416357822776888,0.00773300692490845
"Q07666-2",NA,NA,NA,NA,NA,NA,NA,NA,NA,NA,NA,NA,NA,NA,NA,NA,NA,NA,NA,NA,NA,NA,NA,NA,NA,NA,NA,NA,NA,NA,0.00342900153663702,NA,NA
"Q07812",NA,NA,NA,NA,NA,NA,NA,NA,NA,NA,NA,0.00722832700786324,NA,NA,NA,NA,NA,NA,NA,NA,NA,NA,NA,NA,NA,NA,NA,NA,NA,NA,NA,NA,NA
"Q07954",NA,0.000646041231418427,0.000662742026530175,0.00114523396193265,0.000938764064341366,0.000810808683568085,0.000812732219488762,0.000623727042426785,0.000414923547187123,NA,0.00110298209356875,0.000557597815919234,0.000689178727168186,0.001571195,NA,NA,0.000130263396218712,NA,0.00133235628881596,0.000663717383870966,NA,NA,0.00013111109830137,0.000121817778389151,0.000716729234686647,NA,0.000345124083053528,0.000380756778750348,0,NA,NA,0.000392554646048733,0.000576645091011518
"Q07960",NA,NA,NA,0.00374849851653714,0.00381811753135528,0.0108467488897229,NA,0.00503690300605068,0.00756899712216962,NA,0.00402233747390134,0.010878009966811,0.0115136818610265,0.005937756,NA,NA,NA,NA,0.00258000205411206,NA,NA,NA,NA,NA,NA,NA,NA,NA,NA,NA,NA,NA,0.00577600519521322
"Q08170",NA,NA,NA,NA,NA,NA,NA,NA,NA,NA,NA,NA,NA,NA,NA,0.00340100697231574,NA,NA,NA,NA,NA,NA,NA,NA,NA,NA,NA,NA,NA,NA,NA,NA,NA
"Q08211",0.0028873440800891,0.0019563670869756,0.00282479240977644,NA,0.00468769349532943,0.00224829622749629,NA,0.0044557225207431,0.00212600535911047,NA,0.00197716348525739,0.00446968963286396,0.00350508695148441,0.00384058,0.00147651365028231,0.00348051234330327,0.0023983650547502,0.00324259901869421,0.00431587054574426,0.00426561788335794,NA,0.00136288763758188,0.00284914447166737,0.00254801902214911,NA,NA,0.00138325408215116,0.00246396584959054,NA,NA,NA,0.0023351286928782,0.00415130996423073
"Q08257",NA,NA,NA,NA,NA,NA,NA,NA,NA,NA,NA,NA,0.00809378246778973,NA,NA,NA,NA,NA,NA,NA,NA,NA,NA,NA,NA,NA,NA,NA,NA,NA,NA,NA,NA
"Q08378",NA,NA,NA,NA,NA,NA,NA,0.000971342901078499,NA,NA,NA,NA,NA,NA,NA,NA,NA,NA,NA,NA,NA,NA,NA,NA,NA,NA,NA,NA,NA,NA,NA,NA,NA
"Q08380",NA,NA,NA,NA,0.00639403966237734,0.00450239343399749,NA,NA,NA,NA,NA,0.0040791908511123,NA,0.007900677,NA,NA,NA,NA,0.00908630726164827,0.00645090955178582,NA,NA,0.00460397404876441,0.0032082291605575,0.00333106230352461,NA,0.00302977127696611,NA,NA,NA,NA,0.00187971900447178,NA
"Q08431",NA,NA,0.0195682580799494,NA,NA,NA,NA,NA,NA,NA,NA,NA,NA,NA,NA,NA,NA,NA,NA,NA,NA,NA,NA,NA,NA,NA,NA,NA,NA,NA,NA,NA,NA
"Q08495",NA,NA,NA,NA,NA,NA,NA,NA,NA,NA,NA,NA,NA,NA,NA,NA,NA,NA,NA,NA,NA,NA,NA,NA,NA,NA,NA,NA,NA,0.00357994550635394,NA,NA,NA
"Q08945",NA,NA,NA,NA,NA,NA,NA,0.00207072636618719,NA,NA,NA,NA,NA,NA,NA,0.00450783745318776,NA,NA,NA,0.00251415193212626,NA,NA,NA,NA,NA,NA,NA,NA,NA,NA,NA,NA,NA
"Q08ES8",NA,NA,NA,NA,0.014447298309652,NA,NA,NA,NA,NA,NA,NA,NA,NA,NA,NA,NA,NA,NA,NA,NA,NA,NA,NA,NA,NA,NA,NA,NA,NA,NA,NA,NA
"Q08J23",NA,NA,0.00133524712743081,NA,NA,NA,NA,NA,0.00114754396290991,NA,NA,NA,NA,NA,NA,NA,NA,NA,NA,NA,NA,NA,NA,NA,NA,NA,NA,NA,NA,NA,NA,NA,NA
"Q08J23-3",NA,NA,NA,NA,NA,NA,NA,0.00300274898504122,NA,NA,NA,NA,NA,NA,NA,NA,NA,NA,NA,NA,NA,NA,NA,NA,NA,NA,NA,NA,NA,NA,NA,NA,NA
"Q09028",NA,NA,NA,NA,NA,NA,NA,0.00902098714203498,NA,NA,NA,0.00536756923824033,NA,NA,NA,NA,NA,NA,NA,0.0109527422952527,NA,NA,NA,NA,NA,NA,NA,0.00488701028879657,NA,NA,NA,NA,NA
"Q09666",0.000103833329231917,0.000264687379882976,0.000693484496524153,0.000677477184633976,0.000730960884048244,0.000305636837441372,NA,0.000163248051881664,0.000412616631587964,NA,0.000187627855100908,0.000487083682401483,0.000576556993920895,0.000476682,NA,0.000459975034532154,1.52991201768912e-05,0.000161743803151281,0.000258115502112447,0.000495314237812753,0,0.000355862328075097,0.000388013101700217,0.000553343860726887,0.000187648910153263,1.5687328736132e-05,0.000228889665606071,2.40870965522915e-05,0.000156757029387366,NA,9.66361097091714e-05,0.000525713372213592,0.000290980689412453
"Q0IIN1",NA,NA,NA,NA,0.00491011645981543,NA,NA,NA,NA,NA,NA,NA,NA,NA,NA,NA,NA,NA,NA,NA,NA,NA,NA,NA,NA,NA,NA,NA,NA,NA,NA,NA,NA
"Q0KKI6",NA,NA,NA,NA,NA,NA,NA,NA,0.00442092605335309,NA,NA,NA,NA,NA,NA,NA,NA,NA,NA,NA,NA,NA,NA,NA,NA,NA,NA,NA,NA,NA,NA,NA,NA
"Q0PHS1",NA,NA,NA,NA,NA,NA,NA,NA,NA,NA,NA,0.003650669625535,NA,NA,NA,NA,NA,NA,NA,NA,NA,NA,NA,NA,NA,NA,NA,NA,NA,NA,NA,NA,NA
"Q0PNF2",NA,NA,NA,NA,NA,NA,NA,NA,NA,NA,NA,NA,NA,0.002034931,NA,NA,NA,NA,NA,NA,NA,NA,NA,NA,NA,NA,NA,NA,NA,NA,NA,NA,NA
"Q0VD83",NA,NA,NA,NA,NA,NA,NA,NA,NA,NA,NA,NA,NA,0.002522068,NA,NA,NA,NA,NA,NA,NA,NA,NA,NA,NA,NA,NA,NA,NA,NA,NA,0.00262520685343815,NA
"Q0ZAJ1",NA,NA,NA,NA,NA,NA,NA,NA,NA,NA,NA,NA,NA,NA,NA,NA,NA,NA,NA,NA,NA,NA,0.0100968333735524,NA,NA,NA,NA,NA,NA,NA,NA,NA,NA
"Q0ZCI9",NA,NA,NA,NA,0.0374677196477257,0.0369363005228293,0.00836167647147397,0.0614644244923593,NA,0.00844188868482153,NA,NA,NA,0.031746032,0.0171225962149314,NA,NA,NA,NA,0.0175591585989303,NA,NA,NA,NA,0.0117115904821854,NA,NA,NA,0.00937177656806444,NA,NA,NA,NA
"Q10713",NA,NA,NA,NA,NA,NA,NA,NA,NA,NA,NA,0.00247545430622042,NA,NA,NA,NA,NA,NA,NA,NA,NA,NA,NA,NA,NA,NA,NA,NA,NA,NA,NA,NA,NA
"Q12765",NA,NA,NA,NA,NA,NA,NA,NA,NA,NA,NA,0.00395711308804579,NA,NA,NA,NA,NA,NA,NA,NA,NA,NA,NA,NA,NA,NA,NA,NA,NA,NA,NA,NA,NA
"Q12792",NA,NA,NA,NA,0.00539535185587727,NA,NA,NA,NA,NA,NA,NA,0.00295340471216754,NA,NA,NA,NA,NA,NA,NA,NA,NA,NA,NA,NA,NA,NA,NA,NA,NA,NA,NA,NA
"Q12797",NA,NA,NA,NA,NA,NA,NA,NA,NA,NA,NA,NA,0.0060215047429271,0.002912621,NA,NA,NA,NA,NA,NA,NA,NA,NA,0.0027596992992781,NA,NA,NA,NA,NA,NA,NA,NA,NA
"Q12857-3",NA,NA,NA,NA,0.00249784829124389,NA,NA,NA,NA,NA,NA,NA,NA,NA,NA,NA,NA,NA,NA,NA,NA,NA,NA,NA,NA,NA,NA,NA,NA,NA,NA,NA,NA
"Q12874",NA,NA,NA,NA,0.00301336091668528,NA,NA,0.00193855296315037,NA,NA,NA,0.00230691322088688,NA,0.00106383,0.00229515695458639,NA,NA,NA,0.00111708642696507,0.00470734869857382,NA,0.00160066897511912,NA,NA,NA,NA,NA,NA,NA,NA,NA,NA,0.000987192610318748
"Q12904",NA,NA,NA,NA,NA,NA,NA,0.00819352279891355,NA,NA,NA,NA,NA,0.003597122,NA,NA,NA,NA,NA,NA,NA,NA,NA,NA,NA,NA,NA,NA,NA,NA,NA,NA,0.0016689942269042
"Q12906",NA,0.00354589073714208,0.00128433330394888,NA,0.00445109829106461,0.00122838742215113,NA,0.00741130648285282,0.00502813774900149,NA,0.00120065341754956,0.00234334181868698,0.00375267572924375,0.003019409,NA,0.00212986819156558,0.00167192534084104,NA,0.00173277396177286,0.00456364317613545,NA,0.00139662329013764,0.0047679496029565,0.00286646514229072,NA,NA,0.00369138787834708,NA,NA,NA,NA,0.00292000151541452,0.00373251565668863
"Q12931",NA,NA,NA,NA,NA,NA,NA,NA,NA,NA,NA,NA,NA,NA,NA,NA,NA,NA,NA,0.00157134564897078,NA,NA,0.000724275418558951,NA,NA,NA,NA,NA,NA,NA,NA,NA,NA
"Q13011",NA,NA,0.00468354228279129,NA,NA,NA,NA,0.00555560801281225,NA,NA,NA,NA,0.00315149826885184,NA,NA,NA,NA,NA,NA,0.00505896515753708,NA,NA,0.00310908542000538,NA,NA,NA,NA,NA,NA,NA,NA,0.0110013244907875,NA
"Q13103",NA,NA,NA,NA,NA,NA,NA,NA,NA,0.0315070486636518,NA,NA,NA,NA,NA,0.0170863011849158,NA,NA,NA,NA,NA,NA,NA,0.0127231017542695,NA,NA,NA,NA,NA,NA,NA,NA,NA
"Q13151",NA,NA,0.00476341658220398,NA,NA,NA,NA,NA,0.00409379644369717,NA,NA,NA,NA,NA,0.00501731907652768,0.007326007,NA,NA,0.007326007,NA,NA,NA,NA,NA,NA,NA,NA,NA,NA,NA,NA,0.00387309620012084,NA
"Q13177",NA,NA,NA,NA,NA,NA,NA,NA,NA,NA,NA,NA,0.00252119861508147,0.006097561,NA,NA,NA,NA,NA,NA,NA,NA,NA,NA,NA,NA,NA,NA,NA,NA,NA,NA,NA
"Q13185",NA,NA,NA,NA,NA,NA,NA,NA,NA,NA,NA,NA,NA,NA,NA,NA,NA,NA,NA,0.00302247761171168,NA,NA,NA,NA,NA,NA,NA,NA,NA,NA,NA,NA,NA
"Q13200",NA,NA,0.00127379905628555,NA,NA,NA,NA,0.00151097814982868,NA,NA,NA,NA,NA,0.001865672,NA,NA,NA,NA,NA,0.0020638567076089,NA,NA,0.00126838321321306,NA,NA,NA,NA,NA,NA,NA,NA,0.0015535742638716,NA
"Q13219",NA,NA,NA,NA,NA,NA,NA,NA,NA,NA,NA,0.00098837644790822,NA,NA,NA,NA,NA,NA,NA,NA,NA,NA,NA,NA,NA,NA,NA,NA,NA,NA,NA,NA,NA
"Q13228",NA,NA,NA,NA,NA,NA,NA,NA,NA,NA,NA,NA,NA,0.005649718,NA,NA,NA,NA,NA,NA,NA,NA,NA,NA,NA,NA,NA,NA,NA,0.00197119243528436,NA,0.00411653229194203,NA
"Q13247",NA,NA,0.00233917752072605,NA,NA,NA,NA,NA,NA,NA,NA,NA,NA,0.007994186,0.00298649901368789,NA,NA,NA,NA,0.00643155168581236,NA,NA,0.00415026772758908,NA,NA,NA,NA,NA,NA,NA,NA,NA,NA
"Q13263",NA,NA,NA,NA,0.00816091196258855,NA,0.00576351925432942,0.00736481295514792,0.0106570082902842,NA,0.00716451326151028,0.012613983687871,0.0098294230185284,0.004558716,NA,NA,NA,NA,NA,NA,NA,NA,NA,NA,NA,NA,NA,NA,NA,NA,NA,NA,0.00304582368632825
"Q13283",NA,NA,NA,NA,NA,NA,NA,NA,NA,NA,NA,0.006388672657873,NA,0.004208754,NA,NA,NA,NA,NA,NA,NA,NA,NA,NA,NA,NA,NA,NA,NA,NA,NA,NA,NA
"Q13308",NA,NA,NA,NA,NA,NA,NA,NA,0.00132755115244137,NA,NA,0.000613263159423522,0.00110437129424978,0.003063725,NA,NA,NA,NA,NA,NA,NA,NA,0.000865197821981016,NA,NA,NA,NA,NA,NA,NA,NA,NA,NA
"Q13316",NA,NA,NA,NA,NA,NA,0.0040059738584819,NA,NA,NA,NA,NA,NA,NA,NA,NA,NA,0.00225190608324299,NA,NA,NA,NA,NA,NA,0.00748116826291693,NA,NA,NA,NA,NA,NA,NA,NA
"Q13347",NA,NA,NA,NA,0.0032446271321885,NA,NA,NA,NA,NA,NA,NA,0.00355220468188503,0.005154639,NA,NA,NA,NA,NA,NA,NA,NA,NA,NA,NA,NA,NA,NA,NA,NA,NA,NA,NA
"Q13404",NA,NA,NA,NA,0.0128460750380241,NA,NA,NA,NA,NA,NA,NA,NA,0.006802721,NA,NA,NA,NA,NA,NA,NA,NA,NA,NA,NA,NA,NA,NA,NA,NA,NA,NA,NA
"Q13409",NA,NA,NA,NA,NA,NA,0.00249071191627496,NA,NA,NA,NA,0.00384485428389581,0.00366557274046577,0.009062254,NA,NA,NA,NA,NA,0.00261519359851579,NA,NA,NA,NA,NA,NA,NA,NA,NA,NA,NA,NA,NA
"Q13442",NA,NA,0.00848730283109471,NA,NA,NA,NA,0.00755071599863009,NA,NA,NA,0.00599032608188129,0.0142775085678905,0.005524862,NA,NA,NA,NA,NA,NA,NA,NA,0.00563414476995446,NA,NA,NA,NA,NA,NA,NA,NA,NA,NA
"Q13542",NA,NA,NA,NA,NA,NA,NA,NA,NA,NA,0.00919714221934433,NA,NA,0.02247191,NA,NA,NA,NA,NA,NA,NA,NA,NA,NA,NA,NA,NA,NA,NA,NA,NA,NA,NA
"Q13547",NA,NA,0.00245008207193259,NA,NA,NA,NA,NA,NA,NA,NA,NA,NA,NA,NA,NA,NA,NA,NA,NA,NA,NA,NA,NA,NA,NA,NA,NA,NA,NA,NA,NA,NA
"Q13584",NA,NA,NA,NA,NA,NA,NA,NA,NA,NA,NA,NA,NA,NA,NA,0.00634341028980625,NA,NA,NA,NA,NA,NA,NA,NA,NA,NA,NA,NA,NA,NA,NA,NA,NA
"Q13595",NA,NA,0.00822598057066619,NA,0.0120077270992628,NA,NA,0.0109773461176868,NA,NA,NA,NA,0.0124541158700506,0.005354752,NA,NA,NA,NA,NA,0.00888535782979538,NA,NA,NA,NA,NA,NA,NA,0.00594684352427348,NA,NA,NA,NA,NA
"Q13641",NA,NA,NA,NA,NA,NA,NA,NA,NA,NA,NA,NA,NA,NA,NA,NA,NA,NA,0.00570685384206171,NA,NA,NA,NA,NA,NA,NA,NA,NA,NA,NA,NA,NA,NA
"Q13707",NA,NA,NA,NA,NA,0.0183338365747859,NA,NA,NA,NA,NA,NA,NA,NA,NA,NA,NA,NA,NA,0.0134088117796427,NA,NA,NA,NA,NA,NA,0.00811685264032772,0.00299144266162699,NA,NA,NA,NA,0.00407830171497151
"Q13761",NA,NA,NA,NA,NA,NA,NA,0.0108466633064963,NA,NA,NA,NA,NA,NA,NA,NA,NA,NA,NA,NA,NA,NA,NA,NA,NA,NA,NA,NA,NA,NA,NA,NA,NA
"Q13885",NA,NA,0.00840567214098178,NA,NA,NA,NA,NA,NA,NA,NA,NA,NA,0.012472701,NA,NA,NA,NA,NA,NA,NA,NA,NA,NA,NA,NA,NA,NA,NA,NA,NA,NA,NA
"Q13940",NA,NA,NA,NA,NA,NA,NA,NA,NA,NA,NA,NA,NA,NA,NA,NA,NA,NA,NA,NA,NA,NA,NA,NA,NA,NA,NA,NA,NA,NA,NA,NA,0.00396564448170066
"Q14006",NA,NA,NA,0.00194101629613316,NA,NA,NA,NA,NA,NA,NA,NA,NA,NA,NA,NA,NA,NA,NA,NA,NA,NA,NA,NA,NA,NA,NA,0.000941961449016534,NA,NA,NA,NA,NA
"Q14008",NA,NA,NA,NA,NA,NA,NA,NA,NA,NA,NA,NA,NA,NA,NA,NA,NA,NA,NA,0,NA,NA,NA,NA,NA,NA,NA,NA,NA,NA,NA,NA,NA
"Q14050",NA,NA,NA,NA,NA,NA,NA,0.00192625740265775,NA,NA,NA,NA,NA,NA,NA,NA,NA,NA,NA,NA,NA,NA,NA,NA,NA,NA,NA,NA,NA,NA,NA,NA,NA
"Q14055",NA,NA,0.00508181181111223,NA,NA,NA,0.00369026702603329,NA,NA,NA,NA,NA,NA,NA,NA,NA,NA,NA,NA,NA,NA,NA,NA,NA,NA,NA,NA,NA,NA,NA,NA,NA,NA
"Q14112",NA,NA,0.0049724045445726,NA,NA,0.00198876724023401,NA,NA,NA,NA,NA,NA,0.00219002450105069,NA,NA,NA,NA,NA,NA,NA,NA,NA,NA,NA,NA,NA,NA,NA,NA,NA,NA,NA,NA
"Q14137",NA,NA,NA,NA,0.00165646762535601,NA,NA,NA,NA,NA,NA,NA,NA,NA,NA,NA,NA,NA,NA,NA,NA,NA,NA,NA,NA,NA,NA,NA,NA,NA,NA,NA,NA
"Q14151",NA,NA,NA,NA,NA,NA,NA,NA,0.00266394093382084,NA,NA,NA,NA,NA,NA,NA,NA,NA,NA,NA,NA,NA,NA,NA,NA,NA,NA,NA,NA,NA,NA,NA,NA
"Q14152",NA,NA,0.00139389726306993,NA,0.00163556144726257,0.000592296630925793,NA,0.00182629754810384,NA,NA,NA,0.000536624103321904,0.000767402305123005,0.001407891,NA,0.00116933326364017,NA,0.00205184718085674,0.00103940711211104,0.00187519301435919,NA,NA,0.000757074608518093,NA,NA,NA,0.000664284872085798,NA,NA,NA,NA,NA,0.0010333642312723
"Q14166",NA,NA,NA,NA,NA,NA,NA,NA,NA,NA,NA,NA,0.00254186417750017,0.003278689,NA,NA,NA,NA,NA,0.00181348656702701,NA,NA,NA,NA,NA,NA,NA,NA,NA,NA,NA,NA,NA
"Q14195",NA,NA,NA,NA,0.00253865886552501,NA,NA,0.00428510168816442,NA,NA,NA,0.00335366563479181,NA,NA,NA,NA,NA,NA,NA,0.00330589075227229,NA,NA,NA,NA,NA,NA,NA,NA,0.00182229072466586,NA,NA,NA,NA
"Q14203",NA,NA,NA,NA,NA,NA,NA,NA,NA,NA,NA,0.000237773636536877,NA,NA,NA,NA,NA,NA,NA,0.000485186729784461,NA,NA,NA,NA,NA,NA,NA,NA,NA,NA,NA,NA,NA
"Q14204",NA,NA,0.000417284633936844,NA,0.000423314699397318,NA,NA,0.000953956003643854,NA,NA,NA,0.000576414957261597,0.000369772158284192,0.000858574,NA,NA,NA,NA,0.000509342603859336,0.000664738431376167,NA,NA,NA,0.000571996284233271,NA,NA,0.000381944787112487,0.000448193738864146,NA,NA,NA,NA,0.000450116698684199
"Q14222",NA,NA,NA,NA,NA,NA,NA,NA,NA,NA,0.00562322288542556,NA,NA,NA,NA,NA,NA,NA,NA,NA,NA,NA,NA,NA,NA,NA,NA,0.00530739823878414,NA,NA,NA,NA,0.00308053220667807
"Q14247",NA,NA,NA,NA,0.00499569563830125,NA,NA,NA,NA,NA,NA,NA,NA,NA,NA,NA,NA,NA,NA,NA,NA,NA,NA,NA,NA,NA,NA,NA,NA,NA,NA,NA,NA
"Q14315",NA,0.000420058208388025,NA,0.000538486407584926,0.000759828442942145,0.00252070369132263,NA,NA,NA,NA,NA,0.0013681422488389,0.00384979725698542,0.000891471,NA,NA,NA,NA,NA,0.000248215210419241,0.000295891457949469,NA,0.000719879146198977,NA,NA,NA,NA,NA,NA,NA,NA,NA,NA
"Q14344",NA,NA,NA,NA,0.00960048200301789,NA,NA,0.0022153666202222,NA,NA,NA,NA,NA,0.00265252,NA,NA,NA,NA,NA,0.00293428919663626,NA,NA,NA,NA,NA,NA,NA,NA,NA,NA,NA,NA,NA
"Q14477",NA,0.0439352636732328,NA,NA,NA,NA,NA,NA,NA,NA,NA,NA,NA,NA,NA,NA,NA,NA,NA,NA,NA,NA,NA,NA,NA,NA,NA,0.0648066205421819,NA,NA,NA,0.038286213571212,0.0328571706768052
"Q14485",NA,0.0719212816748761,NA,NA,NA,NA,NA,NA,NA,NA,NA,NA,NA,NA,0.0701612985176487,NA,NA,NA,NA,0.0626146685349477,NA,0.0784335234434908,NA,NA,NA,NA,NA,0.0833501912712702,NA,NA,0.0720716081109104,NA,NA
"Q14566",NA,NA,0.00199766143091488,NA,0.00122781071858571,NA,0.00137005348784882,0.00271519231546339,0.00228911863867999,NA,0.00195145296602609,0.00140994655316596,0.00134420221656933,NA,0.00140276132096979,NA,NA,NA,NA,NA,NA,NA,NA,NA,NA,NA,NA,NA,NA,NA,NA,NA,NA
"Q14568",NA,NA,NA,NA,NA,NA,NA,NA,NA,NA,NA,NA,NA,NA,NA,NA,NA,NA,NA,NA,NA,0.00207439562722294,NA,NA,NA,NA,NA,NA,NA,NA,NA,NA,NA
"Q14624",NA,NA,NA,NA,NA,NA,NA,NA,NA,NA,NA,NA,NA,NA,NA,NA,NA,NA,NA,NA,NA,NA,NA,NA,NA,NA,NA,NA,NA,NA,NA,0.000269312730506774,NA
"Q14697",NA,NA,NA,NA,NA,NA,NA,NA,NA,NA,NA,NA,NA,NA,NA,NA,NA,NA,NA,NA,NA,NA,NA,0.00339374241645436,NA,NA,NA,NA,NA,NA,NA,NA,NA
"Q14764",NA,NA,NA,0.000853265351627468,NA,NA,NA,NA,NA,NA,NA,0.00235213507805238,0.00306792843795437,0.001670395,NA,NA,NA,NA,NA,NA,NA,NA,NA,NA,NA,NA,NA,NA,NA,NA,NA,NA,0.00140128308422041
"Q14789",NA,NA,NA,NA,NA,NA,NA,4.88360164804808e-05,NA,NA,NA,NA,NA,NA,NA,NA,NA,NA,NA,NA,NA,NA,NA,NA,NA,NA,NA,NA,NA,NA,NA,NA,0.000298283741444458
"Q14847",NA,0.0104947965449154,NA,0.00538144155955077,0.0151952413325851,0.0182922635567707,NA,0.0168725876693675,0.0162993744198469,NA,0.0241810224611153,NA,0.022788615074836,0.035676493,0.0114150645028621,NA,0.0107215535100785,NA,NA,0.00585305249756777,NA,0.00895612230787677,0.0107913250921472,NA,NA,NA,0.00907417215522189,NA,NA,NA,NA,0.0154206605037849,0.00949236876503156
"Q14974",NA,NA,0.00306093222651511,NA,NA,NA,NA,NA,NA,NA,NA,NA,NA,NA,NA,NA,NA,NA,NA,NA,NA,NA,NA,NA,NA,NA,NA,NA,NA,NA,NA,NA,NA
"Q14993",NA,0,0,0.000977034322161454,NA,0.000766401794362506,0,NA,0.00126825083516639,0,0.00117946045182471,NA,NA,NA,NA,0.00100870437761583,0,0,NA,0,NA,NA,NA,NA,0.00173255023587366,NA,NA,NA,0,NA,NA,NA,NA
"Q14997-3",NA,NA,NA,NA,NA,NA,NA,NA,NA,NA,NA,NA,0.00129535305274277,NA,NA,NA,NA,NA,NA,NA,NA,NA,NA,NA,NA,NA,NA,NA,NA,NA,NA,NA,NA
"Q15008",NA,NA,NA,NA,NA,NA,NA,NA,NA,NA,NA,NA,NA,NA,NA,NA,NA,NA,NA,NA,NA,NA,NA,NA,NA,NA,NA,0.00507545529380298,NA,NA,NA,NA,NA
"Q15018",NA,NA,NA,NA,NA,NA,NA,NA,NA,NA,NA,0.00425195725478702,NA,0.007843137,NA,NA,NA,NA,NA,NA,NA,NA,NA,NA,NA,NA,NA,NA,NA,NA,NA,NA,NA
"Q15029",NA,NA,0.0024737549413413,0.00163783017252752,NA,NA,NA,NA,NA,NA,NA,NA,NA,NA,NA,NA,NA,NA,NA,0.00161436128520017,NA,NA,NA,NA,NA,NA,NA,NA,NA,NA,NA,NA,NA
"Q15046",NA,NA,0.00224590856593821,NA,NA,NA,NA,0.00199806912487682,NA,NA,NA,0.00237773853386676,NA,NA,NA,NA,NA,NA,NA,NA,NA,NA,NA,NA,NA,NA,NA,NA,NA,NA,NA,NA,0.00203500148046401
"Q15050",NA,NA,NA,NA,0.00258681237843104,NA,NA,NA,NA,NA,NA,NA,NA,0.002739726,NA,NA,NA,NA,NA,NA,NA,NA,NA,NA,NA,NA,NA,NA,NA,NA,NA,NA,NA
"Q15056",NA,NA,0.00137652486922265,NA,NA,NA,0.00849654201709686,NA,NA,NA,NA,NA,NA,0.007056452,NA,NA,NA,NA,NA,0.004460592601545,NA,NA,0.0041120167927827,0.00382055185934199,NA,NA,NA,NA,NA,NA,NA,NA,NA
"Q15063",NA,NA,NA,NA,NA,NA,NA,NA,0.00393560065266352,NA,NA,NA,NA,0.008,NA,NA,NA,NA,NA,NA,NA,NA,NA,NA,NA,NA,0.00238611315749191,NA,NA,NA,NA,NA,NA
"Q15063-6",NA,NA,NA,NA,NA,0.0045544362976297,NA,NA,NA,NA,NA,NA,NA,NA,NA,NA,NA,NA,NA,NA,NA,NA,NA,NA,NA,NA,NA,NA,NA,NA,NA,NA,NA
"Q15075",NA,NA,NA,NA,0.00106088420563064,0.000597621308945161,NA,0.00102373046219034,0.000659300811281303,NA,NA,0.00162434269707923,0.000774301162845214,NA,0.000808032979437643,NA,NA,NA,NA,NA,NA,NA,NA,NA,NA,NA,0.00067025671604423,NA,0,NA,NA,NA,NA
"Q15084",0.00883488620779854,0.00709998529839846,0.0241328061729679,0.0111172717138806,0.0209838893655887,0.0173863079671142,0.00571041294306241,0.0180658018867378,0.00442080283008568,0.00528475952264644,0.0107216908810121,0.0215466915695206,0.0249786778224758,0.024153654,0.0153755343826848,0.009377239271112,0.00961017273471723,0.0123051285915598,0.0136955690597916,0.0280436073566541,NA,0.014784883608258,0.0185426538517666,0.00830185677280247,0.00795372489191198,0.00541567954557879,0.0127202003263792,0.0104728484534926,0.0120004467070893,NA,0.00575836767525108,0.015828198202444,0.0235105066154404
"Q15113",0.0122743709437338,0.00448083510925088,0.0221073210554384,0.00612706292530881,0.00426590271298761,0.0144413940233193,NA,NA,0.0106927817651458,0.00907757348383152,0.00862924669895554,NA,NA,0.003012048,0.00324916712009814,0.00316283422931041,NA,0.00356777809442849,0.00316283422931041,0.00833002192834537,NA,NA,0.00716712932693236,NA,0.0194087865720823,NA,NA,NA,NA,NA,NA,NA,0.00559012535372261
"Q15126",NA,NA,0.0130463001150197,NA,NA,NA,NA,0.00870496527046307,NA,NA,NA,NA,0.0164600574113076,0.011677282,NA,NA,NA,NA,NA,0.00704603201290219,NA,NA,NA,NA,NA,NA,NA,NA,NA,NA,NA,NA,NA
"Q15149",0.000149311349413557,0.0015255830132834,0.000800301726865011,0.000693079383748041,0.00164435654476688,0.000348203944280654,NA,0.000949067846397253,0.000657155846262169,NA,0.00066608334668208,0.00190619539233881,0.000434585655143683,0.000879386,0.000578552881856251,0.000866556565742988,0.000851606780691467,0.00110530064997122,0.00154863315919589,0.000496524450132027,0.000255717293056684,0.00113111315331623,NA,0.000712369841447426,0.00107023351859557,0.000219554657187755,0.000212544494256253,0.00087596576599152,0.00062600255461144,NA,NA,0.000488379398960834,0.00137889417235558
"Q15149-2",NA,NA,NA,NA,NA,NA,NA,NA,NA,NA,NA,NA,NA,NA,NA,NA,NA,NA,NA,NA,NA,NA,0.00048893870664616,NA,NA,NA,NA,NA,NA,NA,0.000101862044583955,NA,NA
"Q15149-3",NA,NA,NA,0.000708969420042631,NA,NA,NA,NA,NA,NA,NA,NA,0.000908011238374614,NA,NA,NA,NA,NA,NA,NA,NA,NA,NA,NA,NA,NA,NA,NA,NA,NA,NA,NA,NA
"Q15149-4",NA,NA,NA,NA,NA,NA,NA,NA,NA,NA,NA,NA,0.000830119475422616,0.000820353,NA,NA,NA,NA,NA,NA,NA,NA,NA,NA,NA,NA,NA,NA,NA,NA,NA,NA,NA
"Q15156",NA,NA,NA,NA,NA,NA,NA,NA,NA,NA,NA,NA,NA,NA,NA,0.000821644405371761,NA,NA,NA,NA,NA,NA,NA,NA,NA,NA,NA,NA,NA,NA,NA,NA,NA
"Q15181",NA,NA,NA,NA,NA,NA,NA,0.00788165836658045,NA,NA,NA,NA,NA,0.003460208,NA,NA,NA,NA,NA,0.0038277754559869,NA,NA,0.00176432577014182,NA,NA,NA,NA,NA,NA,NA,NA,NA,NA
"Q15202",NA,NA,NA,NA,NA,NA,NA,NA,NA,NA,NA,NA,NA,NA,NA,NA,NA,NA,NA,NA,NA,NA,0.119478289355569,NA,NA,NA,NA,NA,NA,NA,NA,NA,NA
"Q15233",NA,0.007326007,0.00942331774375664,NA,0.0184958643909777,0.00607760775603889,0.0131331593799091,0.0196873353022333,0.00609533398039656,NA,0.0159746511847716,0.0213925005196619,0.0138557303516408,0.025299193,0.0121589403989904,0.00900329363675505,0.0102775446733156,NA,0.0040099279138376,0.0103772266011809,NA,NA,0.0110405563090251,NA,NA,NA,NA,0.00730735183987308,NA,NA,NA,0.0104974432573691,NA
"Q15293",NA,0.00663383413431218,NA,NA,0.00947344359410651,0.00800492419089595,NA,0.00304722347146775,NA,NA,NA,NA,0.00518574337876493,NA,NA,NA,NA,NA,NA,0.0018498781160829,NA,NA,NA,NA,NA,NA,NA,NA,NA,NA,NA,0.00278500248767298,0.00310354842008974
"Q15365",NA,0.00466343961887035,0.00802613300888044,0.00318837753415722,0.0153488453736362,0.00950386094455291,NA,0.0150901222682943,0.0041387122048344,NA,0.00898090864900698,0.0107631825767872,0.00810103174696352,0.007836991,0.00896118308597688,0.0108078382199586,NA,NA,0.0126182883464024,0.0208398041452262,NA,NA,0.013243898466836,0.00594041883552978,0.00308392952309277,NA,0.0117809645643169,0.00928378794501262,NA,NA,NA,NA,0.01018138898921
"Q15388",NA,NA,NA,NA,0.0174849361503342,NA,NA,0.0168725876693675,NA,NA,NA,NA,0.00957121822806198,0.027777778,NA,NA,NA,NA,NA,NA,NA,NA,NA,NA,NA,NA,NA,NA,NA,NA,NA,NA,NA
"Q15393",NA,0.00115186768366868,0.00146205853598782,NA,0.00391126436485957,0.00169881243323147,NA,NA,0.00136301392863584,NA,NA,0.00272846272541369,NA,0.005613628,0.00313218170823206,NA,0.00235351127658921,NA,0.00182937432635052,0.00310497338273318,NA,0.00327662956216399,0.00177662024000307,0.00311797250311713,0.00171389100214218,NA,0.00103924759470808,0.00171981869383361,NA,NA,NA,0.00145072388905797,0.00215554174130943
"Q15417",NA,NA,NA,NA,0.00582831236484023,NA,NA,NA,NA,NA,0.00909495170476574,NA,0.00567183271775774,NA,NA,NA,NA,NA,NA,NA,NA,NA,NA,NA,NA,NA,NA,NA,NA,NA,NA,NA,NA
"Q15424",NA,NA,NA,NA,NA,0.00103613495181772,NA,NA,0.00114307271863531,NA,NA,NA,0.00134245631146103,NA,NA,NA,NA,NA,NA,NA,NA,NA,NA,NA,NA,NA,NA,NA,NA,NA,NA,NA,NA
"Q15427",NA,NA,NA,NA,NA,NA,NA,NA,NA,NA,0.00362188365405239,NA,NA,0.006637168,NA,NA,NA,NA,NA,NA,NA,NA,NA,NA,NA,NA,NA,0.00436803602440786,NA,NA,NA,NA,NA
"Q15436-2",NA,NA,NA,NA,NA,NA,NA,NA,NA,NA,NA,NA,0.00316436152709205,NA,NA,NA,NA,NA,NA,NA,NA,NA,NA,NA,NA,NA,NA,NA,NA,NA,NA,NA,NA
"Q15459",NA,NA,NA,NA,NA,NA,NA,NA,NA,NA,NA,NA,0.00158298911037533,NA,NA,NA,NA,NA,NA,NA,NA,NA,NA,NA,NA,NA,NA,NA,NA,NA,NA,NA,NA
"Q15582",NA,NA,NA,NA,NA,NA,0.0309915635878149,NA,NA,NA,NA,NA,NA,NA,NA,NA,NA,NA,NA,NA,NA,NA,NA,NA,NA,NA,NA,NA,NA,NA,NA,NA,NA
"Q15637",NA,NA,NA,NA,0.00149870916358364,NA,NA,NA,NA,NA,NA,NA,NA,NA,NA,NA,NA,NA,NA,NA,NA,NA,NA,NA,NA,NA,NA,NA,NA,NA,NA,NA,NA
"Q15654",NA,NA,NA,NA,NA,NA,NA,NA,NA,NA,NA,0.00407612351069988,NA,NA,NA,NA,NA,NA,NA,NA,NA,NA,NA,NA,NA,NA,NA,NA,NA,NA,NA,NA,NA
"Q15691",NA,NA,NA,NA,NA,NA,NA,NA,NA,NA,NA,NA,NA,0.003731343,NA,NA,NA,NA,NA,NA,NA,NA,0.00380514963963918,NA,NA,NA,NA,0.00368349258650479,NA,NA,NA,NA,NA
"Q15717",NA,NA,NA,NA,0.00789725542825707,NA,NA,0.0102623039245189,NA,NA,0.00906139133263956,0.00500114837396431,0.0203432542775022,0.00602706,0.0119415894690379,0.00904111578504271,NA,NA,0.00774952811576833,0.00823206995391903,NA,NA,0.00376302659948582,NA,NA,NA,0.00836460184370902,0.00728543258201049,NA,NA,NA,0.00563337796683519,0.0165503472597309
"Q15746",NA,NA,NA,0.00126740508013233,NA,NA,NA,0.00113535173791839,NA,NA,NA,NA,NA,NA,NA,NA,NA,NA,NA,NA,NA,NA,NA,NA,NA,NA,NA,NA,NA,NA,NA,NA,NA
"Q15746-2",NA,NA,NA,NA,NA,NA,NA,NA,NA,NA,NA,NA,NA,NA,NA,NA,NA,NA,NA,NA,NA,NA,NA,NA,NA,NA,NA,NA,0.000864875469675624,NA,NA,NA,NA
"Q15758",NA,NA,NA,NA,NA,NA,NA,NA,NA,NA,NA,NA,0.00684564017769136,NA,NA,NA,NA,NA,NA,NA,NA,NA,NA,NA,NA,NA,NA,NA,NA,NA,NA,NA,NA
"Q15785",NA,NA,NA,NA,NA,NA,NA,NA,NA,NA,NA,0.00350889647943858,NA,NA,NA,NA,NA,NA,NA,NA,NA,NA,NA,NA,NA,NA,NA,NA,NA,NA,NA,NA,NA
"Q15836",NA,NA,NA,NA,NA,NA,NA,NA,NA,NA,NA,NA,NA,0.01,NA,NA,NA,NA,NA,NA,NA,NA,0.0101978018092659,NA,NA,NA,NA,NA,NA,NA,NA,NA,NA
"Q16094",NA,NA,NA,NA,NA,NA,NA,NA,NA,NA,NA,NA,NA,NA,0.00661793555667817,NA,NA,NA,NA,NA,NA,NA,NA,NA,NA,NA,NA,NA,NA,NA,NA,NA,NA
"Q16222",NA,NA,NA,NA,NA,NA,NA,0.00371128213899761,0.00537779785293718,NA,NA,NA,0.00210527832911518,NA,NA,NA,NA,NA,NA,NA,NA,NA,NA,NA,NA,NA,NA,NA,NA,NA,NA,NA,NA
"Q16348",NA,NA,NA,NA,NA,0.00360191490676281,NA,NA,NA,NA,NA,NA,NA,NA,NA,NA,NA,NA,NA,NA,NA,NA,NA,NA,NA,NA,NA,NA,NA,NA,NA,NA,NA
"Q16401",NA,NA,0.00108950502544118,NA,0.00488834163011663,NA,NA,0.00581565797833139,NA,NA,NA,NA,NA,NA,NA,NA,NA,NA,NA,NA,NA,NA,NA,NA,NA,NA,NA,NA,NA,NA,NA,NA,NA
"Q16531",NA,NA,NA,NA,0.00129340618921552,NA,NA,NA,NA,NA,NA,NA,NA,NA,NA,NA,NA,NA,NA,NA,NA,NA,NA,NA,NA,NA,NA,NA,NA,NA,NA,NA,NA
"Q16555-2",NA,NA,NA,NA,0.0102612539489797,NA,NA,NA,NA,NA,NA,NA,0.00437708127352475,NA,NA,NA,NA,NA,NA,NA,NA,NA,NA,NA,NA,NA,NA,NA,NA,NA,NA,NA,NA
"Q16577",NA,NA,NA,NA,NA,NA,NA,NA,NA,NA,NA,NA,0.0116593310745078,NA,NA,NA,NA,NA,NA,NA,NA,NA,NA,NA,NA,NA,NA,NA,NA,NA,NA,NA,NA
"Q16585",NA,NA,NA,NA,NA,NA,NA,NA,NA,NA,NA,0.00340958794530838,NA,NA,NA,NA,NA,NA,NA,NA,NA,NA,NA,NA,NA,NA,NA,NA,NA,NA,NA,NA,NA
"Q16610",NA,NA,NA,0.00303307869579168,NA,NA,NA,NA,0.00174983376919147,NA,NA,NA,NA,NA,NA,NA,NA,NA,NA,NA,NA,NA,NA,NA,NA,NA,NA,NA,NA,NA,NA,NA,NA
"Q16630",NA,NA,NA,NA,NA,NA,NA,NA,NA,NA,NA,0.00701779295887716,NA,NA,NA,NA,NA,NA,NA,NA,NA,NA,NA,NA,NA,NA,NA,NA,NA,NA,NA,NA,NA
"Q16647",NA,NA,NA,0.00333837833763455,NA,NA,NA,NA,NA,NA,NA,NA,NA,NA,NA,NA,NA,NA,NA,NA,NA,NA,NA,NA,NA,NA,NA,NA,NA,NA,NA,NA,NA
"Q16658",0.0033063629096917,0.00301751963670926,0.0124559428921642,0.0017192230006959,0.012196457711699,0.00579892460787027,0.00320559160091577,0.00964318988118618,0.0049096488955584,NA,0.00655832699361684,0.00913839100062323,0.00924478152262288,0.017816092,0.00437616031583114,0.00212994169583777,NA,NA,0.00212994169583777,0.00523569266164149,NA,NA,0.00517129917879767,0.00288285020577217,0.00199548438775038,NA,0.00272249154038815,0.00200238600297028,NA,NA,NA,0.00182983517372488,0.00345083499109635
"Q16674",NA,NA,0.0156356419505888,NA,NA,NA,NA,NA,NA,NA,NA,NA,NA,NA,NA,NA,NA,NA,NA,NA,NA,NA,NA,NA,NA,NA,NA,NA,NA,NA,NA,NA,NA
"Q16698",NA,NA,0.00305711834956602,NA,NA,NA,NA,NA,NA,NA,NA,NA,NA,NA,NA,0.00574660285234187,NA,NA,NA,NA,NA,NA,NA,0.00424252338317935,NA,NA,NA,NA,NA,NA,NA,NA,NA
"Q16777",NA,0.0240661025063174,0.0289615666340277,0.0255387413544813,NA,NA,NA,NA,NA,0.0324325580527092,NA,0.0238105405887459,0.0428510784004648,NA,NA,0.0372383112040486,0.0281436849741389,NA,0.0404253598407416,0.0341467080827518,NA,0.0619207706921782,NA,0.0768110703680038,0.0293900157146377,NA,0.0489027716084536,0.0266291006460071,NA,NA,NA,NA,NA
"Q16790",NA,NA,NA,NA,NA,NA,NA,NA,0.00811747444740694,NA,NA,NA,NA,NA,NA,NA,NA,NA,NA,NA,NA,NA,NA,NA,NA,NA,NA,NA,NA,NA,NA,NA,NA
"Q16853",NA,0.00528192088071526,0.00192506463139482,NA,NA,NA,NA,NA,NA,NA,NA,NA,NA,NA,NA,NA,NA,NA,NA,NA,NA,NA,NA,NA,NA,NA,NA,NA,NA,NA,NA,NA,NA
"Q16864",NA,NA,NA,NA,NA,NA,NA,NA,NA,NA,NA,NA,NA,0.004201681,NA,NA,NA,NA,NA,NA,NA,NA,NA,NA,NA,NA,NA,NA,NA,NA,NA,NA,NA
"Q19KS2",NA,NA,NA,NA,NA,NA,NA,NA,NA,NA,NA,NA,NA,NA,NA,NA,NA,NA,NA,NA,NA,NA,NA,NA,NA,0.00283057463508073,NA,NA,NA,NA,NA,NA,NA
"Q1HBJ4",NA,NA,NA,NA,NA,NA,NA,NA,NA,NA,NA,0.0030118030102971,NA,NA,NA,NA,NA,NA,NA,NA,NA,NA,NA,NA,NA,NA,NA,NA,NA,NA,NA,NA,NA
"Q1JUQ5",NA,NA,0.0341378169615486,NA,0.0314728839375777,NA,NA,NA,NA,NA,NA,NA,NA,NA,NA,NA,NA,NA,NA,NA,NA,NA,NA,NA,NA,NA,NA,NA,NA,NA,NA,NA,NA
"Q1KMD3",NA,0.00320957361878534,0.00248576291857761,0.00164578078468362,0.0061112397461994,0.0016137220998782,0.00511442350352984,0.00417719413637618,NA,NA,0.00198676093313982,NA,0,0.002427184,0.00349101478321366,0.00311506800305601,NA,NA,0.000849563428072895,0.00179001132422325,NA,0.00334767699314769,0.00165012976570148,0.00153316648793158,NA,NA,NA,0.00159737233338047,NA,NA,NA,0.00381773643128878,0.00150155482378463
"Q1KSF8",NA,NA,NA,NA,NA,NA,NA,NA,NA,NA,0.0530041679816474,NA,NA,NA,NA,NA,NA,NA,NA,NA,NA,NA,NA,NA,NA,NA,NA,NA,NA,NA,NA,NA,NA
"Q27J81",NA,NA,NA,NA,NA,NA,NA,NA,NA,NA,NA,NA,NA,0.002124523,NA,NA,NA,NA,NA,NA,NA,NA,NA,NA,NA,NA,NA,NA,NA,NA,NA,NA,NA
"Q29945",NA,NA,NA,NA,NA,NA,NA,NA,NA,NA,NA,NA,NA,NA,NA,NA,NA,NA,NA,NA,NA,0.00179122491296392,NA,NA,NA,NA,NA,NA,NA,NA,NA,NA,NA
"Q2F838",NA,0.022799040120216,NA,NA,0.0208010438677788,NA,NA,NA,0.0101168529364281,NA,NA,NA,NA,0.011494253,NA,NA,NA,NA,NA,NA,NA,NA,NA,NA,NA,NA,NA,NA,NA,NA,NA,NA,NA
"Q2HIZ1",NA,NA,NA,NA,NA,0.00868379989493889,NA,NA,0.0137713082623346,NA,NA,NA,NA,NA,NA,NA,NA,NA,NA,NA,NA,NA,NA,NA,NA,NA,NA,NA,NA,NA,NA,NA,NA
"Q2HJC8",NA,0.00662497178273029,NA,NA,NA,NA,NA,NA,NA,NA,NA,NA,NA,NA,NA,NA,NA,NA,NA,NA,NA,NA,0.00204364764081834,NA,NA,NA,NA,NA,NA,NA,NA,NA,0.00464910250843568
"Q2NKY5",NA,NA,NA,NA,NA,NA,NA,NA,NA,NA,NA,NA,NA,NA,NA,NA,NA,NA,NA,NA,NA,NA,NA,NA,NA,NA,NA,NA,NA,NA,NA,NA,0.00386650392643466
"Q2TSD0",NA,NA,NA,NA,NA,NA,NA,NA,NA,0.00626746287592374,NA,NA,NA,NA,NA,NA,NA,NA,NA,NA,NA,0.0150293985346496,NA,NA,NA,NA,NA,NA,NA,0.0162671673123382,0.011214488515206,0.0200743376883227,NA
"Q2TU64",NA,NA,NA,NA,0.00576054526519701,NA,NA,NA,NA,NA,NA,NA,NA,NA,0.00321686905820044,NA,NA,NA,NA,0.00696971341335311,NA,NA,NA,NA,NA,NA,NA,NA,NA,NA,NA,NA,NA
"Q2TU78",NA,NA,NA,NA,NA,NA,NA,NA,NA,NA,NA,NA,NA,NA,NA,NA,NA,NA,NA,NA,NA,NA,NA,0.0124670644108776,NA,NA,NA,NA,NA,NA,NA,NA,NA
"Q2UY09",NA,0.00255607833247776,NA,NA,NA,NA,NA,NA,NA,NA,NA,NA,NA,NA,NA,0,NA,NA,NA,NA,NA,NA,NA,NA,NA,NA,NA,NA,NA,NA,NA,NA,NA
"Q2VIR3",NA,NA,NA,NA,NA,NA,NA,NA,NA,NA,NA,NA,NA,NA,NA,NA,NA,NA,NA,0.00528032007058494,NA,NA,NA,NA,NA,NA,NA,NA,NA,NA,NA,NA,NA
"Q2VJ45",NA,NA,NA,NA,NA,NA,NA,NA,NA,NA,NA,NA,NA,0.000803859,NA,NA,NA,NA,NA,NA,NA,NA,NA,NA,NA,NA,NA,NA,NA,NA,NA,NA,NA
"Q2VPJ6",NA,NA,NA,NA,NA,NA,NA,NA,NA,NA,NA,NA,NA,NA,NA,NA,NA,NA,NA,NA,NA,NA,NA,NA,NA,NA,0.00330081550366384,NA,NA,NA,NA,NA,NA
"Q2YDX4",NA,NA,NA,NA,NA,NA,0.00441440444104555,NA,NA,NA,NA,NA,NA,NA,NA,NA,NA,NA,NA,NA,NA,NA,NA,NA,NA,NA,NA,NA,NA,NA,NA,NA,NA
"Q2YFE1",NA,NA,NA,NA,NA,NA,NA,NA,NA,NA,NA,NA,NA,NA,NA,NA,0.00343453191048685,NA,NA,NA,NA,NA,NA,NA,NA,NA,NA,NA,NA,NA,NA,NA,NA
"Q30154",NA,NA,NA,NA,NA,NA,NA,NA,NA,NA,NA,NA,NA,NA,0.00115867207031133,NA,NA,NA,NA,NA,NA,0.00181816039685264,NA,NA,NA,NA,NA,NA,NA,NA,NA,NA,NA
"Q30167",NA,NA,NA,NA,NA,NA,NA,NA,NA,NA,NA,NA,0.00478560963087679,NA,NA,NA,NA,NA,NA,NA,NA,NA,NA,NA,NA,NA,0.00828511386255778,NA,NA,NA,NA,NA,NA
"Q32M88-2",NA,NA,NA,NA,0,NA,NA,NA,NA,NA,NA,NA,NA,NA,NA,NA,NA,NA,NA,NA,NA,NA,NA,NA,NA,NA,NA,NA,NA,NA,NA,NA,NA
"Q32MZ4",NA,NA,NA,NA,NA,NA,NA,NA,NA,NA,NA,NA,NA,0.001569859,NA,NA,NA,NA,NA,NA,NA,NA,NA,NA,NA,NA,NA,NA,NA,NA,NA,NA,NA
"Q32P28",NA,NA,0.00460492152402995,NA,0.000849089004698954,0.00143493530464382,NA,0.0049161131326763,0.0007915167367139,NA,0.00147220430369881,NA,0.00278873660698239,0.002697842,NA,NA,NA,NA,NA,0.00298442561595448,NA,NA,NA,NA,NA,NA,NA,NA,NA,NA,NA,NA,NA
"Q32P45",NA,NA,NA,NA,0.00218561713681509,NA,NA,NA,NA,NA,NA,NA,NA,NA,NA,NA,NA,NA,NA,NA,NA,NA,NA,NA,NA,NA,NA,NA,NA,NA,NA,NA,NA
"Q3BDU5",NA,NA,NA,NA,NA,NA,NA,NA,NA,NA,NA,NA,NA,NA,NA,NA,NA,NA,NA,0.00439661617644394,NA,NA,NA,NA,NA,NA,0.00178378460058828,NA,NA,NA,NA,NA,NA
"Q3KQU3",NA,NA,NA,NA,NA,NA,0.00716715111075323,NA,NA,NA,NA,NA,0.0028127658018596,0.004081633,NA,NA,NA,NA,NA,NA,NA,NA,NA,NA,NA,NA,NA,NA,NA,NA,NA,NA,NA
"Q3KQV9",NA,NA,NA,NA,NA,NA,NA,NA,NA,NA,NA,NA,0.00240953718132832,NA,NA,NA,NA,NA,NA,NA,NA,NA,NA,NA,NA,NA,NA,NA,NA,NA,NA,NA,NA
"Q3LR79",0.0434939608644061,NA,NA,NA,NA,NA,NA,NA,NA,NA,NA,NA,NA,NA,NA,NA,NA,NA,NA,NA,NA,NA,NA,0.0731450107168293,0.0560755473159557,0.0397181680951229,NA,NA,NA,NA,NA,NA,NA
"Q3YEC7",NA,NA,NA,NA,NA,NA,NA,NA,NA,NA,NA,NA,NA,0.002619515,NA,NA,NA,NA,NA,NA,NA,NA,NA,NA,NA,NA,NA,NA,NA,NA,NA,NA,NA
"Q4F786",NA,NA,NA,NA,NA,NA,NA,NA,NA,NA,NA,NA,NA,NA,NA,NA,NA,NA,NA,NA,NA,NA,NA,NA,NA,NA,NA,NA,NA,0.0382129824173661,NA,NA,NA
"Q4G0F5",NA,NA,NA,NA,0.00312644519290572,NA,NA,NA,NA,NA,NA,NA,0.00684564017769136,NA,NA,NA,NA,NA,NA,NA,NA,NA,NA,NA,NA,NA,NA,NA,NA,NA,NA,NA,NA
"Q4G0W3",NA,NA,NA,NA,NA,NA,NA,NA,NA,NA,NA,NA,NA,NA,NA,NA,NA,NA,NA,NA,NA,NA,NA,NA,NA,NA,NA,NA,0.00325839943702426,NA,NA,NA,NA
"Q4JLR8",NA,0.0498697218018012,NA,NA,NA,NA,NA,NA,NA,NA,NA,NA,NA,NA,0.0755592171530086,NA,0.0521124497816648,NA,NA,0.0611092761386964,NA,0.0650723204841706,0.0464730328491576,NA,NA,NA,0.0502085617296864,0.0712697640708211,NA,NA,0.0641589916014265,NA,NA
"Q4LE33",NA,0.00728241327505223,0.0037111255327829,NA,0.00953087940476507,NA,NA,0.00388167974724723,0.0111628961336398,0.00389189237266341,NA,NA,0.00369861572607382,NA,NA,NA,NA,0.00656444717067174,NA,0.00458058836105925,NA,NA,0.00391885411003231,NA,0.00460797484864934,NA,0.00319522285130443,0.00291670158563653,0.00756135686725117,NA,0.00263086696042541,0.00643276000509745,0.00469790861029379
"Q4TZM4",NA,NA,NA,NA,NA,NA,NA,NA,NA,NA,NA,NA,NA,NA,0.0741211729420702,NA,NA,NA,0.0392259465287978,NA,NA,NA,NA,NA,NA,NA,NA,NA,NA,0.0386532462591437,NA,0.0366264655643853,0.0359810117451587
"Q4V9L6",0.016520640647801,0.017869517717627,NA,NA,0.0148858238540085,0.0203049822742027,NA,0.00923432126663988,NA,0.0131761906054659,0.0158547129631579,NA,NA,0.016328829,NA,0.0106425103108191,NA,0.0120050917638349,NA,0.00249150193465173,NA,NA,NA,NA,0.0332355945584304,NA,NA,NA,NA,NA,NA,NA,NA
"Q4VB24",NA,NA,NA,0.0223772150626065,NA,0.0171599620796694,NA,NA,NA,NA,NA,NA,NA,NA,NA,NA,NA,NA,NA,NA,NA,NA,NA,0.00915604226170974,NA,NA,NA,NA,NA,NA,NA,NA,0.0113812683745773
"Q4VB96",NA,0.00679286455070186,NA,NA,NA,NA,NA,NA,NA,NA,NA,NA,NA,NA,NA,NA,NA,NA,NA,NA,NA,NA,NA,NA,NA,NA,NA,NA,NA,NA,NA,NA,NA
"Q4W5D3",NA,NA,NA,NA,0.00995977330235379,NA,NA,NA,NA,NA,NA,NA,NA,NA,NA,NA,NA,NA,NA,NA,NA,NA,NA,NA,NA,NA,NA,NA,NA,NA,NA,NA,NA
"Q4W5D6",NA,NA,NA,NA,0.0113757415121535,NA,NA,NA,NA,NA,NA,NA,NA,NA,NA,NA,NA,NA,NA,NA,NA,NA,NA,NA,NA,NA,NA,NA,NA,NA,NA,NA,0.0111802516354061
"Q4ZG57",NA,NA,NA,NA,NA,NA,NA,NA,NA,NA,NA,NA,NA,0.002046385,NA,NA,NA,NA,NA,NA,NA,NA,NA,NA,NA,NA,NA,NA,NA,NA,NA,NA,NA
"Q4ZGM8",NA,NA,NA,NA,NA,NA,NA,NA,NA,NA,NA,NA,NA,NA,NA,NA,NA,NA,NA,NA,NA,NA,NA,NA,NA,NA,NA,0.0704518679510424,NA,NA,NA,NA,NA
"Q52MT0",NA,0.0482231561850296,NA,NA,NA,NA,NA,NA,NA,NA,NA,NA,NA,NA,0.0864969464837076,NA,NA,NA,0.0503385691633455,0.0671538840068471,NA,NA,NA,NA,NA,0.124989981743891,0.0438915883194465,0.105064889466385,NA,NA,0.0657191525490415,0.0496470438895075,NA
"Q53EL6",NA,NA,NA,NA,NA,0.00184255001808694,NA,NA,NA,NA,NA,NA,0.00238727870015776,NA,NA,NA,NA,NA,NA,0.00127739790885218,NA,NA,NA,NA,NA,NA,NA,NA,NA,NA,NA,NA,NA
"Q53EX3",NA,NA,NA,NA,NA,0.00435969461611553,NA,NA,NA,NA,NA,NA,NA,NA,NA,NA,NA,NA,NA,NA,NA,NA,NA,NA,NA,NA,NA,NA,NA,NA,NA,NA,NA
"Q53EX5",NA,NA,NA,NA,NA,NA,0,NA,NA,NA,NA,NA,NA,NA,NA,NA,NA,NA,NA,NA,NA,NA,NA,NA,NA,NA,NA,NA,NA,NA,NA,NA,NA
"Q53F48",NA,NA,NA,NA,NA,NA,NA,NA,NA,NA,NA,NA,NA,NA,NA,NA,NA,NA,NA,NA,NA,NA,NA,NA,NA,NA,NA,NA,NA,NA,NA,0.00550737892979081,NA
"Q53FI4",NA,NA,NA,NA,NA,NA,NA,NA,NA,NA,NA,0.0204575287560993,NA,NA,NA,NA,NA,NA,NA,NA,NA,NA,NA,NA,NA,NA,NA,NA,NA,NA,NA,NA,NA
"Q53FS4",NA,0.00228305324111886,NA,NA,0.0102404865663058,NA,NA,0.00545329473604622,NA,NA,NA,NA,NA,NA,NA,NA,0.00513124081282768,NA,NA,NA,NA,NA,NA,0.00261739474343009,NA,NA,NA,NA,NA,NA,NA,NA,NA
"Q53FS6",NA,NA,NA,NA,NA,NA,NA,NA,NA,NA,NA,NA,NA,NA,NA,NA,NA,NA,0.00298312783446877,NA,NA,NA,NA,NA,NA,NA,NA,NA,NA,NA,NA,NA,0.00131812665490757
"Q53G42",NA,NA,NA,NA,NA,0.00397586782593065,NA,NA,NA,NA,NA,NA,NA,NA,NA,NA,NA,NA,NA,NA,NA,NA,NA,NA,NA,NA,NA,NA,NA,NA,NA,NA,NA
"Q53G71",NA,NA,NA,NA,NA,NA,NA,NA,NA,NA,NA,NA,NA,NA,NA,NA,NA,NA,NA,NA,NA,NA,0.00752050253544686,NA,NA,NA,NA,NA,NA,NA,NA,NA,NA
"Q53G74",NA,NA,NA,NA,0.00995044379527488,NA,NA,NA,NA,NA,NA,NA,NA,NA,NA,NA,NA,NA,NA,NA,NA,NA,NA,NA,NA,NA,NA,NA,NA,NA,NA,NA,NA
"Q53GL6",NA,NA,NA,NA,NA,NA,NA,0.00800788853574596,NA,NA,NA,NA,NA,0.002604167,NA,NA,NA,NA,NA,0.00288079980333293,NA,NA,0.00876373592983791,NA,NA,NA,NA,NA,NA,NA,NA,NA,NA
"Q53HC2",NA,NA,NA,NA,NA,NA,NA,NA,NA,NA,NA,NA,NA,NA,NA,0.018667751901524,NA,NA,NA,NA,NA,NA,NA,NA,0.0043723266411379,NA,NA,NA,NA,NA,NA,NA,NA
"Q53HE2",NA,0.00531061938874178,NA,0.0143881252797301,NA,NA,NA,NA,NA,NA,NA,NA,NA,NA,NA,NA,NA,NA,NA,NA,NA,NA,NA,NA,NA,NA,NA,NA,NA,NA,NA,NA,NA
"Q53HG7",NA,NA,NA,NA,NA,NA,NA,NA,NA,NA,NA,NA,0.00390661928410406,NA,NA,0.00238109109306834,NA,NA,NA,NA,NA,NA,NA,NA,NA,NA,NA,NA,NA,NA,NA,NA,NA
"Q53HR5",NA,NA,NA,NA,NA,NA,NA,NA,NA,NA,NA,NA,NA,NA,NA,NA,NA,NA,NA,0.00340236923235743,NA,NA,NA,NA,NA,NA,NA,NA,NA,NA,NA,NA,NA
"Q53HS0",NA,NA,NA,NA,NA,NA,NA,0.00117234593152207,NA,NA,NA,NA,NA,NA,NA,NA,NA,NA,NA,NA,NA,NA,NA,NA,NA,NA,NA,NA,NA,NA,NA,NA,NA
"Q53HU7",NA,NA,NA,NA,NA,NA,NA,NA,NA,NA,NA,0.00683089336952698,NA,NA,NA,NA,NA,NA,NA,NA,NA,NA,NA,NA,NA,NA,NA,NA,NA,NA,NA,NA,NA
"Q53R94",NA,NA,NA,NA,NA,NA,NA,NA,0.00830345444474301,NA,NA,NA,NA,NA,NA,NA,NA,NA,NA,NA,NA,NA,NA,NA,NA,NA,NA,NA,NA,NA,NA,NA,NA
"Q53T09",NA,NA,NA,NA,NA,0.0042095002408479,NA,NA,NA,NA,NA,NA,NA,NA,NA,NA,NA,NA,NA,NA,NA,NA,NA,NA,NA,NA,NA,NA,NA,NA,NA,NA,NA
"Q53T60",NA,NA,NA,NA,NA,NA,NA,NA,NA,NA,NA,NA,NA,NA,NA,NA,NA,NA,NA,0.00396497083263101,NA,NA,NA,NA,NA,NA,NA,NA,NA,NA,NA,NA,NA
"Q549C5",NA,NA,0.00721221541358415,NA,NA,NA,NA,0.00641633642544275,0.00619835391294869,NA,NA,NA,0.0181987959357642,0.024647887,NA,NA,NA,NA,0.0110921936971831,0.00779033139511427,NA,0.00794698224296308,NA,NA,NA,NA,NA,NA,NA,NA,NA,NA,NA
"Q549M8",NA,NA,NA,NA,NA,NA,NA,NA,NA,NA,NA,NA,NA,NA,NA,NA,NA,NA,NA,NA,NA,NA,NA,NA,NA,NA,NA,NA,NA,NA,NA,0.00170638424655589,NA
"Q562L3",NA,NA,NA,NA,NA,NA,NA,NA,NA,NA,NA,NA,0.028658466923483,NA,NA,NA,NA,NA,0.0156338798677159,NA,NA,NA,0.0165254368736775,0.0245306638069053,NA,NA,NA,NA,NA,NA,NA,NA,NA
"Q562L6",NA,NA,NA,NA,NA,NA,NA,NA,NA,NA,NA,NA,NA,NA,NA,NA,NA,NA,NA,NA,NA,NA,NA,NA,0.0179084993787879,NA,NA,NA,NA,NA,NA,NA,NA
"Q562M5",NA,0.0195369945567692,NA,0.0490219489157728,0.0500524920084315,0.0460186837624401,0.0187528861796094,0.0504479357607915,0.0250495589775942,NA,0.047121652749901,0.0353278877348595,NA,0.076584703,NA,NA,0.0833088087321695,0.0681392836977761,0.0505309991477039,0.0209407130643778,NA,NA,0.0405393286708361,NA,0.0413462844621414,0.0194018044100607,0.0413212195269651,NA,NA,NA,NA,NA,0.0431165510651362
"Q562R1",NA,0.0163043665260689,NA,0.00859933308418334,0.0141882371311502,0.00749473482902698,0.0115106481010808,0.025101155776824,0.00791630806252874,NA,0.00650778261755781,0.0105759056687861,0.0253377150935192,0.02319113,0.0124142009107628,NA,0.0167079391517869,NA,0.0251484230191632,0.014486954978111,NA,0.0185673098512925,0.0116381270994445,NA,0.00596819137405108,NA,0.0208398984062915,0.0109028692677489,NA,NA,0.0135199198144863,0.00958427562243577,0.00904474920904344
"Q562R6",NA,NA,NA,NA,NA,NA,NA,NA,NA,NA,NA,NA,0.0284844625157886,NA,NA,NA,NA,NA,NA,NA,NA,NA,NA,NA,NA,NA,NA,NA,NA,NA,NA,NA,NA
"Q562S0",NA,NA,NA,NA,NA,NA,NA,NA,NA,NA,NA,NA,NA,NA,NA,NA,NA,NA,NA,0.0419778293854059,NA,NA,NA,NA,NA,NA,NA,NA,NA,0.0354654255506311,NA,NA,NA
"Q562V5",NA,NA,NA,NA,NA,NA,NA,0.0523410466283828,NA,NA,NA,NA,0.0487872219249558,0.038074117,NA,NA,NA,NA,NA,NA,NA,0.0368690531421936,NA,NA,NA,NA,0.0267823895973861,NA,NA,NA,NA,NA,NA
"Q562X7",NA,NA,NA,NA,NA,NA,NA,NA,NA,NA,NA,NA,NA,0.018030888,NA,NA,NA,NA,NA,NA,NA,NA,NA,NA,NA,NA,NA,NA,NA,NA,NA,NA,NA
"Q562Y8",NA,NA,NA,NA,NA,NA,NA,NA,NA,NA,NA,NA,NA,NA,0.0346841617201431,NA,NA,NA,NA,0.0242760737034741,NA,NA,NA,NA,NA,NA,NA,NA,NA,NA,NA,NA,NA
"Q562Z4",NA,NA,NA,NA,0.100500058097221,0.0309775916940527,NA,0.0436254868579266,NA,NA,0.035059599077815,0.0367047874628469,0.0470404857286088,0.034241453,NA,NA,NA,NA,NA,NA,NA,NA,NA,0.0390957449685069,NA,NA,NA,NA,NA,NA,NA,NA,NA
"Q569I7",NA,NA,NA,NA,NA,NA,NA,NA,0.0469206705906229,NA,NA,NA,NA,NA,NA,NA,NA,NA,NA,0.0346166266677185,NA,NA,NA,NA,NA,NA,NA,NA,NA,NA,NA,NA,NA
"Q58F26",NA,NA,NA,NA,NA,NA,NA,NA,NA,NA,NA,NA,NA,NA,NA,NA,NA,NA,NA,NA,0.00741699624337369,NA,NA,NA,NA,NA,NA,NA,NA,NA,NA,NA,NA
"Q59EE7",NA,NA,NA,NA,NA,0.0008146605783055,NA,NA,NA,NA,NA,NA,NA,NA,NA,NA,NA,NA,NA,NA,NA,NA,NA,NA,NA,NA,NA,NA,NA,NA,NA,NA,NA
"Q59EE9",NA,NA,NA,NA,NA,NA,NA,NA,NA,NA,0.00384896049876914,NA,NA,NA,NA,NA,NA,NA,NA,NA,NA,NA,NA,NA,NA,NA,NA,NA,NA,NA,NA,NA,NA
"Q59EG0",0.00154773275937737,NA,NA,NA,NA,NA,NA,NA,NA,NA,NA,NA,NA,NA,NA,NA,NA,NA,NA,NA,NA,NA,NA,NA,NA,NA,NA,NA,NA,NA,NA,NA,NA
"Q59EG8",NA,NA,NA,NA,NA,NA,NA,NA,NA,NA,NA,0.00301552523710369,0.00101154372140444,NA,NA,NA,NA,NA,NA,NA,NA,NA,NA,NA,NA,NA,NA,NA,NA,NA,NA,NA,NA
"Q59EU3",NA,NA,NA,NA,NA,NA,NA,NA,NA,NA,NA,NA,NA,NA,NA,NA,NA,NA,0.00218762679859416,NA,NA,NA,NA,NA,NA,NA,NA,NA,NA,NA,NA,NA,NA
"Q59EZ3",NA,NA,NA,NA,NA,NA,NA,NA,NA,NA,NA,NA,NA,NA,NA,NA,NA,NA,0.00240092359576717,NA,NA,NA,NA,NA,NA,NA,NA,NA,NA,NA,NA,NA,NA
"Q59FI9",0.00827429707243265,NA,NA,NA,NA,NA,NA,NA,NA,NA,NA,0.0136808792796415,NA,NA,NA,NA,NA,NA,NA,NA,NA,NA,NA,NA,NA,NA,NA,NA,NA,NA,NA,NA,NA
"Q59FJ0",NA,NA,NA,NA,NA,NA,NA,NA,NA,NA,NA,NA,0.00948340922792285,NA,NA,NA,NA,NA,NA,NA,NA,NA,NA,NA,NA,NA,NA,NA,NA,NA,NA,NA,NA
"Q59FP8",NA,NA,NA,NA,NA,NA,NA,0.000566617147855647,NA,NA,NA,NA,NA,NA,NA,NA,NA,NA,NA,NA,NA,NA,NA,NA,NA,NA,NA,NA,NA,NA,NA,NA,NA
"Q59FS1",NA,NA,NA,NA,NA,NA,0.000971928939027464,NA,NA,NA,NA,NA,NA,NA,NA,NA,NA,NA,NA,NA,NA,NA,NA,NA,NA,NA,NA,NA,NA,NA,NA,NA,NA
"Q59GE3",NA,NA,NA,NA,NA,NA,NA,NA,NA,NA,NA,0.00857791884061303,NA,NA,NA,NA,NA,NA,NA,NA,NA,NA,NA,NA,NA,NA,NA,NA,NA,NA,NA,NA,NA
"Q59GP7",NA,NA,NA,NA,NA,NA,NA,NA,NA,NA,NA,NA,NA,NA,0.00239716321119674,NA,NA,NA,NA,NA,NA,NA,NA,NA,NA,NA,NA,NA,NA,NA,NA,NA,NA
"Q59GV2",NA,NA,NA,NA,NA,NA,NA,NA,NA,NA,NA,0.0117038965230378,NA,0.016407599,NA,NA,NA,NA,0.00816109638681697,NA,NA,NA,0.00792575298154528,NA,NA,NA,NA,NA,NA,NA,NA,NA,NA
"Q59H47",NA,NA,NA,NA,NA,NA,NA,NA,NA,NA,NA,NA,0.0129917523079396,NA,NA,NA,NA,NA,NA,NA,NA,NA,NA,NA,NA,NA,NA,NA,NA,NA,NA,NA,NA
"Q5BJH7",NA,NA,NA,NA,NA,NA,NA,NA,NA,NA,NA,NA,NA,0.005128205,NA,NA,NA,NA,NA,NA,NA,NA,NA,NA,NA,NA,NA,NA,NA,NA,NA,NA,NA
"Q5CZI2",NA,NA,NA,NA,NA,NA,NA,NA,NA,NA,NA,NA,NA,0.002396196,NA,NA,NA,NA,NA,NA,NA,NA,NA,NA,NA,NA,NA,NA,NA,NA,NA,NA,NA
"Q5D044",NA,NA,NA,NA,NA,NA,NA,NA,NA,NA,NA,NA,NA,NA,NA,NA,NA,NA,NA,NA,NA,NA,NA,NA,NA,NA,NA,NA,NA,NA,NA,NA,0.000798760876440849
"Q5EBM2",NA,0.00208102712999669,0.00245595855580312,NA,0.00299202607790833,NA,NA,0.00262612945264654,NA,NA,NA,0.00520023492204041,NA,NA,0.00258686753521165,NA,0.0012148524739086,NA,NA,NA,NA,0.0027061669560867,NA,NA,0.00141550164998696,NA,NA,NA,0.00070793954243551,NA,NA,NA,NA
"Q5EC54",NA,NA,NA,NA,NA,NA,NA,NA,NA,NA,NA,NA,NA,NA,NA,NA,NA,NA,NA,NA,NA,NA,0.0121316252432796,NA,NA,NA,NA,NA,NA,NA,NA,NA,NA
"Q5EFE5",NA,NA,NA,0.00864034937386215,NA,NA,NA,NA,NA,NA,NA,NA,0.00250895970656619,NA,NA,0.00254869133427972,NA,NA,NA,NA,NA,NA,NA,NA,NA,NA,NA,NA,NA,NA,NA,NA,NA
"Q5EFE6",NA,NA,0.0416430618402722,NA,NA,NA,NA,0.00474541485492223,NA,NA,NA,NA,NA,NA,0.0028091762786133,0.00546906752151591,NA,NA,NA,0.00576159850043888,NA,NA,NA,NA,0.0102476419178557,NA,NA,NA,NA,NA,NA,NA,NA
"Q5H907",NA,NA,NA,NA,NA,NA,NA,0.00686955379189553,0.00419126780855106,NA,NA,0.00387231831098898,0.00369175614863232,0.004007937,NA,NA,NA,NA,NA,0.00263387334734875,NA,NA,0.00242804766133753,NA,NA,NA,0.00901893841475649,NA,NA,NA,NA,NA,NA
"Q5H928",NA,NA,0.00757495976370698,NA,NA,NA,NA,NA,NA,NA,NA,0.0106927909634061,NA,NA,NA,0.00880228675389279,NA,NA,NA,NA,NA,NA,NA,NA,0.00291057287569329,NA,NA,0.0058412788621048,NA,NA,NA,NA,0.00549089293033067
"Q5H962",NA,NA,NA,NA,NA,NA,NA,NA,NA,NA,NA,NA,NA,NA,NA,NA,NA,NA,NA,NA,NA,NA,NA,NA,NA,NA,0.000744419788085997,NA,NA,NA,NA,NA,NA
"Q5HYC5",NA,NA,NA,NA,NA,NA,NA,NA,NA,NA,NA,NA,0.00833622242770155,NA,NA,NA,NA,NA,NA,NA,NA,NA,NA,NA,NA,NA,NA,NA,NA,NA,NA,NA,NA
"Q5HYD7",NA,NA,0.00160271419497386,NA,NA,NA,NA,NA,NA,NA,NA,NA,NA,NA,NA,NA,NA,NA,NA,NA,NA,NA,NA,NA,NA,NA,NA,NA,NA,NA,NA,NA,NA
"Q5JPT2",NA,NA,NA,NA,NA,NA,NA,NA,NA,NA,NA,NA,0.00170295108765699,0.001647446,NA,NA,NA,NA,NA,NA,NA,NA,NA,NA,NA,NA,NA,NA,NA,NA,NA,NA,NA
"Q5JPU1",NA,NA,NA,NA,NA,NA,NA,NA,NA,NA,NA,NA,NA,NA,NA,NA,NA,NA,0.00603483305477197,NA,NA,NA,NA,NA,NA,NA,NA,NA,NA,NA,NA,NA,NA
"Q5JQC4",NA,NA,NA,NA,NA,NA,NA,NA,NA,NA,NA,0.0365690416569246,NA,0.013245033,NA,NA,NA,NA,NA,NA,NA,NA,NA,NA,NA,NA,NA,NA,NA,NA,NA,NA,NA
"Q5JR01",NA,NA,NA,NA,NA,NA,NA,NA,NA,NA,NA,NA,NA,NA,NA,NA,NA,NA,NA,NA,NA,NA,NA,NA,NA,NA,NA,0.0170202770765431,NA,NA,NA,NA,NA
"Q5JRA6",NA,NA,NA,NA,NA,NA,NA,NA,NA,NA,NA,0.000652376357740111,NA,NA,NA,NA,NA,NA,NA,NA,NA,NA,NA,NA,NA,NA,NA,NA,NA,NA,NA,NA,NA
"Q5JRI1",NA,NA,NA,NA,NA,NA,NA,NA,NA,NA,NA,NA,NA,NA,NA,NA,NA,NA,NA,NA,NA,NA,0.00395263636808587,NA,NA,NA,NA,NA,NA,NA,NA,NA,NA
"Q5JTD0",NA,NA,NA,NA,NA,NA,NA,NA,NA,NA,NA,NA,NA,0.002242152,NA,NA,NA,NA,NA,NA,NA,NA,NA,NA,NA,NA,NA,NA,NA,NA,NA,NA,NA
"Q5JTZ9",NA,NA,NA,NA,NA,NA,NA,NA,NA,NA,NA,NA,0.00169124969877245,NA,NA,NA,NA,NA,NA,NA,NA,NA,NA,NA,NA,NA,NA,NA,NA,NA,NA,NA,NA
"Q5JUL1",NA,NA,NA,NA,NA,NA,NA,NA,NA,NA,NA,NA,NA,0.046594982,NA,NA,NA,NA,NA,NA,NA,NA,NA,NA,NA,NA,NA,NA,NA,NA,NA,NA,NA
"Q5JY17",NA,NA,NA,NA,NA,NA,NA,NA,NA,NA,NA,NA,NA,NA,NA,NA,NA,NA,NA,NA,NA,0.00542534293049294,NA,NA,NA,NA,NA,NA,NA,NA,NA,NA,NA
"Q5JY65",NA,NA,NA,NA,NA,NA,NA,NA,NA,NA,NA,NA,0.00123647294565336,NA,NA,NA,NA,NA,NA,NA,NA,NA,NA,NA,NA,NA,NA,NA,NA,NA,NA,NA,NA
"Q5JYR7",NA,NA,NA,NA,NA,NA,NA,NA,NA,NA,NA,NA,NA,NA,NA,NA,NA,NA,NA,NA,NA,NA,NA,NA,NA,NA,0.00107547147228812,NA,NA,NA,NA,NA,NA
"Q5JZ02",NA,NA,NA,NA,NA,NA,NA,NA,NA,NA,NA,0.00896073571822118,0.00854290596156169,NA,NA,NA,NA,NA,NA,NA,NA,NA,NA,NA,NA,NA,NA,NA,NA,NA,NA,NA,NA
"Q5KU26",NA,NA,NA,0.00174458420245009,NA,NA,NA,NA,NA,NA,NA,NA,NA,NA,NA,NA,NA,NA,NA,NA,NA,NA,NA,NA,NA,NA,NA,NA,NA,NA,NA,NA,NA
"Q5NV67",NA,NA,NA,NA,NA,NA,NA,NA,0.0266717026359318,NA,NA,NA,NA,NA,NA,NA,NA,NA,NA,NA,NA,NA,NA,NA,NA,NA,NA,NA,NA,NA,NA,NA,NA
"Q5NV84",NA,NA,NA,NA,NA,NA,0.0679723371903461,NA,NA,NA,NA,NA,NA,0.032258065,NA,NA,NA,NA,NA,NA,NA,NA,NA,NA,NA,NA,NA,NA,NA,NA,NA,NA,NA
"Q5NV90",NA,0.0168094620525005,NA,NA,NA,NA,NA,0.0154427073738468,NA,NA,NA,0.0183771021396908,NA,NA,NA,NA,NA,NA,0.017797645079434,NA,NA,0.0382532677607974,NA,NA,NA,NA,NA,NA,NA,NA,NA,NA,NA
"Q5QPE4",NA,NA,NA,NA,0.00243347082123464,NA,NA,NA,NA,NA,NA,NA,NA,NA,NA,NA,NA,NA,NA,NA,NA,NA,NA,NA,NA,NA,NA,NA,NA,NA,NA,0.00214617468759866,NA
"Q5QPM7",NA,NA,NA,NA,0.00494338487211434,NA,NA,NA,NA,NA,NA,NA,NA,NA,NA,NA,NA,NA,NA,NA,NA,NA,NA,NA,NA,NA,NA,NA,NA,NA,NA,NA,NA
"Q5SQT3",NA,NA,NA,NA,NA,NA,NA,NA,NA,NA,NA,NA,0.00569527064104113,NA,NA,NA,NA,NA,NA,NA,NA,NA,NA,NA,NA,NA,NA,NA,NA,NA,NA,NA,NA
"Q5SRT3",NA,NA,NA,NA,NA,NA,NA,NA,NA,NA,NA,NA,0.0109016578747012,NA,NA,NA,NA,NA,NA,NA,NA,NA,NA,NA,NA,NA,NA,NA,NA,NA,NA,NA,NA
"Q5SSJ5",NA,NA,NA,0.00297976372347355,NA,NA,NA,NA,NA,NA,NA,NA,0.00201892890151183,NA,NA,NA,NA,NA,0.00615270135547829,0.00216059957594295,NA,NA,0.00368739358258722,NA,NA,NA,0.00349528250863447,NA,NA,NA,NA,NA,NA
"Q5ST81",NA,NA,NA,NA,NA,NA,NA,NA,0.010450002002697,NA,NA,0.0225410996945989,NA,NA,NA,NA,NA,NA,NA,NA,NA,NA,NA,NA,NA,NA,NA,NA,NA,NA,NA,NA,0.0160446011629254
"Q5SV16",NA,NA,NA,NA,NA,NA,NA,NA,NA,NA,NA,NA,NA,NA,NA,NA,NA,NA,NA,0.00275180820599388,NA,NA,NA,NA,NA,NA,NA,NA,NA,NA,NA,NA,NA
"Q5SWC8",NA,NA,NA,NA,NA,NA,NA,NA,NA,NA,0.00172688987503615,NA,NA,NA,NA,NA,NA,NA,NA,NA,NA,NA,NA,NA,NA,NA,NA,NA,NA,NA,NA,NA,NA
"Q5SX86",NA,NA,NA,NA,NA,NA,NA,NA,NA,NA,NA,NA,NA,0.008064516,NA,NA,NA,NA,NA,NA,NA,NA,NA,0.0085580362407258,NA,NA,NA,NA,NA,NA,NA,NA,NA
"Q5SYF3",NA,NA,NA,NA,NA,NA,NA,NA,NA,NA,NA,NA,0.0187943924952208,NA,NA,NA,NA,NA,0.00954600928031228,NA,NA,NA,NA,NA,NA,NA,NA,NA,NA,NA,NA,NA,NA
"Q5SZC9",NA,NA,NA,NA,0.0246615884207504,0.00595391151248497,NA,0.0203982027448879,0.0131368087741182,NA,NA,NA,NA,0.044776119,0.0161003513910803,NA,NA,NA,0.015672552565439,NA,NA,NA,0.0228308998773954,0.0212126169158967,NA,NA,0.00667755503065955,NA,NA,NA,NA,NA,NA
"Q5SZX9",NA,NA,NA,NA,NA,NA,NA,NA,NA,NA,NA,NA,NA,NA,NA,NA,NA,NA,NA,NA,NA,NA,NA,NA,NA,NA,NA,NA,NA,NA,NA,NA,0.0144993885641789
"Q5T0R1",NA,NA,0.00476341658220398,NA,0.0120768047298063,NA,NA,NA,NA,NA,NA,NA,NA,NA,NA,NA,NA,NA,NA,NA,NA,NA,NA,NA,NA,NA,NA,NA,NA,NA,NA,0.010166876796691,NA
"Q5T0W9",NA,NA,NA,NA,NA,NA,NA,NA,NA,NA,NA,NA,NA,NA,NA,NA,NA,NA,NA,NA,NA,NA,0.00107119749764891,NA,NA,NA,NA,NA,NA,NA,NA,NA,NA
"Q5T123",NA,NA,0.00387929763802779,0.00866840180239963,0.0107293920154003,NA,0.0119723999234417,NA,0.0125023603355411,NA,0.0232541381884579,NA,NA,0.039772727,NA,NA,NA,NA,NA,NA,NA,NA,0.0231768225719081,NA,NA,NA,NA,NA,NA,NA,NA,NA,NA
"Q5T1U7",NA,NA,NA,NA,NA,NA,NA,NA,NA,NA,NA,NA,NA,NA,NA,NA,NA,NA,NA,NA,NA,NA,0,NA,NA,NA,NA,NA,NA,NA,NA,NA,NA
"Q5T3N0",0.0212613460832537,0.00574932265193502,NA,NA,NA,0.0113699571451969,NA,NA,NA,NA,NA,NA,NA,NA,NA,NA,NA,NA,NA,NA,NA,NA,NA,NA,NA,NA,NA,NA,0.0038505778986054,NA,NA,NA,NA
"Q5T4S7-5",NA,NA,NA,NA,NA,NA,NA,0.000842588930315017,NA,NA,NA,0.000668464444357108,NA,NA,NA,NA,NA,NA,NA,NA,NA,NA,NA,NA,NA,NA,NA,NA,NA,NA,NA,NA,NA
"Q5T5P0",NA,NA,NA,NA,NA,NA,NA,NA,NA,NA,NA,NA,NA,0.000496771,NA,NA,NA,NA,NA,NA,NA,NA,NA,NA,NA,NA,NA,NA,NA,NA,NA,NA,NA
"Q5T5X7",NA,NA,0,NA,NA,NA,NA,NA,0,NA,NA,NA,NA,NA,NA,NA,NA,NA,NA,NA,NA,NA,NA,NA,NA,NA,NA,NA,NA,NA,NA,NA,NA
"Q5T6H7",NA,NA,NA,NA,0.00194677665698771,NA,NA,NA,NA,NA,NA,NA,NA,NA,NA,NA,NA,NA,NA,NA,NA,NA,NA,NA,NA,NA,NA,NA,NA,NA,NA,NA,NA
"Q5T6V5",NA,NA,NA,NA,0.00784514671798705,NA,NA,NA,NA,NA,NA,NA,NA,NA,NA,NA,NA,NA,NA,NA,NA,NA,NA,NA,NA,NA,NA,NA,NA,NA,NA,NA,NA
"Q5T6W2",NA,NA,NA,NA,NA,NA,NA,NA,NA,NA,NA,NA,NA,NA,NA,NA,NA,NA,NA,NA,NA,NA,0.0100176933326116,NA,NA,NA,NA,NA,NA,NA,NA,NA,NA
"Q5T765",NA,NA,NA,NA,NA,NA,NA,NA,NA,NA,NA,0.00118626815358966,NA,NA,NA,NA,NA,NA,NA,NA,NA,NA,NA,NA,NA,NA,NA,NA,NA,NA,NA,NA,NA
"Q5T8U3",NA,NA,NA,0.00798763737477109,NA,NA,NA,NA,NA,NA,NA,NA,NA,NA,NA,NA,NA,NA,NA,NA,NA,NA,NA,NA,NA,NA,NA,NA,NA,NA,NA,NA,NA
"Q5T9A4",NA,NA,NA,NA,NA,NA,NA,NA,NA,NA,NA,NA,NA,NA,NA,NA,NA,NA,NA,0.000451152550429089,NA,NA,NA,NA,NA,NA,NA,NA,NA,NA,NA,NA,NA
"Q5TBF2",NA,NA,NA,NA,0.00451763889240853,0.00190866969007602,NA,NA,NA,NA,NA,NA,NA,NA,NA,NA,NA,NA,NA,NA,NA,NA,NA,NA,NA,NA,NA,NA,NA,NA,NA,NA,NA
"Q5TBR0",NA,NA,NA,NA,0.00410515873341507,NA,NA,NA,NA,NA,NA,NA,NA,NA,NA,NA,NA,NA,NA,NA,NA,NA,NA,NA,NA,NA,NA,NA,NA,NA,NA,0.00724100546869098,NA
"Q5TCU3",NA,NA,NA,0.0037565874532747,0.00809858054478454,NA,NA,NA,NA,NA,NA,NA,NA,0.020658357,NA,NA,NA,NA,NA,NA,NA,NA,NA,NA,NA,NA,NA,0.00995760966342165,NA,NA,NA,0.00925972636501247,NA
"Q5TDH0",NA,NA,NA,NA,NA,NA,NA,NA,NA,NA,NA,NA,0.00567962365132865,0.002747253,NA,NA,NA,NA,NA,NA,NA,NA,NA,NA,NA,NA,NA,NA,NA,NA,NA,NA,NA
"Q5TEC6",NA,0.0297738536283444,0.0513168316806718,0.0414944777568931,0.0398875450852639,0.0473683037473355,NA,0.0414211138081308,0.0272540566778788,NA,0.0279594480616775,0.0376740659489225,0.0507074870308624,0.038004783,0.0488651855999182,0.0408008028621292,NA,0.01213119625868,0.0592569454145576,0.0731714324567695,NA,0.0524298398321629,0.051133168232046,0.0315293191636236,0.0440417365501071,NA,0.0469290691270608,0.0651275356936411,0.0748880794278483,NA,NA,0.0322886082791585,0.0318122570445684
"Q5VSR5",NA,NA,NA,NA,NA,NA,NA,NA,NA,NA,NA,NA,NA,0.009124088,NA,NA,NA,NA,NA,NA,NA,NA,NA,NA,NA,NA,NA,NA,NA,NA,NA,NA,NA
"Q5VY93",NA,NA,NA,NA,NA,NA,NA,0.0106412340564993,NA,NA,NA,0.00205350146106675,0.00779836788088543,NA,NA,NA,NA,NA,NA,NA,NA,NA,NA,NA,NA,NA,NA,NA,NA,NA,NA,NA,NA
"Q5VYK3",NA,NA,NA,NA,NA,NA,NA,0.000824791117890955,NA,NA,NA,NA,NA,0.0006035,NA,NA,NA,NA,NA,NA,NA,NA,NA,NA,NA,NA,NA,NA,NA,NA,NA,NA,NA
"Q5XG79",NA,NA,NA,0.00128097309422501,NA,NA,NA,NA,NA,NA,NA,NA,NA,NA,NA,NA,NA,NA,NA,NA,NA,NA,NA,NA,NA,NA,NA,NA,NA,NA,NA,NA,NA
"Q5Y7A7",NA,NA,NA,NA,NA,NA,NA,NA,NA,NA,NA,NA,NA,NA,NA,NA,NA,NA,NA,NA,NA,NA,0.00766752016501033,NA,NA,NA,NA,NA,NA,NA,NA,NA,NA
"Q642I8",NA,NA,NA,NA,NA,NA,NA,NA,NA,NA,NA,NA,0.0124541158700506,NA,NA,NA,NA,NA,NA,NA,NA,NA,NA,NA,NA,NA,NA,NA,NA,NA,NA,NA,NA
"Q65ZC9",NA,NA,NA,0.00712612543706691,0.00733566933282988,0.00508168234085559,NA,0.0121869513786483,0.0264065428876227,NA,NA,NA,NA,NA,NA,NA,NA,NA,NA,NA,NA,NA,NA,NA,NA,NA,NA,NA,NA,NA,NA,NA,NA
"Q65ZQ3",NA,NA,NA,NA,NA,NA,NA,NA,NA,NA,NA,NA,NA,NA,NA,NA,NA,NA,NA,0.0071966437103947,NA,NA,NA,NA,NA,NA,NA,NA,NA,NA,NA,NA,NA
"Q68CN4",NA,NA,NA,NA,NA,NA,NA,NA,NA,NA,NA,NA,NA,NA,NA,NA,NA,NA,NA,NA,NA,0.00650943945132605,NA,NA,NA,NA,NA,NA,NA,NA,NA,NA,NA
"Q68DS2",NA,NA,NA,NA,0.00263739245071292,NA,NA,NA,NA,NA,NA,NA,NA,NA,NA,NA,NA,NA,NA,NA,NA,NA,NA,NA,NA,NA,NA,NA,NA,NA,NA,NA,NA
"Q68DS3",NA,NA,NA,NA,NA,0.0179960322676018,NA,NA,NA,NA,NA,NA,NA,NA,NA,NA,NA,NA,NA,NA,NA,NA,NA,NA,NA,NA,NA,NA,NA,NA,NA,NA,NA
"Q68DU8",NA,NA,NA,NA,0.00261547504884846,NA,NA,NA,NA,NA,NA,NA,NA,NA,NA,NA,NA,NA,NA,NA,NA,NA,NA,NA,0.00272513450480267,NA,NA,NA,NA,NA,NA,NA,NA
"Q69EZ8",NA,NA,NA,NA,NA,NA,NA,NA,NA,NA,NA,NA,NA,NA,NA,NA,NA,NA,NA,NA,NA,NA,NA,NA,NA,NA,NA,NA,0.00900643704123496,NA,NA,NA,NA
"Q69YL0",NA,NA,NA,NA,NA,NA,NA,NA,NA,NA,NA,NA,NA,NA,NA,0.00530333848906238,NA,NA,NA,NA,NA,NA,NA,NA,NA,NA,NA,NA,NA,NA,NA,NA,NA
"Q69YP1",NA,NA,0.000468925592927328,NA,NA,NA,NA,NA,NA,NA,NA,NA,NA,NA,NA,NA,NA,NA,NA,NA,NA,NA,NA,NA,NA,NA,NA,NA,NA,NA,NA,NA,NA
"Q69YR1",NA,NA,NA,NA,NA,NA,NA,NA,NA,NA,NA,NA,NA,NA,NA,NA,NA,NA,NA,NA,NA,NA,NA,NA,NA,NA,0.00569931437647978,NA,NA,NA,NA,NA,NA
"Q6AWB3",NA,NA,NA,NA,0.000876565776837745,NA,NA,NA,NA,NA,NA,NA,NA,NA,NA,NA,NA,NA,NA,NA,NA,NA,NA,NA,NA,NA,NA,NA,NA,NA,NA,NA,NA
"Q6AWD1",NA,NA,NA,0.0363247328154259,NA,NA,NA,NA,NA,NA,NA,NA,NA,NA,NA,NA,NA,NA,NA,NA,NA,NA,NA,NA,NA,NA,NA,NA,NA,NA,NA,NA,NA
"Q6DN03",NA,NA,NA,0.0158097276870389,NA,0,NA,0.00472082737841585,NA,NA,0.00424116910816865,0.00561787028768816,0.00803387280386913,0.015544041,NA,NA,0.0104555970497584,0.00306865957880001,0.0205840975327948,NA,NA,NA,0.0251862810623807,NA,0.0140174997082233,NA,NA,0.0127872551513673,NA,NA,NA,NA,NA
"Q6EMK4",NA,NA,NA,NA,0.00431673016213972,NA,NA,0.00416555184871597,NA,NA,NA,NA,0.00257778496051587,0.007899893,NA,NA,NA,NA,NA,0.00275867123819569,NA,NA,NA,NA,NA,NA,NA,NA,NA,NA,NA,NA,NA
"Q6FG99",NA,NA,NA,NA,NA,NA,NA,NA,NA,NA,NA,NA,NA,NA,NA,NA,NA,NA,NA,NA,NA,NA,NA,0.0133450263863982,NA,NA,NA,NA,NA,NA,NA,NA,NA
"Q6FHW5",NA,NA,NA,NA,NA,NA,NA,0.0122887052279121,NA,NA,NA,0.0208911177614884,NA,0.00867052,NA,NA,NA,NA,NA,NA,NA,NA,NA,NA,NA,NA,NA,NA,0.0464146741581534,NA,0.0138745709766979,0.0136379245596882,NA
"Q6FI97",NA,NA,NA,NA,0.00850618492454963,NA,NA,NA,NA,NA,NA,NA,NA,NA,NA,NA,NA,NA,NA,NA,NA,NA,NA,NA,NA,NA,NA,NA,NA,NA,NA,NA,NA
"Q6GMW3",NA,NA,NA,NA,NA,NA,NA,NA,0.0156057832137439,NA,NA,NA,NA,NA,NA,NA,NA,NA,NA,NA,NA,NA,NA,NA,NA,0.00531485598467946,NA,NA,NA,NA,NA,NA,NA
"Q6GMW4",NA,NA,NA,NA,NA,NA,NA,NA,0.0116008298656834,NA,NA,NA,NA,NA,NA,NA,NA,NA,NA,NA,NA,NA,NA,NA,NA,NA,NA,NA,NA,NA,NA,NA,NA
"Q6GMX0",NA,NA,0.00377312766070299,NA,NA,NA,NA,NA,NA,NA,NA,0.00285328689118952,NA,NA,NA,NA,NA,NA,NA,0.0145556184869386,NA,NA,0.00983998439872295,NA,NA,NA,NA,NA,NA,NA,NA,NA,NA
"Q6GMX4",NA,0.0244878576130444,0.00316090926240298,0.0188350469840665,0.0174849361503342,0.0196993603852189,NA,0.0168725876693675,0.0307877065529149,NA,NA,NA,NA,NA,NA,NA,NA,NA,NA,0.0136571232318094,NA,NA,NA,NA,NA,NA,NA,0.00609368004433799,NA,NA,NA,NA,NA
"Q6IAG3",NA,NA,0.0237068174197533,NA,NA,NA,NA,NA,NA,NA,NA,NA,NA,NA,NA,NA,NA,NA,NA,NA,NA,NA,NA,NA,NA,NA,NA,NA,NA,NA,NA,NA,NA
"Q6IBG5",NA,NA,NA,NA,NA,NA,NA,NA,NA,NA,NA,NA,NA,NA,NA,NA,NA,NA,NA,NA,NA,NA,NA,NA,NA,NA,NA,NA,NA,NA,NA,NA,0.0239989880002948
"Q6IPH7",NA,NA,0.0161822123020808,0.0169515421839506,NA,0.038682380044652,NA,NA,NA,0.00483490032793584,0.0130223174182783,0.0285221630372991,NA,0.033333333,0.017324953966222,0.0190920185606246,NA,NA,0.0429570422864358,0.0298346065415731,NA,0.0205176616450907,0.0270396265038561,NA,NA,0.00454178642294871,0.0267759819895667,NA,NA,NA,0.0109104577763645,NA,0.0242535230266123
"Q6IPK3",NA,NA,NA,NA,NA,NA,NA,NA,NA,NA,NA,NA,NA,NA,NA,NA,NA,NA,NA,NA,NA,NA,NA,NA,NA,NA,NA,NA,0.00278939480395834,NA,NA,NA,NA
"Q6J1Z7",NA,NA,NA,NA,NA,NA,NA,NA,NA,NA,0.0487229564382583,NA,NA,NA,0.107890687119147,NA,NA,NA,NA,NA,NA,NA,NA,NA,NA,NA,NA,NA,NA,NA,0.0485716610346014,NA,NA
"Q6J1Z8",NA,NA,NA,NA,NA,NA,NA,NA,NA,NA,NA,NA,NA,NA,0.167098655806075,NA,NA,NA,0.0871332138307397,NA,NA,NA,NA,NA,NA,NA,NA,NA,NA,NA,NA,0.30231759831574,0.0795323291802988
"Q6MZF4",0.00208396099826962,NA,NA,NA,NA,NA,NA,NA,NA,NA,NA,NA,NA,NA,NA,NA,NA,NA,NA,NA,NA,NA,NA,NA,NA,NA,NA,NA,0.00357617516147928,NA,NA,NA,NA
"Q6MZK8",NA,NA,NA,NA,NA,NA,NA,NA,0.00562574243062288,NA,NA,NA,NA,NA,NA,NA,NA,NA,NA,NA,NA,NA,NA,NA,NA,NA,NA,NA,NA,NA,NA,NA,NA
"Q6MZM7",NA,NA,NA,NA,NA,NA,NA,NA,NA,NA,NA,0.00583916333947114,NA,NA,NA,NA,NA,NA,NA,NA,NA,NA,NA,NA,NA,NA,NA,NA,NA,NA,NA,NA,NA
"Q6MZQ6",NA,NA,NA,NA,0.00802100240293334,NA,NA,0.00245717323577886,NA,NA,NA,NA,NA,NA,NA,NA,NA,NA,NA,NA,NA,NA,NA,NA,NA,NA,NA,NA,NA,NA,NA,NA,NA
"Q6MZU1",NA,NA,NA,NA,NA,NA,NA,NA,NA,NA,NA,NA,NA,NA,NA,NA,NA,NA,NA,NA,NA,NA,NA,NA,0.000175173677225079,NA,NA,NA,NA,NA,NA,NA,NA
"Q6MZV7",NA,NA,NA,NA,NA,0.00840060904062561,NA,0.00851319279380613,NA,NA,NA,0.00355279663707678,NA,NA,NA,NA,NA,NA,NA,NA,NA,NA,NA,NA,NA,NA,NA,NA,NA,NA,NA,NA,NA
"Q6N030",NA,0.00238403406453733,NA,0.00733480129039373,0.0112948011220776,NA,NA,NA,NA,NA,NA,NA,NA,NA,NA,NA,NA,NA,NA,NA,NA,NA,NA,NA,NA,NA,NA,NA,NA,NA,NA,NA,NA
"Q6N041",NA,NA,NA,NA,NA,NA,NA,NA,NA,NA,NA,NA,NA,NA,NA,NA,NA,NA,NA,NA,NA,NA,NA,NA,NA,NA,NA,NA,NA,NA,NA,NA,0.00436893070721495
"Q6N089",NA,NA,NA,NA,0.00230852472966835,NA,NA,NA,NA,NA,NA,NA,NA,NA,NA,NA,NA,NA,NA,NA,NA,NA,NA,NA,NA,0.0075224488263177,NA,NA,NA,NA,NA,NA,NA
"Q6N092",NA,NA,0.00819345917901256,0.00789571458783948,0.010359760929401,0.00375240447694611,NA,NA,0.00462280361251747,NA,NA,NA,NA,NA,NA,NA,NA,NA,0.00358270008262866,NA,NA,NA,NA,NA,0.00672309791054705,NA,NA,0.00640773827068852,NA,NA,NA,NA,NA
"Q6N097",NA,NA,NA,NA,NA,NA,NA,NA,NA,NA,NA,NA,NA,NA,NA,NA,NA,NA,NA,0.010201373016393,NA,NA,NA,NA,NA,NA,NA,NA,NA,NA,NA,NA,NA
"Q6NSD4",NA,NA,NA,NA,NA,NA,NA,NA,NA,NA,NA,NA,NA,NA,NA,NA,NA,NA,NA,NA,NA,NA,NA,NA,NA,NA,NA,NA,NA,NA,NA,0.0172285994196099,NA
"Q6NWZ1",NA,NA,NA,NA,NA,NA,NA,NA,NA,NA,NA,NA,NA,NA,NA,NA,NA,NA,NA,NA,NA,NA,NA,NA,NA,NA,NA,NA,0.00324835990207999,NA,NA,NA,NA
"Q6P089",NA,NA,NA,NA,NA,NA,NA,NA,NA,NA,NA,NA,NA,NA,NA,NA,NA,NA,NA,NA,NA,NA,NA,NA,NA,NA,NA,NA,NA,NA,NA,0.00377823240106371,NA
"Q6P1N4",NA,NA,NA,NA,NA,NA,NA,NA,NA,NA,NA,NA,NA,NA,NA,NA,NA,NA,NA,NA,NA,NA,NA,NA,NA,NA,NA,0.0034159964947068,NA,NA,NA,NA,NA
"Q6P2E9",NA,NA,NA,NA,NA,NA,NA,NA,NA,NA,NA,NA,0.00109850302705035,0.003046213,NA,NA,NA,NA,NA,NA,NA,NA,NA,NA,NA,NA,NA,NA,NA,NA,NA,NA,NA
"Q6P2Q9",NA,NA,NA,NA,NA,NA,NA,NA,NA,NA,NA,NA,NA,NA,NA,NA,NA,NA,NA,NA,NA,0.00104439689691903,NA,NA,NA,NA,NA,NA,NA,NA,NA,NA,NA
"Q6P5S8",NA,NA,NA,NA,NA,NA,NA,0.00457849134612859,NA,NA,NA,NA,NA,NA,NA,NA,NA,0.0424595499553665,NA,NA,NA,NA,NA,NA,0.0411866071865475,NA,NA,NA,NA,NA,NA,NA,NA
"Q6P6C2",NA,NA,0.00298581503194357,NA,0.0122496503481027,NA,NA,0.00132816289104525,NA,NA,NA,NA,NA,NA,NA,NA,NA,NA,NA,NA,NA,NA,NA,NA,NA,NA,NA,NA,NA,NA,NA,NA,NA
"Q6PCB0",NA,NA,NA,NA,NA,NA,NA,NA,0.00351130157515886,NA,NA,NA,NA,0.002659574,NA,NA,NA,NA,0.0041890735760885,NA,NA,NA,NA,NA,NA,NA,NA,NA,NA,NA,NA,NA,0.00493596212363287
"Q6PCE3",NA,NA,NA,NA,NA,NA,NA,NA,NA,NA,NA,0.00184083035730765,NA,NA,NA,NA,NA,NA,NA,NA,NA,NA,NA,NA,NA,NA,NA,NA,NA,NA,NA,NA,NA
"Q6PGP7",NA,NA,NA,NA,NA,NA,NA,NA,0.000649568813654481,NA,NA,NA,NA,NA,NA,NA,NA,NA,NA,NA,NA,NA,0.000752604911985092,NA,NA,NA,NA,NA,NA,NA,NA,NA,NA
"Q6PI78",NA,NA,0.0119085409434427,NA,NA,NA,NA,NA,NA,NA,NA,NA,NA,NA,NA,NA,NA,NA,NA,NA,NA,NA,NA,NA,NA,NA,NA,NA,NA,NA,NA,NA,NA
"Q6PID9",NA,NA,NA,NA,NA,NA,NA,NA,NA,NA,NA,NA,NA,NA,NA,NA,NA,NA,NA,0.00572581205754262,NA,NA,NA,NA,NA,NA,NA,NA,NA,NA,NA,NA,NA
"Q6PIL8",NA,NA,NA,NA,NA,NA,NA,NA,NA,NA,NA,NA,NA,NA,NA,NA,NA,NA,NA,NA,NA,0.0246900932469321,NA,NA,NA,NA,0.00974229479157765,NA,NA,NA,NA,NA,NA
"Q6PIQ7",NA,NA,NA,NA,NA,NA,NA,NA,NA,NA,NA,NA,0.00622705741817949,NA,NA,NA,NA,NA,NA,NA,NA,NA,NA,NA,NA,NA,NA,NA,NA,NA,NA,NA,NA
"Q6PJF2",NA,0.00229573683717758,NA,NA,0.00397384882465296,0.00268627612604835,NA,NA,NA,NA,NA,NA,NA,NA,NA,NA,NA,NA,NA,0.00111740098163689,NA,NA,NA,NA,NA,NA,NA,NA,NA,NA,NA,0.00210281768208161,NA
"Q6PJP8",NA,NA,NA,NA,NA,NA,NA,0.00562419619349572,NA,NA,NA,NA,0.00127616256823381,NA,NA,NA,NA,NA,NA,NA,NA,NA,NA,NA,NA,NA,NA,NA,NA,NA,NA,NA,NA
"Q6PJY1",NA,NA,NA,NA,NA,NA,NA,NA,NA,NA,NA,NA,NA,NA,NA,NA,NA,0.00144627861875882,NA,NA,NA,NA,NA,0.00347068484778929,NA,NA,NA,NA,NA,NA,NA,NA,NA
"Q6PK21",NA,NA,NA,NA,NA,NA,0.00291847974513854,NA,NA,NA,NA,NA,NA,NA,NA,NA,NA,NA,NA,NA,NA,NA,NA,NA,NA,NA,NA,NA,NA,NA,NA,NA,NA
"Q6PK50",NA,NA,NA,0.0044609321536712,NA,NA,NA,NA,NA,NA,NA,NA,NA,NA,NA,NA,NA,NA,NA,NA,NA,0.0050557019666023,NA,NA,NA,NA,NA,NA,NA,NA,NA,NA,NA
"Q6PKH5",NA,NA,NA,NA,NA,NA,NA,NA,NA,NA,NA,NA,NA,0.000865052,NA,NA,NA,NA,NA,NA,NA,NA,NA,NA,NA,NA,NA,NA,NA,NA,NA,NA,NA
"Q6PYX1",NA,0.00405982877999084,0.00699440248406456,0.00583976582090526,NA,0.00471366682861315,NA,0.019501158922838,NA,NA,0.00430813514729098,0.0040157373470628,NA,0.007017544,NA,NA,NA,0.00415614886613495,NA,NA,NA,0.00173230290719217,NA,NA,NA,NA,NA,NA,NA,NA,NA,0.00316529373040965,0.00412427011249494
"Q6QNY1",NA,NA,NA,NA,NA,NA,0.022258547508823,0.0192490083652085,NA,NA,0.0115288121008273,0.0076355568358871,0.014559036541873,0.014084507,NA,NA,NA,NA,NA,NA,NA,NA,NA,NA,NA,NA,NA,NA,NA,NA,NA,NA,NA
"Q6R327",NA,NA,NA,NA,NA,NA,NA,NA,NA,NA,NA,NA,NA,NA,NA,NA,0.00133577732769881,NA,NA,NA,NA,NA,NA,NA,NA,NA,NA,NA,NA,NA,NA,NA,NA
"Q6S8J3",NA,NA,NA,NA,NA,NA,NA,0.00141660163686044,NA,NA,NA,NA,NA,0.000884169,NA,NA,NA,NA,NA,NA,NA,NA,NA,NA,NA,NA,NA,NA,NA,NA,NA,NA,NA
"Q6TXQ4",NA,NA,NA,NA,NA,NA,NA,NA,NA,NA,NA,NA,NA,NA,NA,NA,NA,NA,NA,NA,NA,0.0677082841058821,NA,NA,NA,NA,NA,NA,NA,NA,NA,NA,NA
"Q6UVK1",NA,0.00353018723725986,0.00314857356212056,0.00342643413884049,NA,0.00356023019337415,NA,0.0050884869595779,0.00342854746926474,NA,0.00226074535554105,0.00277516132971306,0.000738351436464784,NA,NA,NA,0.000723705122825889,0.00169214578258241,NA,0.00274176587744327,NA,NA,NA,0.00169195843692368,0.00225531768526312,NA,0.000958706442993594,NA,NA,NA,NA,0.0021263985237324,0.00175649722492326
"Q6UWY5",NA,NA,NA,NA,NA,NA,NA,NA,0.00265110282968909,NA,NA,NA,NA,NA,NA,NA,NA,NA,NA,NA,NA,NA,NA,NA,NA,NA,NA,NA,NA,NA,NA,NA,NA
"Q6UXW9",NA,NA,NA,NA,NA,NA,NA,NA,NA,NA,NA,NA,NA,NA,NA,NA,NA,NA,NA,NA,NA,NA,NA,0.03841203596007,NA,NA,NA,NA,NA,NA,NA,NA,NA
"Q6VFQ6",NA,NA,NA,NA,NA,NA,NA,NA,NA,NA,NA,NA,NA,NA,0.195266236677124,NA,NA,NA,NA,NA,NA,NA,NA,0.155652750663959,NA,0.184195981761316,NA,NA,NA,NA,NA,NA,NA
"Q6YHK3",NA,NA,0.00124818340369412,0.00166571376370823,NA,0.000364635929370092,NA,NA,NA,NA,NA,NA,NA,NA,NA,NA,NA,NA,NA,NA,NA,NA,NA,NA,NA,NA,NA,NA,NA,NA,NA,NA,NA
"Q6ZMJ2",NA,NA,NA,NA,NA,NA,NA,NA,NA,NA,NA,NA,NA,0.004040404,NA,NA,NA,NA,NA,NA,NA,NA,NA,NA,NA,NA,NA,NA,NA,NA,NA,NA,NA
"Q6ZMS3",NA,NA,NA,NA,NA,NA,NA,NA,NA,NA,NA,NA,NA,0.005235602,NA,NA,NA,NA,NA,NA,NA,NA,NA,NA,NA,NA,NA,NA,NA,NA,NA,NA,NA
"Q6ZMU5",NA,NA,NA,NA,NA,0.00422129128316858,NA,NA,NA,NA,NA,NA,NA,NA,NA,NA,NA,NA,NA,NA,NA,NA,NA,NA,NA,NA,NA,NA,NA,NA,NA,NA,NA
"Q6ZNC6",NA,NA,NA,NA,NA,NA,NA,0.00550525498201386,NA,NA,NA,NA,NA,0.009063444,NA,NA,NA,NA,0.00634477956939111,NA,NA,NA,NA,NA,NA,NA,NA,NA,NA,NA,NA,NA,NA
"Q6ZNL4",NA,NA,NA,NA,NA,NA,NA,NA,NA,NA,NA,NA,NA,NA,NA,NA,NA,NA,NA,NA,NA,NA,NA,NA,NA,0.00354953090621514,NA,NA,NA,0.00283889730663387,NA,NA,NA
"Q6ZRP7",NA,NA,NA,NA,0.00151069844411071,NA,NA,0.00437337461019231,NA,NA,NA,NA,NA,NA,NA,NA,NA,NA,NA,NA,NA,NA,NA,NA,NA,NA,NA,NA,NA,NA,NA,NA,NA
"Q6ZRR7",NA,NA,NA,NA,NA,NA,NA,NA,0.0013860883656246,NA,NA,NA,NA,NA,NA,NA,NA,NA,NA,NA,NA,NA,NA,NA,NA,NA,NA,NA,NA,NA,NA,NA,NA
"Q6ZT62",NA,NA,NA,NA,NA,NA,NA,NA,NA,NA,NA,NA,0.00204286919891165,NA,NA,NA,NA,NA,NA,NA,NA,NA,NA,NA,NA,NA,NA,NA,NA,NA,NA,NA,NA
"Q6ZV50",NA,NA,NA,NA,NA,NA,NA,NA,NA,NA,NA,NA,NA,NA,NA,NA,NA,NA,NA,NA,NA,NA,NA,NA,NA,NA,NA,NA,0,NA,NA,NA,NA
"Q6ZVM7",NA,NA,NA,NA,0.00745616925003784,NA,NA,NA,NA,NA,NA,NA,NA,0.006234414,NA,NA,NA,NA,NA,NA,NA,NA,NA,NA,NA,NA,NA,NA,NA,NA,NA,NA,NA
"Q6ZW64",NA,NA,NA,NA,NA,NA,NA,NA,0.00599252968856239,NA,NA,NA,NA,NA,NA,NA,NA,NA,NA,NA,NA,NA,NA,NA,NA,NA,NA,NA,NA,NA,NA,NA,NA
"Q6ZWH5",NA,NA,NA,NA,NA,NA,NA,NA,NA,NA,NA,NA,NA,NA,NA,NA,NA,NA,NA,NA,NA,NA,NA,NA,NA,NA,NA,NA,NA,NA,NA,NA,0.000918773127552317
"Q71DI3",NA,NA,0.0360752613310101,NA,NA,NA,NA,NA,NA,NA,NA,0.0204269128171719,NA,NA,NA,NA,NA,NA,0.0298288474534002,NA,NA,0.0360915814852338,NA,NA,NA,NA,0.0212829163485641,NA,NA,NA,NA,NA,NA
"Q71V99",NA,NA,NA,NA,NA,NA,0.0246261570022243,NA,NA,NA,NA,NA,NA,NA,NA,NA,NA,NA,NA,NA,NA,NA,NA,NA,NA,NA,NA,NA,NA,NA,NA,NA,NA
"Q75KX8",NA,NA,NA,NA,NA,NA,NA,NA,NA,NA,NA,NA,NA,NA,NA,NA,NA,NA,NA,0.00537003397266976,NA,NA,NA,NA,NA,NA,NA,NA,NA,NA,NA,NA,NA
"Q76N54",NA,NA,NA,NA,NA,NA,NA,NA,NA,NA,NA,NA,NA,NA,0.0163442960927827,NA,NA,NA,NA,NA,NA,NA,NA,NA,NA,NA,NA,NA,NA,NA,NA,NA,NA
"Q76P68",NA,NA,NA,NA,NA,NA,NA,NA,NA,NA,NA,NA,NA,NA,NA,NA,0.0274895634920751,NA,NA,NA,NA,NA,NA,NA,NA,NA,NA,NA,NA,NA,NA,NA,NA
"Q7KZ24",NA,NA,NA,0.00179065544190705,NA,NA,NA,NA,NA,NA,NA,NA,NA,NA,NA,NA,NA,NA,NA,NA,NA,NA,NA,NA,NA,NA,NA,NA,NA,NA,NA,NA,NA
"Q7KZF4",NA,0.00143266915134289,0.00200744601211025,NA,0.00544631998882198,0.00244373201597433,0.00124241860155667,0.00476241634871936,0.00263148656568357,NA,0.000723949613684247,0.00237960777913754,0.00163174420826651,0.003444776,0.0007905069578735,0.00233699693024052,0.00209089225347859,NA,0.00450940099406342,0.0031960567938228,NA,NA,0.00449961994285019,NA,0.00328697940883871,NA,0.00288010741836087,0.0016214564684045,NA,NA,NA,0.00097158929919407,0.00361840894854179
"Q7KZJ3",NA,NA,0.00178732058684655,NA,NA,NA,NA,NA,NA,NA,NA,NA,NA,NA,NA,NA,NA,NA,NA,NA,NA,NA,NA,NA,NA,NA,NA,NA,NA,NA,NA,NA,NA
"Q7L2E3",NA,NA,NA,NA,NA,NA,NA,0.0012148259769024,NA,NA,NA,NA,NA,NA,NA,NA,NA,NA,NA,NA,NA,NA,NA,NA,NA,NA,NA,NA,NA,NA,NA,NA,NA
"Q7L2H7",NA,NA,NA,NA,NA,NA,NA,NA,0.00470677146759559,NA,NA,NA,NA,0.002673797,NA,NA,NA,NA,NA,NA,NA,NA,NA,NA,NA,NA,NA,NA,NA,NA,NA,NA,NA
"Q7L5D6",NA,NA,NA,NA,NA,NA,0.00411551260537949,NA,NA,NA,NA,NA,NA,0.0078125,0.00421376387855817,NA,NA,NA,NA,NA,NA,NA,NA,NA,NA,NA,NA,NA,NA,NA,NA,NA,NA
"Q7LG56",NA,NA,NA,NA,NA,NA,NA,NA,NA,NA,NA,NA,NA,0.002849003,NA,NA,NA,NA,NA,NA,NA,NA,NA,NA,NA,NA,NA,NA,NA,NA,NA,NA,NA
"Q7Z2W4",NA,NA,NA,NA,NA,NA,NA,NA,NA,NA,NA,NA,NA,0.00315729,NA,NA,NA,NA,NA,NA,NA,NA,NA,NA,NA,NA,NA,0.0011333827899289,NA,NA,NA,NA,NA
"Q7Z2X7",NA,NA,NA,NA,NA,0.0231253359309473,NA,NA,NA,NA,NA,0.01571375398779,NA,NA,NA,NA,NA,NA,NA,NA,NA,NA,NA,NA,NA,NA,NA,NA,NA,NA,NA,NA,NA
"Q7Z406",NA,NA,NA,NA,NA,NA,NA,NA,NA,NA,NA,NA,NA,NA,NA,NA,NA,NA,0.001113531970374,NA,NA,NA,NA,NA,NA,NA,NA,NA,NA,NA,NA,NA,NA
"Q7Z434",NA,NA,NA,NA,NA,NA,NA,NA,NA,NA,NA,NA,NA,0.007246377,NA,NA,NA,NA,0.00380456852800045,NA,NA,NA,NA,NA,NA,NA,NA,NA,NA,NA,NA,NA,NA
"Q7Z443",NA,NA,NA,NA,NA,NA,NA,NA,NA,NA,NA,NA,0.000750683377223842,NA,NA,NA,NA,NA,NA,NA,NA,NA,NA,NA,NA,NA,NA,NA,NA,NA,NA,NA,NA
"Q7Z4H3",NA,NA,NA,NA,NA,NA,NA,0.00446627328699018,NA,NA,NA,NA,NA,0.004901961,NA,NA,NA,NA,NA,NA,NA,NA,NA,NA,NA,NA,NA,NA,NA,NA,NA,NA,NA
"Q7Z4H8",NA,NA,NA,NA,0.00186230123255262,NA,NA,0.00179708067234862,0.00173602836241055,NA,NA,NA,NA,NA,NA,NA,NA,NA,NA,NA,NA,NA,NA,NA,NA,NA,NA,NA,NA,NA,NA,NA,NA
"Q7Z4N8",NA,NA,NA,NA,NA,NA,NA,NA,NA,NA,NA,NA,0.00205989306583209,NA,NA,NA,NA,NA,NA,NA,NA,NA,NA,NA,NA,NA,NA,NA,NA,NA,NA,NA,NA
"Q7Z589-3",NA,NA,NA,NA,NA,NA,NA,NA,NA,NA,NA,NA,NA,NA,NA,NA,NA,NA,0.0128056223845757,NA,NA,NA,0.00621817185979094,NA,NA,NA,NA,NA,NA,NA,NA,NA,NA
"Q7Z5L9",NA,NA,NA,NA,NA,NA,NA,NA,NA,NA,NA,NA,NA,0.002083333,NA,NA,NA,NA,NA,NA,NA,NA,NA,NA,NA,NA,NA,NA,NA,NA,NA,NA,NA
"Q7Z6G4",NA,NA,NA,NA,NA,NA,NA,NA,0.167988709363718,NA,NA,NA,NA,NA,NA,NA,NA,NA,NA,NA,NA,0.227514395262261,NA,NA,NA,NA,NA,NA,NA,NA,NA,NA,NA
"Q7Z6Z7",NA,NA,NA,NA,0.000296448132433955,NA,0.000496187797914705,0.000810520249866071,NA,NA,NA,NA,0.000595008388937592,0.001744412,NA,NA,NA,NA,0.000673116422672525,0.000347324298269676,NA,NA,NA,NA,NA,NA,NA,NA,NA,NA,NA,NA,NA
"Q7Z757",NA,NA,NA,NA,NA,NA,NA,0.000790997687830115,NA,NA,NA,NA,NA,NA,NA,NA,NA,NA,NA,NA,NA,NA,NA,NA,NA,NA,NA,NA,NA,NA,NA,NA,NA
"Q7Z759",NA,NA,NA,NA,NA,NA,NA,NA,NA,NA,NA,NA,NA,NA,NA,NA,NA,NA,0.00641577419571967,NA,NA,NA,NA,0.00131311318090693,NA,NA,NA,NA,NA,NA,NA,NA,NA
"Q7Z7B4",NA,NA,0.190536655095083,NA,0.0439156525329102,0.0742161951623103,NA,NA,NA,0.136051833104185,NA,NA,NA,NA,NA,NA,NA,NA,NA,NA,NA,NA,NA,NA,NA,NA,NA,NA,NA,NA,NA,NA,NA
"Q7Z7J6",NA,NA,NA,NA,0.00862428283123146,NA,NA,NA,0.0152617676156218,NA,NA,NA,NA,NA,NA,NA,NA,NA,NA,NA,NA,NA,NA,NA,NA,NA,NA,NA,NA,NA,NA,NA,NA
"Q7Z7K6",NA,NA,NA,NA,0.0122093080903392,NA,NA,NA,NA,NA,NA,NA,NA,NA,NA,NA,NA,NA,NA,NA,NA,NA,NA,NA,NA,NA,NA,NA,NA,NA,NA,NA,NA
"Q86TB9",NA,NA,NA,NA,NA,NA,NA,NA,NA,NA,NA,NA,NA,0.001519757,NA,NA,NA,NA,NA,NA,NA,NA,NA,NA,NA,NA,NA,NA,NA,NA,NA,NA,NA
"Q86TG9",NA,NA,NA,NA,NA,NA,NA,NA,NA,NA,NA,NA,0.0328156065347172,NA,NA,NA,NA,NA,NA,NA,NA,NA,NA,NA,NA,NA,NA,NA,NA,NA,NA,NA,NA
"Q86TT1",NA,NA,NA,NA,NA,NA,NA,NA,NA,NA,NA,0.00621332899433249,NA,NA,NA,NA,NA,NA,NA,NA,NA,NA,NA,NA,NA,NA,NA,NA,NA,NA,NA,NA,NA
"Q86U42",NA,0.0119201713144449,0.00738558500151341,0.00488986752692915,0.00756559763602353,0.0153427709004865,0.0249041280740362,0.0175215326831403,0.0169262727927965,0.0102276731569731,0.021644236496471,0.0130318391560651,0.0223635197422497,0.038461538,0.00518617059554127,0.00757255502979126,0.0170488157075692,0.0113894466397933,0.00504837001986084,0.0159551969535962,NA,0.00542534293049294,0.0147083680725782,0.00911054725169844,0.0047296804311148,NA,NA,NA,NA,NA,NA,0.0120103218749268,0.00446135004191324
"Q86U75",NA,NA,0.00553159120920521,NA,NA,NA,NA,NA,NA,NA,NA,NA,NA,NA,NA,NA,NA,NA,NA,NA,NA,NA,NA,NA,NA,NA,NA,NA,NA,NA,NA,NA,NA
"Q86UL3",NA,NA,NA,NA,NA,NA,NA,NA,NA,NA,NA,NA,NA,NA,0.00288428779960248,NA,NA,NA,NA,NA,NA,NA,NA,NA,NA,NA,NA,NA,NA,NA,NA,NA,NA
"Q86UP2",NA,NA,NA,NA,NA,NA,NA,NA,NA,NA,NA,NA,0.000779556450927281,0.001131222,NA,NA,NA,NA,NA,NA,NA,NA,NA,NA,NA,NA,NA,NA,NA,NA,NA,NA,NA
"Q86UU1",NA,NA,NA,NA,0.00121882961633547,NA,NA,NA,NA,NA,NA,NA,NA,NA,NA,NA,NA,NA,NA,NA,NA,NA,NA,NA,NA,NA,NA,NA,NA,NA,NA,NA,NA
"Q86UX7",NA,NA,NA,NA,NA,NA,NA,NA,NA,NA,NA,NA,NA,NA,NA,NA,NA,NA,NA,NA,NA,0.00535672171302303,NA,NA,NA,NA,NA,NA,NA,NA,NA,NA,NA
"Q86UY0",NA,0.00758224955851774,0.010439699564535,NA,0.0101059720884691,0.00609957265123685,NA,0.0124919058790973,NA,NA,NA,0.00497361929193132,0.00774478440954198,0.004587156,NA,0.00588719237364421,NA,NA,NA,0.0121222631611881,NA,0.00632680199730744,NA,0.00434631598099421,NA,NA,0.00228030664976749,NA,NA,NA,0.0029361477759171,0.00581457938945463,0.00579384338698084
"Q86V48",NA,NA,NA,NA,NA,NA,NA,NA,NA,NA,NA,NA,0.000989178769999324,NA,NA,NA,NA,NA,NA,NA,NA,NA,NA,NA,NA,NA,NA,NA,NA,NA,NA,NA,NA
"Q86VG2",NA,NA,NA,NA,NA,NA,0.00649017154386047,NA,0.00632562946552433,NA,NA,NA,NA,NA,NA,NA,NA,NA,NA,NA,NA,NA,NA,NA,NA,NA,NA,NA,NA,NA,NA,NA,NA
"Q86VP6",NA,NA,0.00400272940267181,NA,0.00343015411973668,NA,0.00108840018459856,NA,NA,NA,NA,NA,NA,0.001076102,NA,NA,NA,NA,0.00189835388555994,NA,NA,NA,NA,NA,NA,NA,NA,NA,NA,NA,NA,NA,NA
"Q86W50",NA,NA,NA,NA,NA,NA,NA,0.00370373897891474,NA,NA,NA,NA,NA,NA,NA,NA,NA,NA,NA,NA,NA,NA,NA,NA,NA,NA,NA,NA,NA,NA,NA,NA,NA
"Q86WV7",NA,NA,NA,NA,0.00415941169128919,NA,NA,NA,NA,NA,NA,NA,NA,0.004405286,NA,NA,NA,NA,NA,NA,NA,NA,NA,NA,NA,NA,NA,NA,NA,NA,NA,NA,NA
"Q86X51",NA,NA,NA,NA,NA,NA,NA,NA,NA,NA,NA,0.00321735601939111,NA,NA,NA,NA,NA,NA,NA,NA,NA,NA,NA,NA,NA,NA,NA,NA,NA,NA,NA,NA,NA
"Q86Y04",NA,NA,NA,NA,NA,NA,NA,NA,NA,NA,0.00101611311668427,NA,NA,NA,NA,NA,NA,NA,NA,NA,NA,NA,NA,NA,NA,NA,NA,NA,NA,NA,NA,NA,NA
"Q86Y33",NA,NA,NA,NA,NA,NA,NA,NA,NA,NA,NA,NA,NA,NA,NA,NA,NA,NA,NA,NA,NA,NA,NA,0.00407525512713208,NA,NA,NA,NA,NA,NA,NA,NA,NA
"Q86Y56",NA,NA,NA,NA,NA,NA,NA,NA,NA,NA,NA,NA,NA,0.00141844,NA,NA,NA,NA,NA,NA,NA,NA,NA,NA,NA,NA,NA,NA,NA,NA,NA,NA,NA
"Q86YQ4",NA,NA,NA,NA,NA,NA,NA,NA,NA,NA,NA,NA,NA,NA,0.0414218550082183,NA,NA,NA,NA,0.0691692370861645,NA,0.0568142965402677,0.0350821330985355,NA,NA,0.0500458080597562,NA,0.0572046538961916,NA,NA,0.0321921543982399,0.119311163775971,0.0336028271366469
"Q86YZ3",NA,NA,NA,NA,NA,0.000600620329723526,NA,NA,NA,NA,0.000268883245838044,NA,NA,NA,NA,0.00037358126317907,NA,NA,NA,NA,NA,0.000318577632960791,NA,NA,0.000513108760256981,NA,NA,0.00020643628921402,NA,NA,NA,NA,NA
"Q86Z14",NA,NA,NA,NA,NA,0.000846946923838582,NA,NA,NA,NA,NA,NA,NA,NA,NA,NA,NA,NA,NA,NA,NA,NA,NA,NA,NA,NA,NA,NA,NA,NA,NA,NA,NA
"Q8IUE6",NA,NA,NA,NA,NA,NA,NA,NA,NA,NA,NA,0.0242852150413771,NA,NA,NA,NA,NA,NA,NA,NA,NA,NA,NA,NA,NA,NA,NA,NA,NA,NA,NA,NA,NA
"Q8IUI8-2",NA,NA,NA,NA,NA,NA,NA,NA,NA,NA,NA,NA,NA,0.004934211,NA,NA,NA,NA,NA,NA,NA,NA,NA,NA,NA,NA,NA,NA,NA,NA,NA,NA,NA
"Q8IUL9",0.0761096608031921,0.0530632388547729,NA,0.0563766089374378,NA,NA,NA,NA,NA,NA,NA,NA,NA,NA,0.0742778240977004,NA,0.0528573203760467,0.0440354190595429,0.0458214386700305,NA,NA,0.0557742194318746,0.0563516567189358,NA,0.102814989779329,0.0972741738768889,0.0519581858437896,0.0760041480517958,NA,0.0456338886482015,0.0507031022107504,0.0426839497730793,0.039345279122791
"Q8IUX7",NA,0.00651027593468941,0.0148233906221551,0.00780644234399074,0.00843542664198707,0.00817896153928447,0.0072737798939219,0.00821576140880638,0.0119357665494959,0.000965350510943596,0.00739751310263448,0.00421722659091617,0.00564030202295693,NA,NA,0.00122527526508454,NA,0.00426711305126283,0.00408425123363549,0.00620666016510022,NA,0.00197515446673754,0.00257820723363843,NA,0.00506732038206891,NA,0.00330631131810686,0.00278375167160486,0.00316912586597168,NA,0.00140040844863551,0.00170041117723033,0.00162420248376152
"Q8IV28",NA,NA,NA,NA,NA,NA,NA,NA,NA,NA,NA,NA,NA,NA,NA,NA,NA,NA,NA,NA,NA,NA,NA,NA,0.00181675633653512,NA,NA,NA,NA,NA,NA,NA,NA
"Q8IVF2",NA,NA,NA,NA,0,NA,NA,NA,NA,NA,NA,NA,NA,NA,NA,NA,NA,NA,NA,NA,NA,NA,NA,NA,NA,NA,NA,NA,NA,NA,NA,NA,NA
"Q8IVL6",NA,NA,NA,NA,0.0016195310483975,NA,NA,0.00560007794364022,NA,NA,NA,0.00309962501055344,0.00413713044297988,0.005145798,NA,NA,NA,NA,NA,0.00189747353202144,NA,NA,NA,NA,NA,NA,NA,NA,NA,NA,NA,NA,NA
"Q8IVL6-2",NA,NA,NA,NA,NA,0.00499681061130474,NA,NA,NA,NA,NA,NA,NA,NA,NA,NA,NA,NA,NA,NA,NA,NA,NA,NA,NA,NA,NA,NA,NA,NA,NA,NA,NA
"Q8IWA0",NA,NA,NA,NA,0.00133359643294803,NA,NA,NA,NA,NA,NA,NA,NA,NA,NA,NA,NA,NA,NA,NA,NA,NA,NA,NA,NA,NA,NA,NA,NA,NA,NA,NA,NA
"Q8IWV8",NA,NA,NA,NA,NA,0.00114465418758584,NA,NA,NA,NA,0.00234876766326275,NA,NA,NA,NA,NA,NA,NA,NA,NA,NA,NA,NA,NA,NA,NA,NA,NA,NA,NA,NA,NA,NA
"Q8IXT5",NA,NA,NA,NA,NA,NA,NA,NA,NA,NA,NA,0.00304857314653124,NA,NA,NA,NA,NA,NA,NA,NA,NA,NA,NA,NA,NA,NA,NA,NA,NA,NA,NA,NA,NA
"Q8IXW6",NA,0.0018705998348716,NA,NA,NA,0.00123121012380419,NA,NA,NA,NA,NA,NA,NA,NA,NA,NA,NA,NA,NA,NA,NA,NA,NA,NA,NA,NA,NA,NA,NA,NA,NA,NA,NA
"Q8IY18",NA,NA,NA,NA,0,NA,NA,NA,NA,NA,NA,NA,NA,NA,NA,NA,NA,NA,NA,NA,NA,NA,NA,NA,NA,NA,NA,NA,NA,NA,NA,NA,NA
"Q8IY21",NA,NA,NA,NA,NA,NA,NA,NA,NA,NA,NA,NA,0.000654649293042822,NA,NA,NA,NA,NA,NA,NA,NA,NA,NA,NA,NA,NA,NA,NA,NA,NA,NA,NA,NA
"Q8IZ83",NA,NA,NA,NA,NA,NA,NA,NA,NA,NA,NA,NA,NA,NA,0.0012720793561524,NA,NA,NA,NA,NA,NA,NA,NA,NA,NA,NA,NA,NA,NA,NA,NA,NA,NA
"Q8IZI0",0.105438704974365,NA,NA,NA,NA,NA,NA,NA,NA,NA,NA,NA,NA,NA,NA,NA,NA,NA,NA,NA,NA,NA,NA,NA,0.0686495501290665,0.0773860912526027,NA,NA,0.071195193787009,0.037711849759732,NA,NA,NA
"Q8IZZ9",0.0843122362667361,NA,NA,NA,NA,NA,NA,NA,NA,NA,NA,NA,NA,NA,NA,NA,NA,NA,NA,NA,NA,NA,NA,NA,NA,NA,NA,NA,NA,NA,NA,NA,NA
"Q8N1G4",NA,0.00313186836936813,0.00664789066606928,NA,0.0139995178489523,0.00419907427555616,0.00665413356605879,0.0117326643576554,0.00555894397752599,NA,0.00488255283951152,0.0101577010724149,0.0137825542897569,0.00754386,NA,NA,0.00533256203655407,NA,0.00515819485306713,0.00349334865811065,NA,0.00356359419727574,0.00214690548303806,NA,NA,NA,0.00345358429162715,NA,NA,NA,NA,0.00438271401162152,0.00488400466666667
"Q8N2C7",NA,0.000766428779966069,NA,NA,NA,NA,NA,NA,0.00102028513349199,NA,NA,NA,NA,NA,NA,NA,NA,NA,NA,NA,NA,NA,NA,NA,NA,NA,NA,NA,NA,NA,NA,NA,NA
"Q8N355",NA,0.00503430562707787,NA,NA,0.00659013398554208,NA,NA,NA,NA,NA,NA,NA,NA,NA,NA,NA,NA,NA,NA,NA,NA,NA,NA,NA,NA,NA,NA,NA,NA,NA,NA,NA,NA
"Q8N3K9",NA,NA,NA,NA,NA,NA,NA,NA,0.000258340220624151,NA,NA,NA,0,NA,NA,NA,NA,NA,NA,NA,NA,NA,NA,NA,NA,NA,NA,NA,NA,NA,NA,NA,NA
"Q8N4S1",NA,NA,NA,NA,NA,NA,NA,NA,NA,NA,NA,NA,NA,NA,NA,NA,NA,NA,NA,NA,NA,NA,NA,NA,NA,NA,NA,NA,0.00300724279316006,NA,NA,NA,NA
"Q8N5M8",NA,NA,NA,NA,0.0112979584818258,NA,NA,NA,NA,NA,NA,NA,NA,NA,NA,NA,NA,NA,NA,NA,NA,NA,NA,NA,NA,NA,NA,NA,NA,NA,NA,NA,NA
"Q8N766",NA,NA,NA,NA,0.0016297811373408,NA,NA,0.00183482107299516,NA,NA,NA,0.00124769736476182,0.00317204909150321,0.008151132,NA,0.00120835563168664,NA,NA,NA,NA,NA,NA,NA,NA,NA,NA,NA,NA,NA,NA,NA,0.00143736879553458,NA
"Q8N9K4",NA,NA,NA,NA,NA,NA,NA,NA,NA,NA,NA,0.00489724045558898,NA,NA,NA,NA,NA,NA,NA,NA,NA,NA,NA,NA,NA,NA,NA,NA,NA,NA,NA,NA,NA
"Q8NAV1",NA,NA,NA,NA,NA,NA,NA,NA,NA,NA,NA,0.00347515681915096,0.00331311388274935,NA,NA,NA,NA,NA,NA,NA,NA,NA,NA,NA,NA,NA,NA,NA,NA,NA,NA,NA,NA
"Q8NB80",NA,NA,NA,NA,NA,NA,NA,NA,NA,NA,NA,NA,NA,0.018920435,NA,NA,NA,NA,NA,NA,NA,NA,NA,NA,NA,NA,NA,NA,NA,NA,NA,NA,NA
"Q8NBJ5",NA,0.00464138093222261,0.00798743096540411,NA,NA,0.00867200087437724,NA,0.00519932467235496,NA,NA,NA,NA,0.00460577726995523,0.003774155,NA,NA,NA,NA,0.00729209002868788,0.00200403416482857,NA,NA,0.0027711414856283,NA,NA,NA,NA,NA,NA,NA,NA,NA,NA
"Q8NBT7",NA,NA,NA,NA,NA,NA,NA,NA,NA,NA,NA,NA,NA,NA,0.0194364603933724,NA,NA,NA,NA,NA,NA,NA,NA,NA,NA,NA,0.00806119208392462,0.02668043478977,NA,NA,NA,NA,0.00836000781242782
"Q8NC51",NA,0.00749328487786629,0.00987720801780924,0.00542449305134348,0.00533240577264381,0.00327994341877176,0.0112380934389467,0.0139126531106403,0.0070413295662993,NA,0.00854925432417428,0.0129742731240691,0.0115773458928295,0.014057143,NA,0.00700040722558675,0.00833064652311781,NA,0.00653371285051508,0.00540822092811887,NA,0.00451388560705881,0.00756903489403734,NA,NA,NA,0.00658453510521952,0.00877489867154105,NA,NA,0.00384048126017571,0.00407105435967575,0.0110422434391794
"Q8NC56",NA,NA,NA,NA,NA,NA,NA,NA,NA,NA,NA,NA,0.00440806617916203,NA,NA,NA,NA,NA,NA,NA,NA,NA,NA,NA,NA,NA,NA,NA,NA,NA,NA,NA,NA
"Q8NDC0",NA,NA,NA,0.059828970798561,0.166621151701814,0.0938616585406969,0.061974777623656,0.160785831042689,0.155323446108328,NA,0.144449234209938,0.0637793523163113,0.121610776367599,0.235294118,NA,NA,0.0595992211523077,NA,0.061768295528502,NA,NA,NA,0.119974139112502,NA,NA,NA,0.0526348421145223,NA,NA,NA,NA,0.0489832729249863,NA
"Q8NDH2",NA,NA,NA,NA,0,NA,NA,0.000383306239949726,NA,NA,NA,NA,NA,NA,NA,NA,NA,NA,NA,NA,NA,NA,NA,NA,NA,NA,NA,NA,NA,NA,NA,NA,0.000390391281291068
"Q8NDL6",NA,NA,NA,NA,NA,NA,NA,NA,NA,NA,NA,NA,NA,0.003888025,NA,NA,NA,NA,NA,NA,NA,NA,NA,NA,NA,NA,NA,NA,NA,NA,NA,NA,NA
"Q8NEJ9",NA,NA,NA,NA,0.00337209514596992,NA,NA,NA,NA,NA,NA,NA,NA,NA,NA,NA,NA,NA,NA,NA,NA,NA,NA,NA,NA,NA,NA,NA,NA,NA,NA,NA,NA
"Q8NF23",NA,NA,NA,NA,NA,NA,NA,NA,NA,NA,NA,NA,NA,0.003030303,NA,NA,NA,NA,NA,NA,NA,NA,NA,NA,NA,NA,NA,NA,NA,NA,NA,NA,NA
"Q8NFF5-4",NA,NA,NA,NA,NA,NA,NA,NA,NA,NA,NA,NA,0.00310417896858969,NA,NA,NA,NA,NA,NA,NA,NA,NA,NA,NA,NA,NA,NA,NA,NA,NA,NA,NA,NA
"Q8NFG4",NA,NA,NA,NA,0.00186230123255262,NA,NA,NA,NA,NA,NA,NA,NA,NA,NA,NA,NA,NA,NA,NA,NA,NA,NA,NA,NA,NA,NA,NA,NA,NA,NA,NA,NA
"Q8NFW1",NA,NA,NA,NA,NA,NA,NA,NA,NA,NA,NA,NA,NA,NA,NA,NA,NA,0.00086904098513965,NA,NA,NA,NA,NA,0.00069515571819923,0.000721771074348893,NA,NA,NA,NA,NA,NA,NA,NA
"Q8NFW1-2",NA,NA,NA,NA,NA,NA,NA,NA,NA,NA,NA,NA,NA,NA,NA,0.000781877544054075,NA,NA,NA,NA,NA,NA,NA,NA,NA,NA,NA,NA,NA,NA,NA,NA,NA
"Q8NG19",NA,0.00379984035062207,0.00213279188417044,NA,NA,NA,NA,NA,0.00252921301406547,NA,NA,NA,NA,NA,NA,NA,NA,NA,0.00201161136827767,NA,NA,NA,NA,NA,0.00188462392537011,NA,NA,NA,NA,NA,NA,0.00319048171325636,NA
"Q8NHP8",NA,NA,NA,NA,NA,NA,NA,NA,NA,NA,NA,NA,NA,NA,NA,NA,NA,NA,NA,NA,NA,NA,NA,NA,NA,NA,NA,NA,NA,NA,NA,NA,0.00220943028484217
"Q8NI27",NA,NA,NA,NA,NA,NA,NA,NA,NA,NA,NA,NA,0.000713875686817425,NA,NA,NA,NA,NA,NA,NA,NA,NA,NA,NA,NA,NA,NA,NA,NA,NA,NA,NA,NA
"Q8TA90",NA,NA,NA,NA,NA,NA,0.00659856716597679,NA,NA,NA,NA,NA,NA,NA,NA,NA,NA,NA,NA,NA,NA,NA,NA,NA,NA,NA,NA,NA,NA,NA,NA,NA,NA
"Q8TAS6",NA,NA,NA,NA,NA,NA,NA,NA,NA,NA,NA,NA,NA,NA,NA,0.0019664062408787,NA,NA,NA,NA,NA,NA,NA,NA,NA,NA,NA,NA,NA,NA,NA,NA,NA
"Q8TBN2",NA,NA,NA,NA,NA,NA,NA,NA,NA,NA,NA,NA,NA,0.014321357,NA,NA,NA,NA,NA,NA,NA,0.0192435959915417,NA,NA,NA,0.00747898893056114,NA,NA,NA,NA,NA,NA,NA
"Q8TBP5",NA,NA,NA,NA,NA,NA,NA,NA,NA,NA,NA,NA,NA,0.018691589,NA,NA,NA,NA,0.00981365408628409,NA,NA,NA,NA,NA,NA,NA,NA,NA,NA,NA,NA,NA,NA
"Q8TBX8",NA,NA,NA,NA,NA,NA,NA,NA,NA,NA,NA,NA,NA,NA,NA,NA,NA,NA,0.00316283422931041,NA,NA,NA,NA,NA,NA,NA,NA,NA,NA,NA,NA,NA,NA
"Q8TCE1",NA,NA,NA,0.00392699825216415,NA,NA,NA,NA,NA,NA,NA,NA,NA,NA,NA,NA,NA,NA,NA,NA,NA,NA,NA,NA,NA,NA,NA,NA,NA,NA,NA,NA,NA
"Q8TCG4",NA,NA,NA,NA,NA,NA,NA,NA,NA,NA,NA,NA,NA,0.015074851,NA,NA,NA,NA,NA,NA,NA,NA,NA,NA,NA,NA,NA,NA,NA,NA,NA,NA,NA
"Q8TD55",NA,NA,NA,NA,NA,NA,NA,NA,NA,NA,NA,NA,0.00416811121385078,NA,NA,NA,NA,NA,NA,NA,NA,NA,NA,NA,NA,NA,NA,NA,NA,NA,NA,NA,NA
"Q8TE73",NA,NA,NA,NA,NA,NA,NA,NA,NA,NA,NA,NA,NA,NA,NA,NA,NA,NA,NA,0.000278857697845094,NA,NA,NA,NA,NA,NA,NA,NA,NA,NA,NA,NA,NA
"Q8TEA8",NA,NA,NA,NA,NA,NA,NA,NA,0.00497269079933167,NA,NA,NA,NA,0.005649718,NA,NA,NA,NA,NA,NA,NA,NA,NA,NA,NA,NA,NA,NA,NA,NA,NA,NA,NA
"Q8TEM1",NA,NA,NA,NA,NA,NA,NA,0.0011455817900274,NA,NA,NA,NA,NA,NA,NA,NA,NA,NA,NA,0,NA,NA,NA,NA,NA,NA,NA,NA,NA,NA,NA,NA,NA
"Q8TF72",NA,NA,NA,NA,NA,NA,NA,NA,NA,NA,NA,NA,NA,NA,NA,NA,NA,NA,NA,NA,NA,NA,NA,NA,NA,NA,NA,NA,NA,0.000534100552547899,NA,NA,NA
"Q8WU39",NA,NA,NA,NA,NA,NA,NA,NA,NA,NA,NA,NA,NA,NA,NA,0.0111117573842579,NA,NA,NA,NA,NA,NA,NA,NA,NA,NA,NA,NA,NA,NA,NA,NA,NA
"Q8WUM0",NA,NA,NA,NA,NA,NA,0.00109747037929161,NA,NA,NA,NA,NA,NA,NA,NA,NA,NA,NA,NA,NA,NA,NA,NA,NA,NA,NA,NA,NA,NA,NA,NA,NA,NA
"Q8WUM4",NA,NA,0.00209863597382434,NA,0.00128987209904283,NA,0.000719652362299012,0.00352664737415239,0.00250502692717142,NA,NA,0.00296242847947321,0.000784526440128417,0.00204918,NA,NA,NA,NA,NA,NA,NA,NA,NA,0.00129439443261921,NA,NA,NA,NA,NA,NA,NA,NA,0.00126770590113895
"Q8WUY1",NA,NA,NA,NA,NA,NA,NA,NA,NA,NA,NA,NA,NA,NA,NA,NA,NA,0.00569472272764547,NA,NA,NA,NA,NA,NA,NA,NA,NA,NA,NA,NA,NA,NA,NA
"Q8WVM8",NA,NA,NA,NA,NA,NA,0.0052243204646446,NA,NA,NA,NA,NA,NA,NA,NA,0.00173563852826634,NA,NA,NA,NA,NA,NA,0.00337117402540442,NA,NA,NA,NA,NA,NA,NA,NA,NA,0.00153382002316873
"Q8WX93",NA,NA,NA,NA,0.000928403505574349,NA,NA,NA,NA,NA,NA,0.0015991870361006,NA,0.001229105,NA,NA,NA,NA,NA,NA,NA,NA,NA,NA,NA,NA,NA,NA,NA,NA,NA,NA,NA
"Q8WXF1",NA,NA,NA,NA,0.00348837360521313,NA,NA,0.00224413704731929,NA,NA,NA,NA,NA,0.003694581,NA,NA,NA,NA,NA,NA,NA,NA,0.00251177365375197,NA,NA,NA,0.00110196090419484,NA,NA,NA,NA,NA,NA
"Q8WXV6",NA,NA,NA,NA,NA,NA,NA,NA,NA,NA,NA,NA,0.0419064165928066,NA,NA,NA,NA,NA,NA,NA,NA,NA,NA,NA,NA,NA,NA,NA,NA,NA,NA,NA,NA
"Q8WZ42",NA,NA,NA,NA,7.52516662472649e-06,NA,NA,NA,NA,NA,NA,NA,NA,NA,NA,NA,NA,NA,NA,NA,NA,NA,NA,NA,NA,NA,NA,NA,NA,NA,NA,NA,NA
"Q8WZA9",NA,NA,NA,NA,NA,NA,NA,NA,NA,NA,NA,0.00311565780047159,0.0029703779281997,0.002873563,NA,NA,NA,NA,NA,NA,NA,NA,NA,NA,NA,NA,NA,NA,NA,NA,NA,NA,NA
"Q92504",NA,NA,NA,NA,0.00555403845300624,NA,NA,NA,NA,NA,NA,NA,NA,NA,NA,NA,NA,NA,NA,NA,NA,NA,NA,NA,NA,NA,NA,NA,NA,NA,NA,NA,NA
"Q92522",NA,0.00465614226178223,0.0144244298030338,0.00955016405199176,NA,NA,NA,0.0163973029835274,0.016528942887697,NA,0.0204956663208243,0.00509037122392473,NA,0.011737089,NA,0.0123246597802102,NA,NA,0.0156112363516362,0.0103871074205921,NA,0.00794698224296308,0.0135651506392117,NA,NA,NA,NA,NA,NA,NA,NA,0.00586419508576366,0.0043566240901821
"Q92538",NA,NA,NA,NA,NA,NA,NA,NA,NA,NA,NA,NA,NA,0.001420455,NA,NA,NA,NA,NA,NA,NA,NA,NA,NA,NA,NA,NA,NA,NA,NA,NA,NA,NA
"Q92542",NA,NA,NA,NA,NA,NA,NA,NA,NA,NA,NA,NA,NA,NA,0.0105344096963954,NA,NA,NA,NA,NA,NA,NA,NA,NA,NA,NA,NA,NA,NA,NA,NA,NA,NA
"Q92598",NA,NA,NA,NA,0.000598344221131985,NA,NA,NA,NA,NA,NA,NA,NA,NA,NA,NA,NA,NA,NA,0.00140206194623419,NA,NA,NA,NA,NA,NA,NA,NA,NA,NA,NA,NA,NA
"Q92616",NA,NA,0.000211075148518515,NA,0.00044479399871299,NA,NA,NA,NA,NA,NA,0.000446928520798809,0.000426088710211624,NA,NA,NA,NA,NA,NA,NA,NA,NA,NA,NA,NA,NA,NA,NA,NA,NA,NA,0.000686492443625824,0.000191253662877813
"Q92626",NA,NA,NA,NA,NA,NA,NA,NA,NA,NA,NA,0.00270191922571894,NA,NA,NA,NA,NA,NA,NA,NA,NA,NA,NA,NA,NA,NA,NA,NA,NA,NA,NA,NA,NA
"Q92629",NA,NA,0.00354371845602377,NA,0.00326708177618715,NA,NA,NA,NA,NA,NA,NA,NA,NA,NA,NA,NA,NA,NA,NA,NA,NA,NA,NA,NA,NA,NA,NA,NA,NA,NA,NA,NA
"Q92688",NA,NA,NA,NA,0.0171670276023151,NA,NA,0.00828290637586849,NA,NA,NA,NA,NA,0.01010101,NA,NA,NA,NA,NA,NA,NA,NA,NA,NA,NA,NA,NA,NA,NA,NA,NA,NA,NA
"Q92820",NA,NA,NA,NA,NA,NA,NA,NA,NA,NA,NA,NA,NA,NA,NA,NA,NA,NA,0.0107935783911531,0.00730987046700069,NA,NA,0.00449242335411339,NA,NA,NA,NA,NA,NA,NA,NA,NA,NA
"Q92859",NA,NA,NA,NA,0.00133737506743136,NA,NA,NA,NA,NA,NA,NA,NA,NA,NA,NA,NA,NA,NA,NA,NA,NA,NA,NA,NA,NA,NA,NA,NA,NA,NA,NA,NA
"Q92878",NA,NA,NA,NA,NA,NA,NA,NA,0.000894477698130916,NA,NA,NA,NA,NA,NA,NA,NA,NA,NA,NA,NA,NA,NA,NA,NA,NA,NA,NA,NA,NA,NA,NA,NA
"Q92882",NA,NA,0.00239283807298818,NA,NA,NA,NA,NA,NA,NA,NA,NA,NA,NA,NA,NA,NA,NA,NA,0.00516928474963205,NA,NA,0.00476532774811133,0.00332066671987151,NA,NA,NA,NA,NA,NA,NA,NA,NA
"Q92900-2",NA,NA,NA,NA,NA,NA,NA,NA,NA,NA,NA,NA,NA,0.001153403,NA,NA,NA,NA,NA,NA,NA,NA,NA,NA,NA,NA,NA,NA,NA,NA,NA,NA,NA
"Q92917",NA,NA,NA,NA,NA,NA,NA,0.00191411673251592,NA,NA,NA,NA,NA,NA,NA,NA,NA,NA,NA,NA,NA,NA,NA,NA,NA,NA,NA,NA,NA,NA,NA,NA,NA
"Q92945",NA,NA,NA,NA,NA,NA,NA,NA,NA,NA,NA,NA,NA,NA,NA,NA,NA,NA,0.00358995180411106,0.00566331133923673,NA,NA,NA,NA,NA,NA,0.00641868713788247,NA,NA,NA,NA,NA,NA
"Q92973",NA,NA,0.00156118041955226,NA,NA,NA,NA,NA,NA,NA,NA,NA,NA,NA,NA,NA,NA,NA,NA,NA,NA,NA,NA,NA,NA,NA,NA,NA,NA,NA,NA,NA,NA
"Q92974",NA,NA,NA,NA,NA,NA,NA,0.00192511759189997,NA,NA,NA,NA,0.00421094739365425,NA,NA,NA,NA,NA,NA,NA,NA,NA,NA,NA,NA,NA,NA,NA,NA,NA,NA,NA,NA
"Q92990",NA,NA,NA,NA,0.00390159683900378,NA,NA,NA,NA,NA,NA,NA,NA,NA,NA,NA,NA,NA,NA,NA,NA,NA,NA,NA,NA,NA,NA,NA,NA,NA,NA,NA,NA
"Q93008-1",NA,NA,NA,NA,NA,NA,NA,NA,NA,NA,NA,NA,0.000533931687203331,0.000516529,NA,NA,NA,NA,NA,NA,NA,NA,NA,NA,NA,NA,NA,NA,NA,NA,NA,NA,NA
"Q93020",NA,NA,NA,NA,NA,NA,NA,NA,NA,NA,NA,NA,NA,0.012690355,NA,NA,NA,NA,NA,NA,NA,NA,NA,NA,NA,NA,NA,NA,NA,NA,NA,NA,NA
"Q93034",NA,NA,NA,NA,0.00121049528185661,NA,NA,0.00116810193591076,NA,NA,NA,NA,NA,NA,NA,NA,NA,NA,NA,NA,NA,NA,NA,NA,NA,NA,NA,NA,NA,NA,NA,NA,NA
"Q93084",NA,NA,NA,NA,NA,NA,NA,NA,NA,NA,NA,NA,NA,0.0025,NA,NA,0.00443269210423173,NA,0.0026251525783374,NA,NA,NA,NA,NA,NA,NA,NA,NA,NA,NA,NA,0.00312268367082666,NA
"Q96A08",NA,NA,NA,NA,NA,NA,NA,NA,NA,NA,NA,NA,NA,NA,NA,NA,NA,NA,NA,NA,NA,NA,0.0332348951205636,NA,NA,NA,NA,NA,NA,NA,NA,NA,NA
"Q96A33",NA,NA,0.00586896569902119,NA,NA,NA,NA,NA,NA,NA,NA,NA,NA,NA,NA,NA,NA,NA,NA,NA,NA,NA,NA,NA,NA,NA,NA,NA,NA,NA,NA,NA,NA
"Q96A65-2",NA,NA,NA,NA,0.00199616611005833,NA,NA,NA,NA,NA,NA,NA,NA,NA,NA,NA,NA,NA,NA,NA,NA,NA,NA,NA,NA,NA,NA,NA,NA,NA,NA,NA,NA
"Q96AG4",NA,NA,0.00945183886597872,NA,0.00410070122881841,NA,NA,0.00544099735331419,NA,NA,NA,NA,NA,0.004994571,NA,0.00627072296509518,NA,NA,NA,0.0129119875419983,NA,NA,0.00924556370928247,0.00308630905250571,NA,NA,NA,NA,NA,NA,NA,NA,NA
"Q96AL9",NA,NA,NA,NA,NA,NA,NA,NA,NA,NA,NA,NA,NA,NA,NA,NA,NA,NA,0.00700040722558675,NA,NA,NA,NA,NA,NA,NA,NA,NA,NA,NA,NA,NA,0.00618640609670328
"Q96AQ6",NA,NA,NA,NA,NA,NA,NA,NA,NA,NA,NA,NA,NA,0.006303813,NA,NA,NA,NA,NA,NA,NA,NA,NA,NA,NA,NA,NA,NA,NA,NA,NA,NA,NA
"Q96AY3",NA,NA,NA,NA,0.00651865528865898,0.0106372075712205,NA,NA,NA,NA,NA,NA,NA,NA,NA,NA,NA,NA,0.0020389539074726,0.0050836318068014,NA,NA,NA,0.00505944950492391,NA,NA,NA,NA,NA,NA,NA,NA,NA
"Q96BA4",NA,NA,0.00872841891746163,NA,NA,NA,NA,NA,NA,NA,NA,NA,NA,NA,NA,NA,NA,NA,NA,NA,NA,NA,NA,NA,NA,NA,NA,NA,NA,NA,NA,NA,NA
"Q96BG6",NA,NA,NA,NA,0.00646740484394252,NA,NA,NA,NA,NA,NA,NA,NA,NA,NA,NA,NA,NA,NA,NA,NA,NA,NA,NA,NA,NA,NA,NA,NA,NA,NA,NA,NA
"Q96BN2",NA,NA,NA,NA,0.00354957294337058,NA,NA,NA,NA,NA,NA,NA,NA,NA,NA,NA,NA,NA,NA,NA,NA,NA,NA,NA,NA,NA,NA,NA,NA,NA,NA,NA,NA
"Q96C19",NA,NA,NA,NA,NA,NA,0.0216117179897327,NA,NA,NA,NA,0.00556025112749134,NA,NA,NA,NA,NA,NA,NA,NA,NA,NA,NA,NA,NA,NA,NA,NA,NA,NA,NA,NA,NA
"Q96CE4",NA,NA,NA,NA,NA,NA,NA,0.0382273221533207,NA,NA,NA,NA,NA,NA,NA,NA,NA,NA,NA,NA,NA,NA,NA,NA,NA,NA,NA,NA,NA,NA,NA,NA,NA
"Q96CS3",NA,NA,NA,NA,NA,NA,NA,NA,NA,NA,NA,NA,NA,0.002444988,NA,NA,NA,NA,NA,NA,NA,NA,NA,NA,NA,NA,NA,NA,NA,NA,NA,NA,NA
"Q96CT7",NA,NA,NA,NA,0.00846804073302236,0.0125219026471997,NA,0.00408573867319967,0.00789386734520095,NA,NA,0.00972420639668853,0.0115884704818025,0.006726457,NA,NA,NA,NA,NA,NA,NA,NA,NA,0.00424886497977227,NA,NA,NA,NA,NA,NA,NA,NA,0.00416125956065857
"Q96CX2",NA,0.0142722905990018,0.0198109021750188,0.00408470861687254,0.0298026368540383,0.0106803762374285,0.0126936294818675,0.0353714474878445,0.023977754195998,NA,0.0147929937563912,0.0316161532058153,0.0246916020256892,0.058382737,0.00649833424019628,0.00632566845862081,0.0135634106763405,NA,0.00632566845862081,0.0236942857024094,NA,0.00830869118137072,0.0174058865280445,0.007610417137352,0.00592634656428842,NA,0.0196190357087367,0.00925064646937928,NA,NA,0.00385590463291658,0.0103114054222803,0.0265220412197312
"Q96D15",NA,0.0176897516200741,0.0247293194684177,0.0121331243888052,0.0166526045681265,0.0340476666864426,0.012929098436812,0.0319667015531132,0.0269812852523085,NA,0.00733514074176512,0.0178851577690359,0.028295031294692,0.022374429,NA,0.00659284913761677,NA,0.0175782324268106,NA,0.0205568434515016,NA,NA,NA,0.00486727818847746,NA,NA,NA,0.0131848857309934,NA,NA,NA,NA,NA
"Q96DP0",NA,NA,NA,NA,NA,NA,NA,0.00199806912487682,NA,NA,NA,NA,NA,NA,NA,NA,NA,NA,NA,NA,NA,NA,NA,NA,NA,NA,NA,NA,NA,NA,NA,NA,NA
"Q96EM0",NA,NA,NA,NA,0.00300696310877448,NA,NA,0.00290165478644779,NA,NA,NA,0.00690604483600476,0.0170087254059259,NA,NA,NA,NA,NA,NA,NA,NA,NA,NA,NA,NA,NA,NA,NA,NA,NA,NA,NA,NA
"Q96FQ7",NA,NA,NA,NA,0.0198776115042721,NA,NA,NA,NA,NA,NA,NA,NA,NA,NA,NA,NA,NA,NA,NA,NA,NA,NA,NA,NA,NA,NA,NA,NA,NA,NA,NA,NA
"Q96G03",NA,NA,NA,0,NA,NA,NA,NA,NA,NA,NA,NA,NA,0.003738318,NA,NA,NA,NA,NA,NA,NA,NA,NA,0.0017710223137646,NA,NA,NA,NA,NA,NA,NA,NA,NA
"Q96GD0",NA,NA,NA,NA,0.00360376547330694,NA,NA,0.00985307541768699,NA,NA,NA,NA,0.00591808183120662,NA,NA,NA,NA,NA,NA,NA,NA,NA,NA,NA,NA,NA,NA,NA,NA,NA,NA,NA,NA
"Q96HC4",NA,NA,NA,NA,NA,NA,NA,NA,NA,NA,NA,NA,NA,0.001243781,NA,NA,NA,NA,NA,NA,NA,NA,NA,NA,NA,NA,NA,NA,NA,NA,NA,NA,NA
"Q96HE7",NA,NA,NA,NA,NA,NA,NA,NA,NA,NA,NA,NA,NA,NA,NA,NA,NA,NA,NA,NA,NA,NA,NA,0.00325227734283873,NA,NA,NA,NA,NA,NA,NA,NA,NA
"Q96HQ2",NA,NA,NA,NA,0.00813953935635049,NA,NA,0.00785448057673723,0.0189690989257403,NA,0.0141128559806992,0.0140204606442466,0.0133667011937445,0.021551724,NA,0.00905225063221898,0.013101552528309,NA,0.00905225063221898,NA,NA,NA,0.017582416596044,NA,NA,NA,NA,NA,NA,NA,NA,0.00717858343846898,NA
"Q96HR8",NA,NA,NA,NA,0.00458342980964955,NA,NA,NA,0.00427265149567835,NA,NA,NA,0.00250895970656619,0.004854369,NA,NA,NA,NA,NA,NA,NA,NA,NA,NA,NA,NA,NA,NA,NA,NA,NA,NA,0.00450466447135389
"Q96HS1",NA,NA,NA,NA,NA,NA,NA,0.00709042560986503,NA,NA,NA,NA,NA,NA,NA,NA,NA,NA,NA,NA,NA,NA,NA,NA,NA,NA,NA,NA,NA,NA,NA,NA,NA
"Q96HY6",NA,NA,NA,NA,0.00379191352265565,NA,NA,NA,NA,NA,NA,NA,NA,NA,NA,NA,NA,NA,NA,NA,NA,NA,NA,NA,NA,NA,NA,NA,NA,NA,NA,NA,NA
"Q96I24",NA,NA,NA,NA,0.00337899054018076,NA,NA,0.00476011030473219,NA,NA,NA,NA,NA,0.004430811,0.00220597887846724,NA,NA,NA,NA,NA,NA,NA,NA,NA,NA,NA,NA,NA,NA,NA,NA,NA,0.00332092325344391
"Q96I99",NA,NA,NA,NA,NA,NA,NA,NA,NA,NA,NA,NA,NA,NA,NA,0.0026993855928866,NA,NA,NA,NA,NA,NA,NA,NA,NA,NA,NA,NA,NA,NA,NA,NA,NA
"Q96IY4",NA,0.00277027430889327,NA,0.00284104044175481,0.00263739245071292,NA,NA,NA,NA,NA,NA,NA,NA,NA,NA,NA,NA,NA,NA,NA,NA,NA,NA,NA,NA,NA,NA,NA,NA,NA,NA,NA,NA
"Q96JB2",NA,0.0012633859383268,NA,NA,NA,0.00203267309590705,NA,0.00348198610818523,0.00112123051432065,NA,NA,0.0027624181512517,0.00263360947524286,0.001273885,NA,NA,NA,NA,NA,NA,NA,NA,0.00259816637133953,NA,NA,NA,NA,NA,NA,NA,NA,0.00106078397013627,0.00118211543046906
"Q96JB2-2",NA,NA,NA,NA,0.00470915957603372,NA,NA,NA,NA,NA,NA,NA,NA,NA,NA,NA,NA,NA,NA,NA,NA,NA,NA,NA,NA,NA,NA,NA,NA,NA,NA,NA,NA
"Q96JB6",NA,NA,0.00254759811257109,NA,NA,NA,NA,NA,NA,NA,NA,NA,NA,NA,NA,NA,NA,NA,NA,NA,NA,NA,NA,NA,NA,NA,NA,NA,NA,NA,NA,NA,NA
"Q96K68",NA,NA,NA,NA,NA,NA,NA,NA,0.0129572311056902,NA,NA,NA,NA,NA,NA,NA,NA,NA,NA,NA,NA,NA,NA,NA,NA,NA,NA,NA,NA,NA,NA,NA,NA
"Q96KP4",NA,NA,0.00215607251005834,NA,NA,NA,NA,NA,NA,NA,NA,0.00228262929610181,0.00598453062817347,NA,NA,NA,NA,NA,NA,0.00310519905303769,NA,NA,0.00429381096607612,NA,NA,NA,NA,NA,NA,NA,NA,0.00262962857351604,NA
"Q96KR1",NA,NA,NA,NA,NA,NA,NA,NA,NA,NA,NA,NA,0.000696557217791669,NA,NA,NA,NA,NA,NA,NA,NA,NA,NA,NA,NA,NA,NA,NA,NA,NA,NA,NA,NA
"Q96P48",NA,NA,NA,NA,NA,NA,NA,NA,NA,NA,NA,0.000872986332655,NA,0.001610306,NA,NA,NA,NA,NA,NA,NA,NA,NA,NA,NA,NA,NA,NA,NA,NA,NA,NA,NA
"Q96P70",NA,NA,NA,NA,0.00285252723939262,NA,NA,0.00286732015127893,NA,NA,0.00247294758849494,0.00455865009456711,0.00156146765131384,0.001510574,NA,NA,NA,NA,0.00317238978469555,0.00334207543688238,NA,NA,0.00154045342702301,NA,NA,NA,NA,0.00149120253226972,NA,NA,NA,0.00125787860356675,NA
"Q96PD5",NA,NA,NA,NA,0.00175826131907977,NA,NA,NA,0.00341467340952054,NA,NA,NA,NA,NA,NA,NA,NA,NA,NA,NA,NA,NA,NA,NA,NA,NA,NA,NA,NA,NA,NA,NA,NA
"Q96PK6",NA,NA,NA,NA,0.0161643213379537,NA,NA,0.00988979718649723,NA,NA,0.00906747476399667,NA,0.00884831634621453,NA,0.00488847525664445,0.00317238978469555,0.003826233967233,NA,NA,0.00334207543688238,NA,0.00511391867774794,NA,NA,NA,NA,NA,0.00546774228926361,NA,NA,NA,0.00125787860356675,NA
"Q96QK1",NA,NA,0.00154469799860206,NA,0.00189881670231983,0.000601677446651255,NA,NA,NA,NA,NA,NA,0.00311822477001753,NA,0.00162703441996128,NA,NA,NA,NA,0.00333703436052138,NA,NA,NA,0.00214365767525423,NA,NA,0.0013496116804207,NA,NA,NA,NA,NA,NA
"Q96QV6",NA,NA,0.0274027386514658,NA,NA,NA,NA,NA,NA,NA,NA,NA,NA,NA,NA,NA,NA,NA,NA,NA,NA,0.0268879752427074,NA,NA,NA,NA,NA,NA,NA,NA,NA,NA,NA
"Q96QZ0",NA,0.00395122827805809,NA,NA,NA,0.00317858226079653,NA,NA,NA,NA,NA,NA,NA,NA,NA,NA,NA,NA,NA,0.00440727909833195,NA,NA,NA,NA,NA,NA,NA,0.00393297271469298,NA,NA,NA,NA,0.00369705548803564
"Q96RF0",NA,NA,NA,NA,0.00161307470092199,NA,NA,NA,0.00200493409804893,NA,NA,0.0018523613453904,0.00117732511244017,0.00284738,NA,NA,NA,NA,NA,NA,NA,NA,NA,NA,NA,NA,NA,NA,NA,NA,NA,NA,0.00317070865995815
"Q96RQ9",NA,NA,NA,NA,NA,NA,NA,NA,NA,NA,NA,0.00476592922806429,NA,NA,NA,NA,NA,NA,0.0057695655869751,NA,NA,NA,NA,NA,NA,NA,NA,NA,NA,NA,NA,NA,NA
"Q96S55",NA,NA,NA,NA,NA,NA,NA,0.00150184599697077,NA,NA,NA,NA,NA,0.003296703,NA,NA,NA,NA,NA,NA,NA,NA,NA,NA,NA,NA,NA,NA,NA,NA,NA,NA,NA
"Q96S59",NA,NA,NA,NA,NA,NA,NA,0.00215905122203858,NA,NA,NA,NA,0.00244950590064012,NA,NA,NA,NA,NA,NA,NA,NA,NA,NA,NA,NA,NA,NA,NA,NA,NA,NA,NA,NA
"Q96S66",NA,NA,NA,NA,NA,NA,NA,NA,NA,NA,NA,NA,NA,0.002096436,NA,NA,NA,NA,NA,NA,NA,NA,NA,NA,NA,NA,NA,NA,NA,NA,NA,NA,NA
"Q96SB0",NA,NA,NA,NA,NA,NA,NA,NA,NA,NA,NA,0.0384841463232715,0.0287136557178775,NA,NA,NA,NA,NA,NA,NA,NA,NA,0.00944240881826619,NA,NA,NA,NA,NA,NA,NA,NA,NA,NA
"Q96SB3",NA,NA,NA,NA,NA,NA,NA,NA,NA,NA,NA,0.0016680758803719,NA,NA,NA,NA,NA,NA,NA,NA,NA,NA,NA,NA,NA,NA,NA,NA,NA,NA,NA,NA,NA
"Q96SL4",NA,NA,0.00547665560946682,NA,NA,NA,NA,NA,NA,NA,NA,NA,NA,NA,NA,NA,NA,NA,NA,NA,NA,NA,NA,NA,NA,NA,NA,NA,NA,NA,NA,NA,NA
"Q96T46",NA,NA,NA,NA,NA,NA,NA,NA,NA,NA,NA,NA,NA,NA,NA,NA,NA,NA,NA,NA,NA,NA,NA,NA,NA,NA,NA,NA,NA,NA,0.081698622175779,NA,NA
"Q96T58",0.00574727420521709,NA,NA,NA,NA,NA,NA,NA,NA,NA,NA,NA,NA,NA,NA,NA,NA,NA,NA,NA,NA,NA,NA,NA,NA,NA,NA,NA,NA,NA,NA,NA,NA
"Q96TA1",NA,NA,0.0017358209584197,NA,0.00320063276093641,0.00135224402834843,NA,0.0048901908657941,NA,NA,NA,NA,0.00540206091831446,0.001694915,NA,NA,NA,0.00200763089064924,NA,NA,NA,NA,NA,NA,NA,NA,0.00227489584059509,NA,NA,NA,NA,0.00141138223838378,NA
"Q96TC7",NA,NA,NA,NA,NA,NA,NA,NA,NA,NA,NA,NA,NA,0.001278772,NA,NA,NA,NA,NA,NA,NA,NA,NA,NA,NA,NA,NA,NA,NA,NA,NA,NA,NA
"Q99436",NA,NA,NA,NA,0.00458342980964955,NA,NA,0.00663436646103534,NA,NA,NA,NA,NA,0.004854369,NA,NA,NA,NA,NA,NA,NA,NA,NA,NA,NA,NA,NA,NA,NA,NA,NA,NA,NA
"Q99459",NA,NA,NA,NA,0.00192429274320671,NA,NA,NA,NA,NA,NA,NA,NA,NA,NA,NA,NA,NA,NA,NA,NA,NA,NA,NA,NA,NA,NA,NA,NA,NA,NA,NA,NA
"Q99523-2",NA,NA,NA,NA,NA,NA,NA,NA,NA,NA,NA,NA,NA,NA,NA,NA,NA,NA,NA,0.00105757843885656,NA,NA,NA,NA,NA,NA,NA,NA,NA,NA,NA,NA,NA
"Q99529",NA,NA,NA,NA,NA,NA,NA,NA,NA,NA,NA,NA,NA,NA,NA,NA,NA,NA,NA,NA,NA,NA,NA,NA,NA,NA,NA,NA,NA,0.00335481778731247,NA,NA,NA
"Q99536",NA,NA,NA,NA,NA,NA,NA,NA,NA,NA,NA,NA,NA,NA,NA,NA,NA,NA,NA,NA,NA,NA,NA,NA,NA,NA,NA,NA,NA,NA,NA,0.00387911007251303,NA
"Q99584",NA,NA,NA,NA,NA,NA,NA,NA,NA,NA,NA,NA,NA,NA,NA,NA,NA,NA,NA,NA,NA,NA,NA,0.04350750929623,NA,NA,NA,NA,NA,NA,NA,NA,NA
"Q99598",NA,NA,NA,NA,NA,NA,NA,NA,NA,NA,NA,NA,NA,NA,NA,NA,NA,NA,NA,0.00381457595562714,NA,NA,NA,NA,NA,NA,NA,NA,NA,NA,NA,NA,NA
"Q99613",NA,NA,NA,NA,NA,NA,NA,NA,NA,NA,NA,0.000705891635483413,NA,0,NA,NA,NA,NA,NA,NA,NA,NA,NA,NA,NA,NA,NA,NA,NA,NA,NA,NA,NA
"Q99645",NA,NA,0.011232839518708,NA,NA,NA,NA,NA,NA,NA,NA,NA,NA,NA,NA,NA,NA,NA,NA,NA,NA,NA,NA,NA,NA,NA,NA,NA,NA,NA,NA,NA,NA
"Q99674",NA,NA,0.00219771381960445,NA,NA,NA,NA,0.00391038457372517,NA,NA,NA,NA,NA,NA,NA,NA,NA,NA,NA,NA,NA,NA,NA,NA,NA,NA,NA,NA,NA,NA,NA,NA,0.00398266421198261
"Q99714",NA,NA,NA,NA,0.00753661016544063,0.00152839880188879,NA,0.0129827497562328,NA,NA,0.0033975391147541,0.00502461694350367,0.00687430341200049,0.01046646,NA,0.00519666173882803,NA,NA,0.0129938489746256,0.0110905261846517,NA,0.00360303765818163,0,0.0078655553062083,NA,NA,0.0052567617262147,NA,NA,NA,NA,0.00638096259379707,NA
"Q99741",NA,NA,NA,0.00192996660309696,NA,NA,NA,NA,NA,NA,NA,NA,NA,NA,NA,NA,NA,NA,NA,NA,NA,NA,NA,NA,NA,NA,NA,NA,NA,NA,NA,NA,NA
"Q99832",NA,NA,NA,NA,NA,0.0039032490788523,NA,0.00267451993158861,NA,NA,NA,NA,0.00202287967079776,NA,0.00316650777040924,NA,NA,NA,0.00445231337603386,0.00432965515094306,NA,NA,NA,NA,NA,NA,NA,0.00193185128429169,NA,NA,NA,NA,NA
"Q99943",NA,NA,NA,NA,NA,NA,NA,0.00417944824653985,NA,NA,NA,NA,NA,NA,NA,NA,NA,NA,NA,NA,NA,NA,NA,NA,NA,NA,NA,NA,NA,NA,NA,NA,NA
"Q99963",NA,NA,NA,NA,NA,NA,NA,NA,NA,NA,NA,NA,NA,NA,NA,NA,0.00331106801065933,NA,NA,NA,NA,NA,NA,NA,NA,NA,NA,NA,NA,NA,NA,NA,0.00606510397998515
"Q99972",NA,NA,NA,0.00238754126727107,NA,NA,NA,NA,NA,NA,NA,NA,NA,NA,NA,NA,NA,NA,NA,NA,NA,NA,NA,NA,NA,NA,NA,NA,NA,NA,NA,NA,NA
"Q99983",NA,NA,NA,NA,0.0158877539970442,0.00894995002437717,0.00253262297968411,NA,NA,0.0119322851725223,NA,NA,NA,NA,NA,0.0129013911008165,NA,NA,NA,NA,NA,NA,NA,0.0265290446286107,0.0144518023010688,NA,NA,NA,0.00851570074722493,NA,NA,NA,NA
"Q9BPX3",NA,NA,NA,NA,0.0022696790075511,NA,NA,NA,NA,NA,NA,NA,NA,NA,NA,NA,NA,NA,NA,NA,NA,NA,NA,NA,NA,NA,NA,NA,NA,NA,NA,NA,NA
"Q9BQE5",NA,NA,NA,NA,NA,NA,NA,NA,NA,NA,NA,NA,0.018862985168561,NA,NA,NA,NA,NA,NA,NA,NA,NA,NA,NA,NA,NA,NA,NA,NA,NA,NA,NA,NA
"Q9BQG0",NA,NA,NA,NA,NA,NA,NA,NA,NA,NA,NA,NA,NA,NA,NA,NA,NA,NA,NA,NA,NA,NA,0.000835200987959061,NA,NA,NA,NA,NA,NA,NA,NA,NA,NA
"Q9BR23",NA,NA,NA,NA,NA,NA,NA,0.00216933229685137,NA,NA,NA,NA,NA,NA,NA,NA,NA,NA,NA,NA,NA,NA,NA,NA,NA,NA,NA,NA,NA,NA,NA,NA,NA
"Q9BR76",NA,0.0028335950968799,0.00292609877227008,NA,0.00539535185587727,0.00455899506451653,NA,NA,NA,NA,NA,NA,0.00886021413650261,0.008571429,NA,0.00600034905050293,NA,0.00338429274966723,NA,0.00474097246771854,NA,NA,NA,NA,0.00281078183377734,NA,NA,NA,0.00506075987813456,NA,NA,NA,NA
"Q9BRF8",NA,NA,NA,NA,NA,0.00508168234085559,NA,0.00580331048401528,0.00560615433193563,NA,NA,0.00690604483600476,0.00987603424004621,0.006369427,0.0034354249223615,NA,NA,NA,0.00334414301728586,NA,NA,NA,NA,NA,NA,NA,NA,NA,NA,NA,NA,0.00530392151611265,NA
"Q9BRK3",NA,NA,NA,NA,0.00428467502952874,0.00658270700017283,NA,NA,NA,NA,0.00405220620509365,NA,0.00383796355557639,0.002887789,NA,NA,NA,NA,NA,0.00638910022534423,NA,NA,NA,0.00429969723968764,NA,NA,NA,NA,NA,NA,NA,NA,NA
"Q9BRP8",NA,NA,NA,NA,NA,NA,NA,0.00789988167190929,NA,NA,NA,NA,NA,0.00867052,NA,NA,NA,NA,NA,NA,NA,NA,NA,NA,NA,NA,NA,NA,NA,NA,NA,NA,NA
"Q9BRR6",NA,NA,NA,NA,NA,NA,NA,NA,NA,NA,NA,NA,NA,NA,NA,NA,0.00284603048255401,NA,NA,NA,NA,NA,NA,NA,NA,NA,NA,NA,NA,NA,NA,NA,NA
"Q9BS26",NA,NA,0.00701461992360587,NA,0.0123951428826954,NA,NA,0.0109209550965672,0.00753566962916613,NA,NA,0.00556977191793371,0.0212402380939139,0.01369863,NA,NA,NA,NA,0.0101889479990053,0.00378844908674542,NA,NA,0.0034923983548517,NA,NA,NA,0.00459653563210244,NA,NA,NA,NA,0.00665412080515501,0.00794487059866693
"Q9BSJ8",NA,NA,NA,0.00170653070325494,NA,0.000892420503861047,NA,NA,NA,NA,NA,NA,NA,0.001677852,0.00386120250231319,0.00293641271930674,0.00113331829523344,NA,0.000587282333849142,0.0022685485236136,NA,0.00273492379281787,NA,NA,NA,NA,NA,NA,NA,NA,NA,NA,NA
"Q9BT09",NA,NA,NA,NA,NA,NA,NA,NA,NA,NA,NA,0.00888728652266864,NA,0.004098361,NA,NA,NA,NA,NA,NA,NA,NA,NA,NA,NA,NA,NA,NA,NA,NA,NA,NA,NA
"Q9BTV4",NA,NA,0.0114428434225195,0.00852312132526444,0.00263739245071292,0.00222855885717547,NA,NA,NA,NA,NA,0.00302862838623203,0.00433110990710584,NA,NA,NA,NA,NA,NA,NA,NA,NA,NA,NA,NA,NA,NA,NA,NA,NA,NA,NA,NA
"Q9BTY7",NA,NA,0.00430308655029536,NA,NA,NA,NA,NA,NA,NA,NA,NA,0.00892777518562845,0.00280112,NA,NA,NA,NA,NA,NA,NA,NA,NA,NA,NA,NA,NA,NA,NA,NA,NA,NA,NA
"Q9BU89",NA,NA,NA,NA,NA,NA,NA,0.0045254286453113,NA,NA,NA,NA,NA,NA,NA,NA,NA,NA,NA,NA,NA,NA,NA,NA,NA,NA,NA,NA,NA,NA,NA,NA,NA
"Q9BUF5",NA,NA,NA,NA,NA,0.0120229594137936,NA,NA,NA,NA,NA,NA,0.00879355653383305,0.014508929,NA,NA,NA,NA,NA,NA,NA,NA,NA,0.0114549141377512,0.00614858495395867,NA,NA,NA,NA,NA,NA,NA,NA
"Q9BUH6",NA,NA,NA,NA,NA,NA,NA,0.00893254657398037,NA,NA,NA,NA,0.0126677892264935,NA,NA,NA,NA,NA,NA,NA,NA,NA,NA,NA,NA,NA,NA,NA,NA,NA,NA,NA,NA
"Q9BUM6",NA,0.0116075492838225,NA,NA,NA,NA,NA,NA,NA,NA,NA,NA,NA,NA,NA,NA,NA,NA,NA,NA,NA,NA,NA,NA,NA,NA,NA,NA,0.00273343520136585,NA,NA,NA,NA
"Q9BV20",NA,NA,NA,NA,0.00794769764930593,NA,NA,0.00306774279846694,NA,NA,NA,NA,NA,NA,NA,NA,NA,NA,NA,NA,NA,NA,NA,NA,NA,NA,NA,NA,NA,NA,NA,NA,NA
"Q9BVC6",NA,0.0134933091350639,0.027867605599294,0.0138379931628977,0.0128460750380241,0.0217094989395231,0.0107507271929155,0.0309904659391896,0.0209563381625891,0.0144718088700718,0.0194891825753033,0.018439609094366,0.0304716343440398,0.017006803,0.00733825536658153,0.0178581810978905,NA,0.0161156787450324,0.028573088916576,0.00752535352722341,NA,0.0230300283080525,0.0138745601043463,0.019336670693047,0.0200770118335578,NA,0.0182610675628189,0.00671548350595495,0.03012356969103,NA,0.0130628612593519,0.0113294644180745,0.0094689887909596
"Q9BVJ7",NA,NA,NA,NA,NA,NA,NA,NA,NA,NA,NA,NA,0.00689127766172425,NA,NA,NA,NA,NA,NA,NA,NA,NA,NA,NA,NA,NA,NA,NA,NA,NA,NA,NA,NA
"Q9BVK6",NA,NA,NA,NA,NA,NA,NA,NA,NA,NA,NA,NA,NA,NA,NA,0.0067025175117294,NA,NA,0.00446834465779925,NA,NA,NA,NA,NA,NA,NA,NA,NA,NA,NA,NA,NA,NA
"Q9BW19",NA,NA,NA,NA,NA,NA,NA,NA,NA,NA,NA,NA,NA,NA,NA,NA,NA,NA,NA,NA,NA,NA,NA,NA,NA,NA,NA,NA,NA,NA,0.0050444145280219,NA,NA
"Q9BW30",NA,NA,NA,NA,NA,0.00906618262350928,0.00598619996172086,NA,0.0150028332828155,NA,NA,NA,NA,0.017045455,NA,NA,NA,NA,NA,NA,NA,NA,NA,NA,NA,NA,NA,NA,0.0201280205920829,NA,NA,NA,NA
"Q9BWD1",NA,NA,NA,NA,0.00426590271298761,NA,NA,0.00548867260328355,NA,NA,NA,NA,NA,0.00753012,NA,NA,NA,NA,NA,NA,NA,NA,NA,NA,NA,NA,NA,NA,NA,NA,NA,NA,0.00279506267686131
"Q9BWM7",NA,NA,NA,NA,0.000813953935635049,NA,NA,NA,NA,NA,NA,NA,NA,NA,NA,NA,NA,NA,NA,NA,NA,NA,NA,NA,NA,NA,NA,NA,NA,NA,NA,NA,NA
"Q9BWU5",NA,NA,NA,NA,NA,NA,NA,NA,NA,NA,NA,NA,NA,NA,NA,NA,NA,NA,NA,NA,NA,NA,NA,NA,NA,0.0391508423461346,NA,NA,NA,NA,NA,NA,NA
"Q9BXJ0",NA,0.0122439288065222,0.0126436360254774,NA,NA,0.0131329066575379,NA,NA,NA,NA,0.0269480055665384,0.00446192966279267,NA,NA,NA,NA,NA,NA,NA,0.00910474918994863,NA,NA,NA,0.0116974922880156,0.0121453529833286,0.00822381030944481,NA,NA,NA,NA,NA,NA,NA
"Q9BXJ4",NA,NA,0.00793902729562846,NA,NA,NA,NA,NA,NA,NA,NA,0.00840503100105065,NA,NA,NA,NA,NA,NA,NA,NA,NA,NA,NA,NA,NA,NA,NA,NA,NA,NA,NA,NA,NA
"Q9BXM0",NA,NA,NA,NA,NA,NA,NA,NA,NA,NA,NA,NA,NA,NA,0.000887107730760223,NA,NA,NA,NA,NA,NA,NA,NA,NA,NA,NA,NA,NA,NA,NA,NA,NA,NA
"Q9BXN1",NA,0.00525498076003819,0.0054265313936991,0.0123812044401814,0.00591253569147246,0.00307446701404054,0.00304500311378623,NA,0.00496047409253414,0.00461132053791912,NA,NA,NA,NA,NA,NA,NA,NA,NA,0.0118600442233926,NA,NA,NA,NA,NA,NA,NA,NA,NA,NA,NA,NA,NA
"Q9BXW7",NA,NA,NA,NA,NA,NA,NA,NA,NA,NA,NA,NA,NA,0.00265252,NA,NA,NA,NA,NA,NA,NA,NA,NA,NA,NA,NA,NA,NA,NA,NA,NA,NA,NA
"Q9BXX0",NA,NA,NA,NA,NA,NA,NA,0.00207781032193599,NA,NA,NA,0.00309078946547715,NA,NA,NA,NA,NA,NA,NA,NA,NA,NA,NA,NA,NA,NA,NA,NA,NA,NA,NA,NA,NA
"Q9BY32",NA,NA,NA,NA,NA,NA,NA,NA,NA,NA,NA,NA,0.00799246105108712,NA,NA,NA,NA,NA,NA,NA,NA,NA,NA,NA,NA,NA,NA,NA,NA,NA,NA,NA,NA
"Q9BY74",NA,NA,NA,NA,0.0155148022070275,NA,NA,NA,NA,NA,NA,NA,NA,NA,NA,NA,NA,NA,NA,NA,NA,NA,NA,NA,NA,NA,NA,NA,NA,NA,NA,NA,NA
"Q9BYK2",NA,NA,NA,NA,NA,NA,NA,0.0419897345082297,NA,NA,NA,NA,NA,NA,NA,NA,NA,NA,NA,NA,NA,0.0170980513709089,NA,NA,NA,NA,NA,NA,NA,NA,NA,NA,0.021090019982795
"Q9BYX7",NA,NA,NA,NA,NA,NA,NA,NA,NA,NA,NA,NA,NA,NA,NA,NA,NA,NA,NA,NA,0.00661553213397956,NA,NA,NA,NA,NA,NA,NA,NA,NA,NA,NA,NA
"Q9BZJ0-3",NA,NA,0.000787526672873909,NA,NA,NA,NA,NA,NA,NA,NA,NA,NA,NA,NA,NA,NA,NA,NA,NA,NA,NA,NA,NA,NA,NA,NA,NA,NA,NA,NA,NA,NA
"Q9C005",NA,NA,NA,NA,0.00953723755684172,NA,NA,NA,NA,NA,NA,NA,NA,NA,NA,NA,NA,NA,NA,NA,NA,NA,NA,NA,NA,NA,NA,NA,NA,NA,NA,NA,NA
"Q9C099-2",NA,NA,NA,NA,NA,NA,NA,NA,NA,NA,NA,NA,NA,NA,NA,NA,NA,NA,0.0017598791871747,NA,NA,NA,NA,NA,NA,NA,NA,NA,NA,NA,NA,NA,NA
"Q9C0C2",NA,NA,NA,NA,NA,NA,NA,NA,NA,NA,NA,0.00202890852531754,NA,NA,NA,NA,NA,NA,NA,NA,NA,NA,NA,NA,NA,NA,NA,NA,NA,NA,NA,NA,NA
"Q9C0E8",NA,NA,NA,NA,0.00816299578225489,NA,NA,NA,NA,NA,NA,NA,0.00297893792831921,0.008645533,NA,NA,NA,NA,0.00302611208278647,NA,NA,NA,NA,NA,NA,NA,NA,NA,NA,NA,NA,NA,NA
"Q9C0H2",NA,NA,NA,NA,NA,NA,NA,NA,NA,NA,NA,NA,NA,NA,NA,NA,NA,NA,0.00364604501434394,NA,NA,NA,NA,NA,NA,NA,NA,NA,NA,NA,NA,NA,NA
"Q9C0H5-2",NA,NA,NA,NA,NA,NA,NA,NA,NA,NA,NA,NA,0.00111149653043186,NA,NA,NA,NA,NA,NA,NA,NA,NA,NA,NA,NA,NA,NA,NA,NA,NA,NA,NA,NA
"Q9GZP4",NA,NA,NA,NA,0.00894963534583389,NA,NA,NA,NA,NA,NA,NA,0.00489901180128025,NA,NA,NA,NA,NA,NA,NA,NA,NA,NA,NA,NA,NA,NA,NA,NA,NA,NA,NA,NA
"Q9H0D6",NA,NA,NA,NA,0.00168204280582828,NA,NA,0.00162313516394648,NA,NA,NA,0.00386311954249872,NA,0.000791766,NA,0.00187065537567539,NA,NA,NA,0.00131380826376678,NA,NA,0.00121113989231711,NA,NA,NA,NA,NA,NA,NA,NA,NA,NA
"Q9H0L4",NA,NA,NA,NA,0.00127730875310699,NA,NA,NA,NA,NA,NA,NA,0.00149161800899096,0.002525253,NA,NA,NA,NA,NA,NA,NA,NA,NA,NA,NA,NA,NA,NA,NA,NA,NA,NA,NA
"Q9H1E3",NA,NA,NA,NA,NA,NA,NA,0.00749892795428773,NA,NA,NA,NA,NA,0.008230453,NA,NA,NA,NA,NA,NA,NA,NA,NA,NA,NA,NA,NA,NA,NA,NA,NA,NA,NA
"Q9H1L0",NA,NA,NA,NA,NA,NA,NA,0,NA,NA,NA,NA,NA,NA,NA,NA,NA,NA,NA,NA,NA,NA,NA,NA,NA,NA,NA,NA,NA,NA,NA,NA,NA
"Q9H223",NA,0.00318551852281191,0.00328951085809935,0.0021779286717419,NA,NA,NA,NA,NA,NA,NA,NA,0.00627150512318358,0.004282655,NA,NA,NA,NA,NA,0.00454018895164437,NA,0.000805475803266002,NA,NA,NA,NA,NA,NA,NA,NA,NA,NA,NA
"Q9H299",NA,NA,NA,NA,NA,NA,NA,0.032521911482194,NA,NA,NA,NA,0.0574273114357551,NA,NA,NA,NA,NA,NA,NA,NA,NA,NA,NA,NA,NA,NA,NA,NA,NA,NA,0.076332267786668,NA
"Q9H2D6",NA,NA,NA,NA,NA,NA,NA,NA,NA,NA,NA,NA,NA,0.000973236,NA,NA,NA,NA,NA,NA,NA,NA,NA,NA,NA,NA,NA,NA,NA,NA,NA,NA,NA
"Q9H2P1",NA,NA,NA,NA,NA,NA,NA,NA,NA,NA,NA,NA,NA,NA,NA,NA,NA,NA,NA,NA,NA,NA,NA,NA,NA,NA,NA,0.00628774602999067,NA,NA,NA,NA,NA
"Q9H2U2",NA,NA,NA,NA,NA,NA,NA,NA,NA,NA,NA,NA,NA,NA,NA,NA,NA,NA,NA,0.00331205686147487,NA,NA,NA,NA,NA,NA,NA,NA,NA,NA,NA,NA,NA
"Q9H369",NA,NA,NA,NA,NA,NA,NA,NA,NA,NA,NA,0.0236994310885327,NA,NA,NA,NA,NA,NA,NA,NA,NA,NA,NA,NA,0.00537581210524689,NA,NA,NA,NA,NA,NA,NA,NA
"Q9H3H3",NA,NA,NA,NA,NA,NA,NA,0.00759266395009952,NA,NA,NA,0.0090354079466423,0.00861409630188662,0.008333333,NA,NA,NA,NA,NA,NA,NA,NA,NA,NA,NA,NA,NA,NA,NA,NA,NA,NA,NA
"Q9H3N1",NA,NA,NA,NA,NA,NA,0.0165482388693121,NA,NA,NA,NA,NA,NA,NA,NA,NA,NA,NA,NA,NA,NA,NA,NA,NA,NA,NA,NA,NA,NA,NA,NA,NA,NA
"Q9H3P7",NA,NA,NA,NA,NA,NA,NA,0.00463674196257722,0.0044792177001677,NA,NA,0.00275890301600353,0.00789077577494216,0.009754029,NA,NA,NA,NA,NA,NA,NA,NA,NA,NA,NA,NA,NA,NA,NA,NA,NA,NA,0.00236122333976458
"Q9H3S7",NA,NA,NA,NA,NA,NA,NA,NA,NA,NA,NA,NA,NA,NA,NA,NA,NA,NA,NA,0.0014632628478352,NA,NA,NA,NA,NA,NA,NA,NA,NA,NA,NA,NA,NA
"Q9H444",NA,NA,NA,NA,NA,NA,NA,NA,NA,NA,NA,NA,NA,NA,NA,NA,NA,NA,NA,NA,NA,NA,NA,NA,NA,NA,NA,0.00855933001633501,NA,NA,NA,NA,NA
"Q9H4A3-4",NA,NA,NA,NA,0.00139260525836152,NA,NA,NA,NA,NA,NA,NA,NA,0.002949853,NA,NA,NA,NA,0.00309752568346653,NA,NA,NA,NA,NA,NA,NA,NA,NA,NA,NA,NA,NA,NA
"Q9H4A4",NA,NA,NA,NA,NA,NA,NA,NA,NA,NA,NA,NA,NA,NA,0.00428064905373285,NA,NA,NA,NA,NA,NA,NA,NA,NA,NA,NA,NA,NA,NA,NA,NA,NA,NA
"Q9H4B7",NA,NA,NA,NA,NA,NA,NA,NA,NA,NA,NA,NA,NA,NA,NA,NA,0.00575288763264574,NA,NA,NA,NA,0.0113295560857389,NA,NA,NA,NA,NA,NA,NA,0.00856086372604628,NA,0.00889219482411263,NA
"Q9H5N1",NA,NA,NA,NA,NA,NA,NA,NA,NA,NA,NA,NA,NA,0.002309469,NA,NA,NA,NA,NA,NA,NA,NA,NA,NA,NA,NA,NA,NA,NA,NA,NA,NA,NA
"Q9H5W7",NA,NA,NA,NA,NA,NA,NA,0.00767797482194871,NA,NA,NA,NA,NA,NA,NA,NA,NA,NA,NA,NA,NA,NA,NA,NA,NA,NA,NA,NA,NA,NA,NA,NA,NA
"Q9H6X9",NA,NA,NA,0.00352172757035255,NA,NA,NA,NA,NA,NA,NA,NA,NA,NA,NA,NA,NA,NA,NA,NA,NA,NA,NA,NA,NA,NA,NA,NA,NA,NA,NA,NA,NA
"Q9H7K8",NA,NA,NA,NA,NA,NA,NA,0.00990347491559061,NA,NA,NA,NA,NA,NA,NA,NA,NA,NA,NA,NA,NA,NA,NA,NA,NA,NA,NA,NA,NA,NA,NA,NA,NA
"Q9H8K1",NA,NA,NA,NA,NA,NA,NA,NA,NA,NA,NA,NA,NA,NA,NA,NA,NA,NA,NA,NA,NA,NA,0.00424908442712086,NA,NA,NA,NA,NA,NA,NA,NA,NA,NA
"Q9H8K7",NA,NA,NA,NA,NA,NA,NA,NA,NA,NA,NA,NA,NA,NA,NA,NA,NA,NA,NA,NA,NA,NA,NA,NA,NA,0.00744165408736206,NA,NA,0.00855684016829331,NA,NA,NA,NA
"Q9H8Y8",NA,NA,NA,NA,0.00874246760307382,NA,0,0.0161695631451805,NA,NA,NA,NA,NA,0.020061728,NA,NA,NA,NA,NA,NA,NA,NA,NA,NA,NA,NA,NA,NA,NA,NA,NA,NA,NA
"Q9H9A6",NA,NA,NA,NA,0.00170123717374723,NA,NA,NA,NA,NA,NA,NA,NA,NA,NA,NA,NA,NA,NA,NA,NA,NA,NA,NA,NA,NA,NA,NA,NA,NA,NA,NA,0.00167200174807774
"Q9HAM7",NA,NA,NA,NA,0.00228969387356251,NA,NA,0.00120518450812635,NA,NA,NA,NA,NA,NA,NA,NA,NA,NA,NA,NA,NA,NA,NA,NA,NA,NA,NA,NA,NA,NA,NA,NA,NA
"Q9HBR0",NA,NA,NA,NA,NA,NA,NA,NA,NA,NA,NA,NA,NA,0.001750381,NA,NA,NA,NA,NA,NA,NA,NA,NA,NA,NA,NA,NA,NA,NA,NA,NA,NA,NA
"Q9HC35",NA,NA,NA,NA,NA,NA,NA,NA,NA,NA,NA,NA,0.00238177739347547,NA,0.00248553763826897,NA,NA,NA,NA,NA,NA,NA,NA,NA,NA,NA,NA,NA,NA,NA,NA,NA,NA
"Q9HCB6",NA,NA,NA,NA,NA,NA,NA,NA,0.00254383257457749,NA,NA,NA,NA,NA,NA,NA,NA,NA,NA,NA,NA,NA,NA,NA,NA,NA,NA,NA,NA,NA,NA,NA,NA
"Q9HCC1",NA,NA,NA,NA,0.00948401659484223,NA,NA,NA,0.0163721386394189,NA,NA,NA,NA,NA,NA,NA,NA,NA,NA,NA,NA,NA,NA,NA,NA,NA,NA,NA,NA,NA,NA,NA,NA
"Q9HCD5",NA,NA,NA,NA,0.00220090068413685,NA,NA,0.00389367372711568,NA,NA,NA,NA,NA,NA,0.00377176013892359,NA,NA,NA,NA,NA,NA,NA,NA,NA,NA,NA,NA,NA,NA,NA,NA,NA,0.0021630786394802
"Q9HCU0",NA,NA,NA,NA,NA,NA,NA,NA,NA,NA,NA,NA,NA,NA,NA,NA,NA,NA,NA,NA,NA,0.00293872798491938,NA,NA,NA,NA,NA,NA,NA,NA,NA,NA,NA
"Q9HDB9",0.00117904945892205,NA,NA,NA,NA,NA,NA,NA,NA,NA,NA,NA,NA,NA,NA,NA,NA,NA,NA,NA,NA,NA,NA,NA,NA,NA,NA,NA,NA,NA,NA,NA,NA
"Q9NPR7",NA,NA,NA,NA,NA,NA,NA,NA,NA,NA,NA,0.0228262951295161,NA,NA,NA,NA,NA,NA,NA,NA,NA,NA,NA,NA,NA,NA,NA,NA,NA,NA,NA,NA,NA
"Q9NQ39",NA,NA,NA,NA,NA,NA,NA,NA,NA,NA,NA,NA,NA,NA,NA,NA,NA,NA,0.0119325113378751,NA,NA,NA,NA,NA,NA,NA,NA,NA,NA,NA,NA,NA,NA
"Q9NQC3",NA,NA,NA,NA,NA,NA,NA,0.00110707149322553,NA,NA,NA,NA,NA,0.002430134,NA,NA,NA,NA,NA,NA,NA,NA,NA,NA,NA,NA,NA,NA,NA,NA,NA,NA,NA
"Q9NQG5",NA,NA,NA,NA,NA,NA,NA,NA,NA,NA,NA,NA,NA,NA,NA,0.00405428984222841,NA,NA,NA,NA,NA,NA,NA,NA,NA,NA,NA,NA,NA,NA,NA,NA,NA
"Q9NQT5",NA,0.00416705172973612,NA,NA,NA,NA,0.00885353935950193,0.0153129365934865,0.00369817758168225,NA,0.00687853468952942,0.00911133573540191,0.0130297260024681,0.012605042,0.00453245225651818,NA,NA,NA,NA,0.00464801289566595,NA,NA,0.00856958100097148,NA,NA,NA,0.00375963189917742,0.00414779901348068,NA,NA,NA,0.00349880550632604,NA
"Q9NQT5-2",NA,NA,NA,NA,NA,NA,NA,NA,NA,NA,NA,NA,NA,NA,NA,NA,NA,NA,0.0165363936733549,NA,NA,NA,NA,NA,NA,NA,NA,NA,NA,NA,NA,NA,NA
"Q9NQW7",NA,NA,NA,NA,NA,NA,NA,NA,NA,NA,NA,NA,NA,0.001904762,NA,NA,NA,NA,NA,NA,NA,NA,NA,NA,NA,NA,NA,NA,NA,NA,NA,NA,NA
"Q9NR12",NA,NA,NA,NA,NA,NA,NA,NA,NA,NA,NA,NA,NA,0.004201681,NA,NA,NA,NA,NA,NA,NA,NA,NA,NA,NA,NA,NA,NA,NA,NA,NA,NA,NA
"Q9NR30",NA,NA,NA,NA,NA,NA,NA,NA,NA,NA,NA,NA,NA,NA,NA,NA,NA,NA,NA,0.00147496894176806,NA,NA,NA,NA,NA,NA,NA,NA,NA,NA,NA,NA,NA
"Q9NR33",NA,NA,NA,NA,NA,NA,0.0180097644646583,NA,NA,NA,NA,NA,NA,NA,NA,NA,NA,NA,NA,NA,NA,NA,NA,NA,NA,NA,NA,NA,NA,NA,NA,NA,NA
"Q9NR61",NA,NA,NA,NA,0.00198358482457847,NA,NA,NA,NA,NA,NA,NA,NA,NA,NA,NA,NA,NA,NA,NA,NA,NA,NA,NA,NA,NA,NA,NA,NA,NA,NA,NA,NA
"Q9NR99",NA,NA,0.00122134800689046,0.00124642144454418,0.00107027130808773,0.000694318387252839,NA,NA,0.00113931088831451,NA,NA,NA,NA,NA,NA,NA,NA,NA,NA,NA,NA,NA,NA,NA,NA,NA,NA,NA,NA,NA,NA,NA,NA
"Q9NRF9",NA,NA,NA,NA,NA,NA,NA,NA,NA,NA,NA,NA,0.00703191553834059,NA,NA,NA,NA,NA,NA,NA,NA,NA,NA,NA,NA,NA,NA,NA,NA,NA,NA,NA,NA
"Q9NRN5",NA,NA,NA,NA,NA,0.00460676877140891,0.00473160734463647,NA,NA,NA,NA,NA,NA,NA,NA,NA,NA,NA,NA,NA,NA,NA,NA,NA,NA,NA,NA,NA,NA,NA,NA,NA,NA
"Q9NRR5",NA,NA,NA,NA,NA,NA,0.00719161292750118,0.00284577672572518,NA,NA,NA,0.00365144920056382,0.0102898768059014,NA,NA,NA,NA,NA,NA,NA,NA,NA,NA,NA,NA,NA,NA,NA,NA,NA,NA,NA,NA
"Q9NRX4",NA,NA,NA,NA,0.00755349222055356,NA,NA,NA,NA,NA,NA,NA,0.0165390655611849,NA,NA,NA,NA,NA,NA,NA,NA,NA,NA,NA,NA,NA,NA,NA,NA,NA,NA,NA,NA
"Q9NS69",NA,NA,NA,NA,0.00664920135052028,NA,NA,NA,NA,NA,NA,NA,NA,NA,NA,NA,NA,NA,NA,NA,NA,NA,NA,NA,NA,NA,NA,NA,NA,NA,NA,NA,NA
"Q9NSD9",NA,NA,0.00146864372094556,NA,0.00160473564551049,NA,NA,0.00464560715735996,0.00084145912699527,NA,NA,0.00414626791530967,0.00148234889643552,NA,NA,NA,NA,NA,0.0036809017902791,NA,NA,NA,NA,NA,NA,NA,NA,NA,NA,NA,NA,NA,NA
"Q9NSM5",NA,NA,NA,NA,NA,NA,NA,NA,NA,NA,NA,NA,NA,NA,NA,NA,NA,NA,NA,NA,NA,NA,NA,0.000562980851455498,NA,NA,NA,NA,NA,NA,NA,NA,NA
"Q9NUQ8",NA,NA,NA,NA,NA,NA,NA,0.00152616378204286,NA,NA,NA,NA,0.00346295368196729,NA,NA,NA,NA,NA,NA,NA,NA,NA,NA,NA,NA,NA,NA,NA,NA,NA,NA,NA,NA
"Q9NUV1",NA,NA,NA,NA,NA,NA,0.00619747786772272,0.00535952776216428,NA,NA,NA,NA,NA,NA,NA,NA,NA,NA,0.0061768296578563,NA,NA,NA,NA,NA,NA,NA,NA,NA,NA,NA,NA,NA,NA
"Q9NV31",NA,NA,NA,NA,0.0102628968335377,NA,NA,NA,NA,NA,NA,NA,NA,NA,NA,NA,NA,NA,NA,0.00601210360071269,NA,NA,NA,NA,NA,NA,NA,NA,NA,NA,NA,NA,NA
"Q9NVC0",NA,NA,NA,NA,NA,NA,NA,NA,NA,NA,NA,NA,0.00283981234251012,NA,NA,NA,NA,NA,NA,NA,NA,NA,NA,NA,NA,NA,NA,NA,NA,NA,NA,NA,NA
"Q9NVE4",NA,NA,NA,NA,NA,NA,NA,NA,NA,NA,NA,NA,NA,NA,NA,NA,NA,NA,0.00142284739831331,NA,NA,NA,NA,NA,NA,NA,NA,NA,NA,NA,NA,NA,NA
"Q9NWT6",NA,NA,NA,NA,NA,NA,NA,NA,NA,NA,NA,NA,0.00385705790676678,NA,NA,NA,NA,NA,NA,NA,NA,NA,NA,NA,NA,NA,NA,NA,NA,NA,NA,NA,NA
"Q9NWY4",NA,NA,NA,NA,NA,NA,NA,0.00500615180470306,NA,NA,NA,NA,NA,NA,NA,NA,NA,NA,NA,NA,NA,NA,NA,NA,NA,NA,NA,NA,NA,NA,NA,NA,NA
"Q9NX34",NA,NA,NA,NA,0.0122093080903392,NA,NA,NA,NA,NA,NA,NA,NA,NA,NA,NA,NA,NA,NA,NA,NA,NA,NA,NA,0.0169616133607838,NA,0.00257124210978796,NA,NA,NA,NA,NA,NA
"Q9NX46",NA,NA,NA,NA,0.00728538951186376,NA,NA,NA,NA,NA,0.0045474762616557,NA,0.00382848770470143,0.010493827,NA,NA,NA,NA,NA,NA,NA,NA,0.00377696393521855,NA,NA,NA,NA,NA,NA,NA,NA,NA,NA
"Q9NX52",NA,NA,NA,NA,0.0167607073162275,NA,NA,NA,NA,NA,NA,NA,NA,0.01183432,NA,NA,NA,NA,NA,NA,NA,NA,NA,NA,NA,NA,NA,NA,NA,NA,NA,NA,NA
"Q9NX76",NA,NA,NA,NA,NA,NA,NA,NA,NA,NA,NA,NA,NA,0.007751938,NA,NA,NA,NA,NA,NA,NA,NA,NA,NA,NA,NA,NA,NA,NA,NA,NA,NA,NA
"Q9NY15",NA,NA,NA,NA,NA,0.000643752296023059,NA,NA,NA,NA,NA,0.000583243557444496,0.00115843129741971,NA,NA,0.000564853030219827,NA,NA,NA,NA,NA,NA,NA,NA,NA,NA,NA,0.000531025710073559,NA,NA,NA,NA,NA
"Q9NYU2",NA,NA,0.000764850286352267,NA,0.00202140988105942,NA,NA,NA,NA,NA,NA,NA,NA,0.001120239,NA,NA,NA,NA,NA,0.000826159072718424,NA,0.0015450816023396,NA,NA,NA,NA,NA,NA,NA,NA,NA,0.000224572584302461,NA
"Q9NZD4",NA,NA,NA,NA,NA,NA,NA,NA,NA,NA,NA,NA,NA,NA,NA,NA,NA,NA,NA,NA,NA,NA,NA,NA,NA,NA,NA,NA,NA,NA,NA,0.0384330296666796,NA
"Q9NZI8",NA,NA,NA,NA,NA,NA,NA,NA,NA,NA,NA,NA,NA,NA,NA,NA,NA,NA,0.00225335011854541,NA,NA,NA,NA,NA,NA,NA,NA,NA,NA,NA,NA,NA,NA
"Q9NZM1-7",NA,NA,NA,NA,NA,NA,NA,NA,NA,NA,NA,NA,NA,NA,NA,NA,NA,NA,NA,0.00277249907548172,NA,NA,NA,NA,NA,NA,NA,NA,NA,NA,NA,NA,NA
"Q9NZN4",NA,0.000978065028378798,0.00302998390548279,0.00200610004589254,NA,NA,NA,NA,NA,NA,NA,NA,NA,NA,NA,NA,NA,NA,NA,0.00109095330693013,NA,NA,NA,NA,NA,NA,NA,NA,NA,NA,NA,NA,NA
"Q9P015",NA,NA,NA,NA,NA,NA,NA,NA,NA,NA,NA,NA,NA,0.003378378,NA,NA,NA,NA,NA,NA,NA,NA,NA,NA,NA,NA,NA,NA,NA,NA,NA,NA,NA
"Q9P035",NA,NA,NA,NA,0.00664920135052028,NA,NA,NA,NA,NA,NA,NA,NA,NA,NA,NA,NA,NA,NA,NA,NA,NA,NA,NA,NA,NA,NA,NA,NA,NA,NA,NA,0.00326746806763658
"Q9P0M6",NA,NA,NA,NA,NA,NA,NA,NA,NA,NA,NA,NA,NA,NA,NA,0.00489275727538319,NA,NA,NA,NA,NA,NA,NA,NA,NA,NA,NA,NA,NA,NA,NA,NA,NA
"Q9P253",NA,NA,NA,NA,NA,NA,NA,NA,NA,NA,NA,0.00258462191648005,NA,NA,NA,NA,NA,NA,NA,NA,NA,NA,NA,NA,NA,NA,NA,NA,NA,NA,NA,NA,NA
"Q9P258",NA,NA,0.00333956952925784,NA,NA,NA,NA,NA,NA,NA,NA,NA,NA,NA,NA,NA,NA,NA,NA,NA,NA,NA,0.00221691339245867,NA,NA,NA,NA,NA,NA,NA,NA,NA,NA
"Q9P2B2",NA,NA,NA,NA,NA,0.00262787939131242,NA,NA,0.00173945925024173,NA,NA,0.001428522991231,NA,NA,0.00142124309160182,NA,NA,NA,NA,NA,NA,NA,NA,NA,NA,NA,NA,NA,NA,NA,NA,NA,NA
"Q9P2E9",NA,NA,0.000697862671593253,NA,NA,NA,NA,NA,NA,NA,NA,NA,NA,NA,NA,NA,NA,NA,NA,NA,NA,NA,NA,NA,NA,NA,NA,NA,NA,NA,NA,NA,NA
"Q9P2J5",0.00317127688938657,NA,NA,NA,NA,NA,NA,NA,NA,NA,NA,0.00193364749269302,NA,0.002026589,NA,NA,NA,NA,0.00102146051902449,0.00134512001851728,NA,0.000914779543240931,NA,0.00138253438203798,0.000956978551290832,NA,NA,0.000960288373094128,NA,NA,NA,NA,NA
"Q9P2J5-2",NA,NA,NA,NA,NA,0.000819121212828468,NA,NA,0.00180732270443552,NA,NA,NA,NA,NA,NA,NA,NA,NA,NA,NA,NA,NA,0.0020940043861525,NA,NA,NA,NA,NA,NA,NA,NA,NA,NA
"Q9P2X0",NA,NA,NA,NA,0.0269767583351998,NA,NA,NA,NA,NA,NA,0.0619570853860808,0.0147670225271461,NA,NA,NA,NA,NA,NA,NA,NA,NA,NA,NA,NA,NA,NA,NA,NA,NA,NA,NA,NA
"Q9UBG0",NA,0.00198153493568794,0.00255777800969083,0.0023708446766155,0.00377297314091262,0.00199256727640516,NA,0.00455104750932992,NA,NA,NA,0.0016247482062041,0.00602384398701241,0.00617002,0.00269411423084205,0.00104901202036466,0.00151826138305905,NA,0.00209802404072931,0.00313117879373069,NA,0.00112734405883434,0.00152814162089868,0.00189310065379472,0.000982790802814347,NA,0.00260720381321759,0.00197237979859309,NA,NA,NA,NA,0.00231758412402009
"Q9UBQ7",NA,NA,NA,NA,NA,NA,NA,0.00239768349652401,NA,NA,NA,NA,NA,NA,NA,NA,NA,NA,NA,NA,NA,NA,NA,NA,NA,NA,NA,NA,NA,NA,NA,NA,NA
"Q9UBR2",NA,NA,0.00717851319483001,0.0158425624845617,NA,0.00372814982659148,NA,0.00638635329801104,NA,NA,NA,0.0101331677703605,0.0144910041293787,0.009345794,NA,0.00736024108974358,NA,NA,0.00736024108974358,0.00775392767756157,NA,NA,0.0142959842641142,NA,NA,NA,0.01289225725764,0.00922594436212403,NA,NA,0.0067298154897719,0.0038911944419613,0.0108406643557222
"Q9UBV6",NA,0.159103237229803,NA,NA,NA,NA,NA,NA,NA,NA,NA,NA,NA,NA,NA,NA,NA,NA,NA,NA,NA,NA,NA,NA,NA,NA,NA,NA,NA,NA,NA,NA,NA
"Q9UBV8",NA,NA,NA,NA,0.0115144698944627,NA,NA,NA,NA,NA,NA,0.00881503216951076,0.0084039964172965,0.040650407,NA,NA,NA,NA,NA,NA,NA,NA,NA,NA,NA,NA,NA,NA,NA,NA,NA,NA,NA
"Q9UDT6",NA,NA,NA,NA,0.000751740541146987,NA,NA,NA,NA,NA,NA,NA,NA,NA,NA,NA,NA,NA,NA,NA,NA,NA,NA,NA,NA,NA,NA,NA,NA,NA,NA,NA,NA
"Q9UEY8",NA,NA,NA,NA,NA,NA,NA,NA,NA,NA,NA,0.0055093955125376,NA,NA,NA,NA,NA,NA,NA,NA,NA,NA,NA,NA,NA,NA,NA,NA,NA,NA,NA,NA,NA
"Q9UGT4",NA,NA,NA,NA,NA,NA,0.00233090939328075,NA,NA,NA,NA,NA,0.00304923826017863,0.013057194,NA,NA,NA,NA,NA,NA,NA,NA,NA,NA,NA,NA,NA,NA,NA,NA,NA,NA,NA
"Q9UH99",NA,NA,NA,NA,NA,NA,NA,0.00272493674076673,NA,NA,NA,NA,NA,NA,NA,NA,NA,NA,NA,NA,NA,NA,NA,NA,NA,NA,NA,NA,NA,NA,NA,NA,NA
"Q9UHA4",NA,NA,NA,NA,0.00761440735856622,NA,NA,NA,NA,NA,NA,NA,0.00833622242770155,0.016129032,NA,NA,NA,NA,NA,NA,NA,NA,NA,NA,NA,NA,NA,NA,NA,NA,NA,NA,NA
"Q9UHD8-5",NA,0.00273462754267711,NA,NA,0.0063516050872688,NA,NA,0.0108865402828638,0.00617518529817698,NA,NA,NA,NA,0.006617647,NA,NA,NA,NA,NA,NA,NA,NA,NA,NA,NA,NA,NA,NA,NA,NA,NA,0.00484730272458888,0.00355377183427377
"Q9UHD9",NA,NA,NA,NA,NA,NA,NA,NA,NA,NA,NA,NA,NA,0.012964043,NA,NA,NA,NA,NA,NA,NA,NA,NA,NA,NA,NA,NA,NA,NA,NA,NA,NA,NA
"Q9UHQ9",NA,NA,NA,NA,NA,NA,NA,NA,NA,NA,NA,NA,NA,NA,NA,NA,NA,NA,NA,0.0045337175237945,NA,NA,NA,NA,NA,NA,NA,NA,NA,NA,NA,NA,NA
"Q9UHV9",NA,NA,0.00997533649089016,NA,0.012262162707966,NA,NA,NA,NA,NA,NA,NA,0.0167807075111834,0.012987013,NA,NA,NA,NA,NA,0.0143665842076496,NA,NA,0.00662194872352792,NA,NA,NA,NA,NA,NA,NA,NA,NA,NA
"Q9UID3",NA,NA,NA,NA,0.00152780993654985,NA,NA,NA,NA,NA,NA,NA,NA,NA,NA,NA,NA,NA,NA,NA,NA,NA,NA,NA,NA,NA,NA,NA,NA,NA,NA,NA,NA
"Q9UIJ7",NA,NA,NA,NA,NA,NA,NA,NA,NA,NA,NA,NA,NA,0.008810573,0.007286531650943,NA,NA,NA,NA,NA,NA,NA,NA,NA,NA,NA,NA,NA,NA,NA,NA,NA,NA
"Q9UIM3",NA,NA,NA,NA,NA,NA,NA,NA,NA,NA,NA,NA,NA,NA,NA,NA,NA,NA,NA,NA,NA,NA,0.0029220067458144,NA,NA,NA,NA,NA,NA,NA,NA,NA,NA
"Q9UJ55",NA,NA,NA,NA,0.0032558157425402,NA,NA,NA,NA,NA,NA,NA,NA,NA,NA,NA,NA,NA,NA,NA,NA,NA,NA,NA,NA,NA,NA,NA,NA,NA,NA,NA,NA
"Q9UJA5",NA,NA,NA,NA,0.00204812658304352,NA,NA,NA,NA,NA,NA,NA,NA,NA,NA,NA,NA,NA,NA,NA,NA,NA,NA,NA,NA,NA,NA,NA,NA,NA,NA,NA,NA
"Q9UJS0",NA,NA,NA,NA,0.00179845061862576,NA,NA,NA,NA,NA,NA,NA,NA,NA,NA,NA,NA,NA,NA,NA,NA,NA,NA,NA,NA,NA,NA,NA,NA,NA,NA,NA,NA
"Q9UJW0",NA,NA,NA,NA,NA,NA,NA,NA,NA,NA,NA,NA,NA,NA,NA,NA,NA,NA,NA,NA,NA,NA,NA,NA,NA,NA,NA,0.00277296677284118,NA,NA,NA,NA,NA
"Q9UJZ1",NA,NA,NA,NA,NA,NA,NA,NA,NA,NA,NA,NA,NA,NA,NA,0.00540761794996219,NA,NA,NA,NA,NA,NA,NA,0.00266150830299579,NA,NA,NA,NA,NA,NA,NA,NA,NA
"Q9UK54",NA,0.0445754684074422,NA,0.0673614572406109,NA,NA,NA,0.027366647647917,0.0270610996031087,NA,NA,NA,NA,NA,NA,NA,NA,NA,NA,NA,0.0409383473771587,NA,NA,NA,NA,NA,NA,NA,NA,NA,NA,NA,NA
"Q9UKA9",NA,NA,NA,NA,NA,NA,NA,NA,NA,NA,NA,NA,NA,0.00511509,NA,NA,NA,NA,NA,NA,NA,NA,NA,NA,NA,NA,NA,NA,NA,NA,NA,NA,NA
"Q9UKU9",NA,NA,0.00223610145378342,NA,NA,0.000870986959511283,NA,NA,NA,NA,NA,NA,NA,NA,NA,NA,NA,NA,NA,NA,NA,NA,NA,NA,NA,NA,NA,NA,NA,NA,NA,NA,NA
"Q9UKX2",NA,NA,NA,NA,NA,0.000889795662583893,NA,NA,NA,NA,NA,NA,NA,NA,NA,NA,NA,NA,0.000777721402492051,NA,0.00723501775662631,NA,NA,NA,NA,NA,NA,NA,NA,NA,NA,NA,NA
"Q9UKY3",NA,NA,NA,NA,NA,NA,NA,NA,NA,NA,NA,NA,NA,NA,NA,NA,NA,NA,NA,NA,NA,NA,NA,0.00315832260509025,NA,NA,NA,NA,NA,NA,NA,NA,NA
"Q9UL25",NA,NA,NA,NA,NA,NA,NA,NA,NA,NA,NA,0.00963776898240132,NA,0.008888889,NA,NA,NA,NA,NA,0.00491656387671153,NA,NA,0.00453235590643811,NA,NA,NA,0.00397685436769419,NA,NA,NA,NA,NA,NA
"Q9UL71",NA,0.0163926984649668,0.00846392184002394,0.0126085846247799,NA,0.013187175450399,0.00870720042321726,NA,NA,NA,NA,NA,NA,NA,NA,NA,NA,NA,NA,NA,NA,NA,0.00842793557340113,NA,0.0203259006498525,NA,NA,NA,NA,0.0269124795529168,NA,NA,0.00958637305689258
"Q9UL77",NA,NA,NA,0.0161530279392663,NA,NA,NA,NA,NA,NA,NA,NA,NA,NA,NA,NA,NA,NA,NA,NA,NA,NA,NA,NA,NA,NA,NA,NA,NA,NA,NA,NA,NA
"Q9UL83",NA,NA,0.0142240906566789,NA,NA,NA,NA,NA,0.0711245412426511,NA,NA,NA,NA,NA,NA,NA,NA,NA,NA,NA,NA,NA,NA,NA,NA,NA,NA,NA,NA,NA,NA,0.0126169035943427,NA
"Q9UL89",NA,NA,0.00882874620735503,0.00876803923602487,0.00813953935635049,NA,NA,0.023563440819092,0.0569072967772208,NA,NA,0.0233674351299104,NA,NA,NA,NA,NA,NA,NA,0.0238410986164427,NA,NA,NA,NA,NA,NA,NA,NA,NA,NA,NA,NA,NA
"Q9ULC6",NA,NA,NA,NA,NA,NA,NA,NA,NA,NA,NA,NA,NA,NA,NA,NA,NA,NA,NA,NA,NA,NA,NA,NA,NA,NA,NA,0.00202290149643544,NA,NA,NA,NA,NA
"Q9ULE6",NA,NA,NA,NA,NA,NA,NA,NA,NA,NA,NA,NA,NA,NA,NA,NA,NA,NA,NA,0.00142188553376745,NA,NA,NA,NA,NA,NA,NA,NA,NA,NA,NA,NA,NA
"Q9UM22",NA,NA,NA,NA,NA,NA,NA,NA,NA,NA,NA,NA,0.00363975939389115,0.003521127,NA,NA,NA,NA,0.00739479649816275,NA,NA,NA,NA,NA,NA,NA,NA,NA,NA,NA,NA,NA,NA
"Q9UMA6",NA,NA,NA,NA,NA,NA,NA,NA,NA,NA,NA,NA,NA,NA,NA,NA,NA,NA,NA,NA,NA,NA,NA,NA,NA,NA,NA,NA,NA,NA,NA,NA,0.0773300720329671
"Q9UN37",NA,NA,0.00276793143714216,NA,NA,NA,NA,NA,NA,NA,NA,NA,NA,NA,NA,NA,NA,NA,NA,NA,NA,NA,NA,NA,NA,NA,NA,NA,NA,NA,NA,NA,NA
"Q9UN86",NA,NA,NA,NA,NA,NA,NA,0.00354440145283035,NA,NA,NA,NA,NA,0.001144165,NA,NA,NA,NA,NA,NA,NA,NA,NA,NA,NA,NA,NA,NA,NA,NA,NA,NA,NA
"Q9UNL7",NA,NA,NA,NA,NA,NA,0.00358357608216223,NA,NA,NA,NA,NA,NA,NA,NA,NA,NA,NA,NA,NA,NA,NA,NA,NA,NA,NA,NA,NA,NA,NA,NA,NA,NA
"Q9UNS2",NA,NA,NA,NA,0.00669635874663972,NA,NA,NA,NA,NA,NA,NA,NA,0.007092199,NA,NA,NA,NA,NA,NA,NA,NA,0.00482165530640481,NA,NA,NA,NA,NA,NA,NA,NA,NA,NA
"Q9UNY4",NA,NA,NA,NA,NA,NA,NA,NA,NA,NA,NA,NA,NA,NA,NA,NA,NA,NA,NA,NA,NA,NA,NA,NA,NA,NA,NA,NA,0.00423747727358972,NA,NA,NA,NA
"Q9UNZ2",NA,NA,NA,NA,NA,NA,NA,NA,NA,NA,NA,NA,NA,0.003021148,NA,NA,NA,NA,NA,NA,NA,NA,NA,NA,NA,NA,NA,NA,NA,NA,NA,NA,NA
"Q9UP95",NA,NA,NA,NA,0.00132238988305231,NA,NA,NA,NA,NA,NA,NA,NA,0.00140056,NA,NA,NA,NA,NA,NA,NA,NA,NA,NA,NA,NA,NA,NA,NA,NA,NA,NA,NA
"Q9UPN7",NA,NA,NA,NA,NA,NA,NA,NA,NA,NA,NA,NA,NA,0.003389831,NA,NA,NA,NA,NA,NA,NA,NA,NA,NA,NA,NA,NA,NA,NA,NA,NA,NA,NA
"Q9UPW6",NA,NA,NA,NA,0.00425309293436808,NA,NA,NA,NA,NA,NA,NA,NA,NA,NA,NA,NA,NA,NA,NA,NA,NA,NA,NA,NA,NA,NA,NA,NA,NA,NA,NA,NA
"Q9UQ35",NA,NA,0.000608638024021286,NA,NA,0.000579507510660514,0.000765271996427123,0.00123679489536094,0.000726497099498693,NA,0.00145615507891154,0.00107393887325488,0.00163964264576357,0.002528892,NA,NA,0.00123198039619935,NA,0.00195534384791358,NA,NA,NA,NA,NA,NA,NA,NA,NA,NA,NA,NA,NA,NA
"Q9UQ80",0.0101035322565881,NA,0.00564261456001596,NA,0.00975399351378925,0.0064836946363374,NA,NA,NA,NA,0.00338241975783842,0.00373363961152991,0.00498336206933389,0.005968779,0.00297169029675353,NA,NA,NA,0.00650864264339196,0.00457118543170474,NA,NA,0.00585273261217571,NA,0.00496855344846289,NA,NA,NA,NA,NA,NA,0.0068819476422003,NA
"Q9UQP3",NA,NA,NA,NA,NA,NA,NA,NA,0.00574479811109607,NA,NA,NA,NA,NA,NA,NA,NA,NA,NA,NA,NA,NA,NA,NA,NA,NA,NA,NA,NA,NA,NA,NA,NA
"Q9Y224",NA,NA,0.00419727297178321,NA,0.00386961724131502,NA,NA,NA,NA,NA,NA,NA,NA,NA,NA,NA,NA,NA,NA,0.00770731901609177,NA,NA,NA,0.00388318424535451,NA,NA,NA,NA,NA,NA,NA,NA,NA
"Q9Y240",NA,NA,0.0292442123992782,NA,0.00736599377153582,0.0285096584819382,NA,0.0336666914868762,0.0135636550525934,0.0143332488598597,0.0246849158962224,NA,NA,NA,NA,NA,NA,0.0334130703900637,0.0163520145069239,0.0152204277168416,NA,0.0164068536095568,NA,0.0546964582183197,0.0246177939620567,0.013712328020812,NA,NA,NA,NA,NA,0.0053152064785412,NA
"Q9Y265",NA,NA,NA,NA,NA,NA,NA,NA,NA,NA,NA,NA,NA,NA,NA,NA,NA,NA,NA,0.0028437710675349,NA,NA,NA,NA,NA,NA,NA,NA,NA,NA,NA,NA,NA
"Q9Y266",NA,NA,0.00309406195407308,NA,0.00285252723939262,NA,NA,NA,0.00398866851310613,NA,NA,NA,0.00468440295394151,0.004531722,NA,NA,NA,NA,NA,NA,NA,NA,NA,NA,NA,NA,NA,NA,NA,NA,NA,NA,NA
"Q9Y2A7",NA,NA,NA,NA,NA,NA,NA,NA,NA,NA,NA,NA,NA,NA,NA,NA,NA,NA,NA,NA,NA,NA,NA,0.00100690398292244,NA,NA,NA,NA,NA,NA,NA,NA,NA
"Q9Y2K2",NA,NA,NA,NA,NA,NA,NA,NA,NA,NA,NA,NA,NA,0.001210654,NA,NA,NA,NA,NA,NA,NA,NA,NA,NA,NA,NA,NA,NA,NA,NA,NA,NA,NA
"Q9Y2S6",NA,NA,NA,NA,NA,NA,NA,NA,NA,NA,NA,0.0338827811552199,0.0323028624241893,0.03125,NA,NA,NA,NA,NA,NA,NA,NA,NA,NA,NA,NA,NA,NA,NA,NA,NA,NA,NA
"Q9Y2T7",NA,NA,NA,NA,NA,NA,NA,NA,NA,NA,NA,NA,0.00211388898012297,NA,NA,NA,NA,NA,NA,NA,NA,NA,NA,NA,NA,NA,NA,NA,NA,NA,NA,NA,NA
"Q9Y2U8",NA,NA,NA,NA,NA,NA,NA,NA,NA,NA,NA,NA,NA,0.001242236,NA,NA,NA,NA,NA,NA,NA,NA,NA,NA,NA,NA,NA,NA,NA,NA,NA,NA,NA
"Q9Y2V2",NA,NA,NA,NA,NA,NA,NA,NA,NA,NA,NA,NA,NA,0.030716431,NA,NA,NA,NA,NA,NA,NA,NA,NA,NA,NA,NA,NA,NA,NA,NA,NA,NA,NA
"Q9Y2X3",NA,NA,0.00206478730383397,NA,NA,NA,NA,NA,NA,NA,NA,NA,NA,NA,NA,NA,NA,NA,NA,0.0022302963007725,NA,NA,NA,NA,NA,NA,NA,NA,NA,NA,NA,NA,NA
"Q9Y2Z0",NA,NA,NA,NA,0.00143493408457898,NA,NA,0.00276936111560918,NA,NA,NA,0.00411948696508458,0.00942575921383455,0.012158055,0.00327879534120239,NA,0.00307959536194327,NA,0.00638334936113307,0.00672478369707303,NA,NA,0.00309963613684891,NA,NA,NA,0.0027197337904511,0.00100017818446646,NA,NA,NA,0.00379657629401961,0.00282055005006475
"Q9Y320",NA,NA,NA,NA,0,NA,NA,NA,NA,NA,NA,NA,NA,NA,NA,NA,NA,NA,NA,NA,NA,NA,NA,NA,NA,NA,NA,NA,NA,NA,NA,NA,NA
"Q9Y354",NA,NA,0.0151243489367414,NA,NA,NA,NA,NA,NA,NA,NA,NA,NA,NA,NA,NA,0.0844322302190659,NA,NA,0.0210043100536237,NA,NA,NA,0.0299840787229976,NA,NA,NA,NA,NA,NA,0.0182301327828868,NA,NA
"Q9Y3B3",NA,NA,0.0137160871629067,NA,NA,NA,NA,NA,NA,NA,NA,NA,NA,0.004464286,NA,NA,NA,NA,NA,0.00493851363250589,NA,NA,NA,NA,NA,NA,NA,NA,NA,NA,NA,NA,NA
"Q9Y3B4",NA,NA,NA,NA,NA,NA,NA,NA,NA,NA,NA,NA,NA,NA,NA,NA,NA,NA,NA,0.00884981586306234,NA,NA,NA,NA,NA,NA,NA,NA,NA,NA,NA,NA,NA
"Q9Y3C8",NA,NA,NA,NA,0.011307623175122,NA,NA,NA,NA,NA,NA,NA,0.0123795401897436,0.011976048,NA,NA,NA,NA,NA,NA,NA,NA,NA,NA,NA,NA,NA,NA,NA,NA,NA,NA,NA
"Q9Y3D6",NA,NA,NA,0.00669139772196055,NA,NA,NA,NA,NA,NA,NA,NA,NA,NA,NA,NA,NA,NA,NA,0.0072778086903558,NA,NA,NA,0.012986524835812,NA,NA,NA,NA,NA,NA,NA,NA,NA
"Q9Y3I0",NA,0.00243077959715377,0.00627533408311908,NA,0.00219020871589866,NA,NA,NA,NA,NA,NA,0.00132873630329313,0.00760067332915779,0.003676471,NA,NA,NA,NA,0.00386051892993307,0.00948969184299821,NA,NA,0.00249946082784746,NA,NA,NA,0.00328967802362929,NA,NA,NA,0.00235323568976637,0.00170080838259326,NA
"Q9Y3I1",NA,NA,NA,NA,NA,NA,NA,NA,NA,NA,NA,NA,NA,NA,0.00383887400349149,NA,NA,NA,NA,NA,NA,NA,NA,NA,NA,NA,NA,0.00351308230145386,NA,NA,NA,0.00592680197885898,NA
"Q9Y3U8",NA,0.00944531698959968,0.0178817133539156,NA,0.0269767583351998,0.0227949745247585,NA,0.0173546611081701,NA,NA,NA,0.0258154525152626,0.019689363714092,0.019047619,0.0102735581604483,NA,NA,NA,0.0150008715761963,0.010535495601849,NA,NA,0.0145682880075856,0.00902378022525339,NA,NA,0.0170436632375894,0.0141025152637878,NA,NA,NA,0.0356878134998355,NA
"Q9Y490",0.000382638043493855,0.000853626147443957,0.00208337227295186,0.00123356336102397,0.00307208743032703,0.00110645436985025,0.000741951197317983,0.00195437364580274,0.00174636151354909,0.00049937978608536,0.00311234634660839,0.00261507738655586,0.00401733799112022,0.003252455,0.0012239035622794,0.00193796533784499,0.00322361074214615,0.00101952490844651,0.00267854713171975,0.00261016026574367,NA,0.00230721846142082,0.00249815346965551,0.00260431360155622,0.00115466391963614,0.00140731425769005,0.00220814612294283,0.00125962582961729,0.00152456395857959,0.00232850993175909,0.00116875829998423,0.00341709611632172,0.00339900559272994
"Q9Y4K0",NA,NA,0.00203696873789199,NA,NA,NA,NA,NA,NA,NA,NA,NA,NA,NA,NA,NA,NA,NA,NA,NA,NA,NA,NA,NA,NA,NA,NA,NA,NA,NA,NA,NA,NA
"Q9Y4W6",NA,NA,NA,NA,0.00198081080456047,NA,NA,NA,NA,NA,NA,NA,0.00216858366993381,0.001398601,0.00150870383982472,NA,NA,NA,NA,NA,NA,NA,NA,NA,NA,NA,NA,NA,NA,NA,NA,0.00174695581823856,NA
"Q9Y5B9",NA,NA,NA,NA,NA,NA,NA,NA,NA,NA,NA,NA,NA,NA,NA,0.00167207203367344,NA,NA,NA,NA,NA,NA,NA,NA,NA,NA,NA,NA,NA,NA,NA,NA,NA
"Q9Y5M8",NA,NA,NA,NA,NA,0.00294400043520457,NA,NA,NA,NA,NA,NA,NA,NA,NA,NA,NA,NA,NA,NA,NA,NA,NA,NA,NA,NA,NA,NA,NA,NA,NA,NA,NA
"Q9Y613",NA,NA,NA,NA,NA,NA,NA,NA,NA,NA,NA,NA,0.00104202832030849,0.003141801,NA,NA,NA,NA,NA,NA,NA,NA,NA,NA,NA,NA,NA,NA,NA,NA,NA,NA,NA
"Q9Y617",NA,NA,NA,NA,NA,NA,NA,NA,0.00263522815218186,NA,NA,NA,0.00773721261858975,NA,NA,NA,NA,NA,NA,NA,NA,NA,NA,NA,NA,NA,NA,NA,NA,NA,NA,NA,NA
"Q9Y646",NA,NA,0.00961628619397769,NA,NA,NA,NA,NA,NA,NA,NA,NA,NA,NA,NA,NA,NA,NA,NA,NA,NA,NA,NA,NA,NA,NA,NA,NA,NA,NA,NA,NA,NA
"Q9Y678",NA,0.00186654651896793,0.00358725543856471,NA,0.00436355520460145,NA,NA,0.00428694943893722,NA,NA,NA,NA,0.00335052731643194,0.003136763,NA,NA,NA,NA,NA,0.00351623760061348,NA,NA,NA,NA,NA,NA,0.00280675144899374,NA,NA,NA,NA,NA,0.00174647617550857
"Q9Y679",NA,NA,NA,NA,0.000977419060780049,NA,NA,NA,NA,NA,NA,NA,NA,NA,NA,NA,NA,NA,NA,NA,NA,NA,NA,NA,NA,NA,NA,NA,NA,NA,NA,NA,NA
"Q9Y696",NA,NA,NA,NA,NA,NA,0,0.00930326478401043,0.00347891762031726,NA,NA,NA,0.0040857373641317,NA,NA,NA,NA,NA,NA,NA,NA,NA,NA,NA,NA,NA,NA,NA,NA,NA,NA,NA,NA
"Q9Y6C2",0.00114148200619351,0.00972757931715304,0.00955878411313446,0.00821053014721241,0.00853361354317552,0.012517113309149,0.00504159855317873,0.0161690529181426,0.00714968858699508,0.00340158469594818,0.00819143281801918,0.0111196012440662,0.0133734822106245,0.012670705,0.00894080060444463,0.00742865256593505,0.00367934012342597,0.0079116919125073,0.00898912831344234,0.00972030476966582,0.00489272420715122,0.00976859350536231,0.00685566500473322,0.0032954490905094,0.0148992845087348,0.00419828987843055,0.00490989995647144,0.00411767237362073,0.0106259408503814,NA,0.00578383774696857,0.00272129307906296,0.00723486361149535
"Q9Y6I3",NA,NA,NA,NA,NA,NA,NA,NA,NA,NA,NA,NA,0.003960504593394,0.013409962,NA,NA,NA,NA,NA,NA,NA,NA,NA,NA,NA,NA,NA,NA,NA,NA,NA,NA,NA
"Q9Y6U3",NA,NA,0.00252447725166817,NA,NA,NA,NA,NA,NA,NA,NA,NA,NA,NA,NA,NA,NA,NA,NA,NA,NA,NA,NA,NA,NA,NA,NA,NA,NA,NA,NA,NA,NA
"Q9Y6W5",NA,NA,NA,NA,0.00633682195880665,NA,NA,0.00152872402842925,NA,NA,NA,NA,NA,0.008389262,NA,NA,NA,NA,0.00352369505315588,NA,NA,0.00568022512365253,0.00684416188429236,NA,NA,NA,NA,NA,NA,NA,NA,0.00558869527801042,NA
"R4GMP9",NA,NA,NA,NA,NA,NA,NA,0.00115040343553514,NA,NA,NA,NA,NA,NA,NA,NA,NA,NA,NA,NA,NA,NA,NA,NA,NA,NA,NA,NA,NA,NA,NA,NA,NA
"R4GN69",NA,NA,NA,NA,NA,NA,NA,NA,NA,NA,NA,NA,0.0179772448156561,NA,NA,NA,NA,NA,NA,NA,NA,NA,NA,NA,NA,NA,NA,NA,NA,NA,NA,NA,NA
"R4GNC1",NA,NA,NA,NA,0.00507627157237748,NA,NA,NA,NA,NA,NA,NA,NA,NA,NA,NA,NA,NA,NA,NA,NA,NA,NA,NA,NA,NA,NA,NA,NA,NA,NA,NA,NA
"S4R341",NA,NA,0.0140292398472117,NA,NA,NA,NA,NA,NA,NA,NA,NA,NA,NA,NA,NA,NA,NA,NA,NA,NA,NA,NA,NA,NA,NA,NA,NA,NA,NA,NA,NA,NA
"S6B294",NA,NA,NA,NA,NA,NA,NA,0.0438720978077165,NA,NA,NA,NA,NA,NA,NA,NA,NA,NA,NA,NA,NA,NA,NA,NA,NA,NA,NA,NA,NA,NA,NA,NA,NA
"S6B2A1",NA,NA,NA,NA,NA,NA,NA,NA,0.0412141315437253,NA,NA,NA,NA,NA,NA,NA,NA,NA,NA,NA,NA,NA,NA,NA,NA,NA,NA,NA,NA,NA,NA,NA,NA
"S6BAM6",NA,NA,NA,NA,NA,NA,NA,NA,NA,NA,NA,NA,NA,NA,NA,NA,NA,NA,NA,NA,NA,NA,NA,NA,NA,NA,NA,NA,NA,NA,NA,NA,0.00543727071156708
"S6BAR0",NA,NA,NA,NA,NA,NA,NA,NA,0.0148342620926659,NA,NA,NA,NA,NA,NA,NA,NA,NA,NA,NA,NA,NA,NA,NA,NA,NA,NA,NA,NA,NA,NA,NA,NA
"S6BGD6",NA,0.0148763735148008,NA,NA,0.0188837305513839,NA,NA,0.0139325392094407,0.0176033239157483,NA,NA,NA,NA,NA,NA,NA,NA,NA,NA,NA,NA,NA,NA,NA,0.00983773592633388,NA,NA,0.00493588044104334,NA,NA,NA,NA,NA
"S6C4R2",NA,NA,NA,0.00159920201606383,NA,NA,NA,NA,NA,NA,NA,NA,NA,NA,NA,NA,NA,NA,NA,NA,NA,NA,NA,NA,NA,NA,NA,NA,NA,NA,NA,NA,NA
"S6C4S0",NA,NA,NA,NA,NA,NA,NA,NA,0.0100827667401638,NA,NA,NA,NA,NA,NA,NA,NA,NA,NA,0.0156541549798364,NA,NA,NA,NA,NA,NA,NA,NA,NA,NA,NA,NA,0.00875434756721269
"U3KPZ0",NA,NA,NA,0.00967587973759122,NA,NA,NA,NA,NA,NA,NA,NA,NA,NA,NA,0.00929257600033855,NA,NA,NA,NA,NA,NA,NA,NA,NA,NA,NA,NA,NA,NA,NA,NA,NA
"U3PXP0",NA,NA,NA,NA,0.340956245961744,NA,NA,NA,NA,0.172065553412771,0.100311968656093,NA,NA,NA,NA,NA,NA,NA,NA,NA,NA,NA,NA,NA,NA,NA,NA,NA,NA,NA,NA,NA,NA
"U6BQN8",NA,NA,NA,NA,NA,NA,NA,NA,NA,NA,NA,NA,NA,NA,0.00731375863341847,NA,NA,NA,NA,NA,NA,NA,NA,NA,NA,NA,NA,NA,NA,NA,NA,NA,NA
"V5LKF0",NA,NA,NA,NA,NA,NA,NA,NA,NA,NA,NA,NA,0.0151789103821902,NA,NA,NA,NA,NA,NA,NA,NA,NA,NA,NA,NA,NA,NA,NA,NA,NA,NA,NA,NA
"V9GYC1",NA,NA,NA,NA,0.00476861877842086,NA,NA,NA,NA,NA,NA,NA,NA,NA,NA,NA,NA,NA,NA,NA,NA,NA,NA,NA,NA,NA,NA,NA,NA,NA,NA,NA,NA
"V9GYE3",NA,NA,NA,NA,0.0127102028199608,NA,NA,NA,NA,NA,NA,NA,NA,NA,NA,NA,NA,NA,NA,NA,NA,NA,NA,NA,NA,NA,NA,NA,NA,NA,NA,NA,NA
"V9GYZ6",NA,NA,0.00119621984233013,NA,NA,NA,NA,NA,NA,NA,NA,NA,NA,NA,NA,NA,NA,NA,NA,NA,NA,NA,NA,NA,NA,NA,NA,NA,NA,NA,NA,NA,NA
"V9GZ17",NA,NA,NA,NA,NA,NA,NA,NA,NA,NA,NA,NA,NA,NA,NA,NA,NA,NA,NA,NA,NA,NA,NA,NA,NA,NA,0.00798101421789296,NA,NA,NA,NA,NA,NA
"V9H0B2",NA,NA,NA,NA,0.000767631200405977,NA,NA,NA,NA,NA,NA,NA,NA,NA,NA,NA,NA,NA,NA,0.00134905708034936,NA,NA,NA,NA,NA,NA,NA,NA,NA,NA,NA,NA,NA
"V9H0X6",NA,NA,NA,NA,NA,NA,NA,NA,NA,NA,NA,NA,NA,NA,NA,NA,NA,NA,NA,NA,NA,NA,NA,NA,NA,NA,NA,NA,NA,NA,0.00198782637942474,NA,NA
"V9H1D9",NA,NA,NA,NA,NA,NA,NA,NA,NA,NA,NA,NA,NA,NA,0.0553633278273221,NA,NA,NA,0.102084895297923,0.0999919487996151,NA,NA,0.05195588405125,NA,NA,NA,0.042655583051423,0.0624771436141446,NA,0.0481353623322966,0.0422071319597708,0.0620012107087964,NA
"V9HVW6",NA,NA,NA,NA,NA,NA,NA,NA,NA,NA,NA,NA,NA,NA,NA,NA,NA,0.113607935266609,NA,NA,NA,NA,NA,NA,NA,0.0188526969454575,NA,NA,NA,NA,NA,NA,NA
"V9HVY1",NA,0.0143741729306552,0.0108121199375941,0.0144280685368101,NA,NA,NA,NA,0.0154784715743543,NA,NA,NA,NA,0.005750916,NA,0.0175581839115433,NA,NA,0.0356208685955304,0.00870143100048637,NA,NA,NA,0.0149478689521205,0.0134979295230099,NA,NA,0.0257699395785651,NA,0.0127658892285376,NA,NA,0.0200221485986812
"V9HVZ4",NA,NA,NA,NA,NA,NA,NA,NA,NA,NA,NA,NA,NA,NA,NA,NA,NA,NA,NA,NA,NA,NA,NA,NA,NA,NA,NA,NA,NA,0.0106042898481125,NA,NA,NA
"V9HW34",NA,NA,NA,NA,NA,NA,NA,0.017529960540462,NA,NA,NA,0.0439036532569645,NA,NA,NA,NA,NA,NA,0.0138476063464576,NA,NA,NA,NA,NA,NA,NA,NA,NA,NA,NA,NA,NA,NA
"V9HW40",NA,NA,NA,NA,NA,NA,NA,NA,NA,NA,NA,NA,NA,0.004733253,NA,NA,NA,NA,NA,NA,NA,NA,NA,NA,NA,NA,NA,NA,NA,NA,NA,NA,NA
"V9HWF4",NA,NA,NA,NA,0.0112608859420073,NA,NA,NA,NA,NA,NA,NA,NA,NA,NA,NA,NA,NA,NA,NA,NA,NA,NA,NA,NA,NA,NA,NA,NA,NA,NA,NA,NA
"V9HWH1",NA,NA,NA,NA,NA,NA,NA,NA,NA,NA,NA,NA,NA,0.008055556,NA,NA,NA,NA,NA,NA,NA,NA,NA,NA,NA,NA,NA,NA,NA,NA,NA,NA,NA
"X5D7K9",NA,NA,NA,NA,NA,NA,NA,NA,NA,NA,NA,0.00246669791132092,NA,NA,NA,NA,NA,NA,NA,NA,NA,NA,NA,NA,NA,NA,NA,NA,NA,NA,NA,NA,NA
"X5D7P1",NA,0.0242239795078806,NA,NA,NA,NA,NA,NA,NA,NA,NA,NA,NA,NA,NA,NA,NA,NA,NA,NA,NA,NA,NA,NA,NA,NA,NA,NA,NA,NA,NA,NA,NA
"X6R3I0",NA,NA,0.00793902729562846,NA,NA,NA,NA,NA,NA,NA,NA,NA,NA,NA,NA,NA,NA,NA,NA,NA,NA,NA,NA,NA,NA,NA,NA,NA,NA,NA,NA,NA,NA
"X6R3N0",NA,NA,NA,NA,0.00386170401402746,NA,NA,0.00652130652728447,NA,NA,NA,NA,NA,0.003067485,NA,NA,NA,NA,NA,0.00452444623545096,NA,NA,NA,NA,NA,NA,NA,NA,NA,NA,NA,NA,NA
"X6RJP6",NA,NA,NA,NA,NA,NA,0.0145546829829094,NA,0.0314233000877127,NA,NA,NA,NA,NA,NA,NA,NA,NA,NA,NA,NA,NA,NA,NA,NA,NA,NA,NA,NA,NA,NA,NA,NA
